Student_ID,Marital_status,Application_mode,Application_order,Course,Daytime_evening_attendance,Previous_qualification,Previous_qualification_grade,Nacionality,Mothers_qualification,Fathers_qualification,Mothers_occupation,Fathers_occupation,Admission_grade,Displaced,Educational_special_needs,Debtor,Tuition_fees_up_to_date,Gender,Scholarship_holder,Age_at_enrollment,International,Curricular_units_1st_sem_credited,Curricular_units_1st_sem_enrolled,Curricular_units_1st_sem_evaluations,Curricular_units_1st_sem_approved,Curricular_units_1st_sem_grade,Curricular_units_1st_sem_without_evaluations,Curricular_units_2nd_sem_credited,Curricular_units_2nd_sem_enrolled,Curricular_units_2nd_sem_evaluations,Curricular_units_2nd_sem_approved,Curricular_units_2nd_sem_grade,Curricular_units_2nd_sem_without_evaluations,Unemployment_rate,Inflation_rate,GDP,Status,Risk_Level,course_name
STD260001,1,17,5,171,1,1,122.0,1,19,12,5,9,127.3,1,0,0,1,1,0,20,0,0,0,0,0,0.0,0,0,0,0,0,0.0,0,10.8,1.4,1.74,Dropout,High,Animation and Multimedia Design
STD260002,1,15,1,9254,1,1,160.0,1,1,3,3,3,142.5,1,0,0,0,1,0,19,0,0,6,6,6,14.0,0,0,6,6,6,13.666666666666666,0,13.9,-0.3,0.79,Graduate,High,Tourism
STD260003,1,1,5,9070,1,1,122.0,1,37,37,9,9,124.8,1,0,0,0,1,0,19,0,0,6,0,0,0.0,0,0,6,0,0,0.0,0,10.8,1.4,1.74,Dropout,High,Communication Design
STD260004,1,17,2,9773,1,1,122.0,1,38,37,5,3,119.6,1,0,0,1,0,0,20,0,0,6,8,6,13.428571428571429,0,0,6,10,5,12.4,0,9.4,-0.8,-3.12,Graduate,Low,Journalism and Communication
STD260005,2,39,1,8014,0,1,100.0,1,37,38,9,9,141.5,0,0,0,1,0,0,45,0,0,6,9,5,12.333333333333334,0,0,6,6,6,13.0,0,13.9,-0.3,0.79,Graduate,Low,Social Service (evening attendance)
STD260006,2,39,1,9991,0,19,133.1,1,37,37,9,7,114.8,0,0,1,1,1,0,50,0,0,5,10,5,11.857142857142858,0,0,5,17,5,11.5,5,16.2,0.3,-0.92,Graduate,Low,Management (evening attendance)
STD260007,1,1,1,9500,1,1,142.0,1,19,38,7,10,128.4,1,0,0,1,0,1,18,0,0,7,9,7,13.3,0,0,8,8,8,14.345,0,15.5,2.8,-4.06,Graduate,Low,Nursing
STD260008,1,18,4,9254,1,1,119.0,1,37,37,9,9,113.1,1,0,0,0,1,0,22,0,0,5,5,0,0.0,0,0,5,5,0,0.0,0,15.5,2.8,-4.06,Dropout,High,Tourism
STD260009,1,1,3,9238,1,1,137.0,62,1,1,9,9,129.3,0,0,0,1,0,1,21,1,0,6,8,6,13.875,0,0,6,7,6,14.142857142857142,0,16.2,0.3,-0.92,Graduate,Low,Social Service
STD260010,1,1,1,9238,1,1,138.0,1,1,19,4,7,123.0,1,0,1,0,0,0,18,0,0,6,9,5,11.4,0,0,6,14,2,13.5,0,8.9,1.4,3.51,Dropout,High,Social Service
STD260011,1,1,1,9670,1,1,139.0,1,38,19,5,7,130.6,1,0,0,1,0,0,18,0,0,6,6,6,12.333333333333334,0,0,6,7,5,14.2,0,13.9,-0.3,0.79,Graduate,Low,Advertising and Marketing Management
STD260012,1,1,1,9500,1,1,136.0,1,19,38,9,9,119.3,1,0,0,1,0,1,18,0,0,8,8,7,13.214285714285714,0,0,8,8,7,13.214285714285714,0,12.7,3.7,-1.7,Graduate,Low,Nursing
STD260013,1,1,2,9853,1,1,133.0,1,19,37,4,9,130.2,1,0,0,1,0,0,19,0,0,6,6,0,0.0,0,0,6,0,0,0.0,0,12.7,3.7,-1.7,Dropout,High,Basic Education
STD260014,1,53,1,9254,1,42,110.0,1,1,1,4,7,111.8,1,0,0,1,0,1,21,0,0,6,7,6,10.571428571428571,0,0,6,8,5,11.0,0,8.9,1.4,3.51,Graduate,Low,Tourism
STD260015,1,1,1,9085,1,1,149.0,1,38,37,5,5,137.1,1,0,0,1,0,1,18,0,0,5,7,4,13.25,0,0,5,5,5,12.0,0,10.8,1.4,1.74,Graduate,Low,Veterinary Nursing
STD260016,1,1,1,9773,1,1,127.0,1,19,37,9,3,120.7,1,0,0,1,0,0,20,0,0,6,6,5,13.2,0,0,6,7,0,0.0,0,15.5,2.8,-4.06,Dropout,Low,Journalism and Communication
STD260017,1,18,1,9238,1,1,137.0,1,19,38,5,8,137.4,1,0,0,1,0,0,18,0,0,6,10,1,12.0,0,0,6,14,2,11.0,0,10.8,1.4,1.74,Enrolled,High,Social Service
STD260018,1,17,2,9500,1,1,135.0,1,19,1,5,4,127.3,1,0,0,1,0,0,18,0,0,7,8,7,13.30625,0,0,8,8,8,14.545,0,15.5,2.8,-4.06,Graduate,Low,Nursing
STD260019,1,1,1,9130,1,1,137.0,1,3,19,3,5,136.3,1,0,0,1,0,0,20,0,0,5,8,4,12.5,1,0,5,8,4,12.25,2,10.8,1.4,1.74,Graduate,Low,Equinculture
STD260020,1,1,1,9853,1,1,140.0,1,19,19,7,7,124.6,1,0,0,1,0,0,18,0,0,7,7,6,11.666666666666666,0,0,7,8,6,13.5,0,16.2,0.3,-0.92,Enrolled,Low,Basic Education
STD260021,1,1,3,171,1,1,122.0,1,1,1,9,8,120.3,0,0,0,1,0,1,21,0,0,0,0,0,0.0,0,0,0,0,0,0.0,0,11.1,0.6,2.02,Graduate,High,Animation and Multimedia Design
STD260022,1,18,4,9556,1,1,127.0,1,1,38,4,7,121.8,1,0,0,1,0,0,20,0,0,7,14,7,11.4375,0,0,8,9,8,11.425,0,12.7,3.7,-1.7,Enrolled,Low,Oral Hygiene
STD260023,1,1,4,9500,1,1,142.0,1,19,19,1,1,125.5,1,0,0,1,0,0,18,0,0,8,12,7,12.857142857142858,0,0,8,12,7,12.857142857142858,0,12.7,3.7,-1.7,Graduate,Low,Nursing
STD260024,1,1,4,9670,1,1,125.0,1,1,38,4,7,114.9,1,0,0,1,0,1,19,0,0,6,8,6,13.375,0,0,6,7,6,12.285714285714286,0,11.1,0.6,2.02,Graduate,Low,Advertising and Marketing Management
STD260025,1,1,1,9500,1,1,126.0,1,19,19,3,7,123.9,0,0,0,1,0,0,19,0,0,7,8,6,13.296666666666669,0,0,8,9,7,14.114285714285714,0,11.1,0.6,2.02,Graduate,Low,Nursing
STD260026,1,1,1,9238,1,1,151.0,1,19,38,9,9,157.0,1,0,1,1,0,1,18,0,0,6,8,5,11.6,0,0,6,12,4,11.0,0,7.6,2.6,0.32,Enrolled,Low,Social Service
STD260027,1,17,2,9238,1,1,115.0,1,19,38,7,8,116.4,1,0,0,1,0,0,21,0,0,6,9,6,11.375,0,0,6,9,6,13.285714285714286,0,16.2,0.3,-0.92,Graduate,Low,Social Service
STD260028,1,1,1,9085,1,1,138.0,1,19,19,3,3,131.0,1,0,0,1,0,0,18,0,0,5,9,5,12.666666666666666,2,0,5,7,4,13.0,0,9.4,-0.8,-3.12,Enrolled,Low,Veterinary Nursing
STD260029,1,1,1,9147,1,1,135.0,1,19,1,9,9,122.1,1,0,0,1,0,0,20,0,0,5,6,5,12.0,0,0,5,6,5,12.333333333333334,0,16.2,0.3,-0.92,Graduate,Low,Management
STD260030,1,17,2,9500,1,1,127.0,1,3,3,1,10,118.8,1,0,0,1,1,0,19,0,0,7,9,6,12.933333333333332,0,0,7,7,6,13.716666666666669,0,16.2,0.3,-0.92,Enrolled,Low,Nursing
STD260031,1,44,1,9003,1,39,150.0,1,4,5,4,2,150.0,0,0,0,1,1,0,21,0,0,6,15,5,11.857142857142858,0,0,6,17,5,10.571428571428571,0,16.2,0.3,-0.92,Enrolled,Low,Agronomy
STD260032,1,51,1,9070,1,1,125.0,1,42,3,125,124,130.0,1,0,0,1,1,0,20,0,2,6,7,6,12.833333333333334,0,0,6,9,4,13.4,0,8.9,1.4,3.51,Graduate,Low,Communication Design
STD260033,1,1,1,9147,1,1,143.0,1,1,1,4,6,138.8,0,0,0,0,1,0,18,0,0,5,9,3,11.333333333333334,0,0,5,8,2,13.5,0,8.9,1.4,3.51,Enrolled,High,Management
STD260034,1,18,1,8014,0,1,138.0,1,19,1,9,5,134.5,1,0,0,1,0,0,19,0,0,6,6,6,12.666666666666666,0,0,6,8,6,14.375,0,12.4,0.5,1.79,Graduate,Low,Social Service (evening attendance)
STD260035,1,1,1,9991,0,1,130.0,1,2,37,3,9,131.4,0,0,0,1,1,0,34,0,0,5,6,5,12.4,0,0,5,9,5,13.428571428571429,0,13.9,-0.3,0.79,Graduate,Low,Management (evening attendance)
STD260036,1,39,1,33,1,1,130.0,1,38,37,9,6,102.5,0,0,1,0,1,0,37,0,0,7,7,0,0.0,0,0,7,7,1,10.0,0,8.9,1.4,3.51,Dropout,High,Biofuel Production Technologies
STD260037,1,39,1,9119,1,10,133.1,1,34,37,0,0,128.8,1,0,0,1,1,0,43,0,0,5,0,0,0.0,0,0,5,0,0,0.0,0,7.6,2.6,0.32,Dropout,High,Informatics Engineering
STD260038,1,43,1,9147,1,1,140.0,1,37,37,6,6,122.9,0,0,0,1,0,0,55,0,0,5,10,1,10.0,0,0,5,8,2,12.0,2,16.2,0.3,-0.92,Dropout,High,Management
STD260039,4,39,1,9991,0,1,120.0,1,19,19,9,3,113.9,1,0,0,1,0,0,39,0,0,5,8,5,11.0,0,0,5,5,5,11.6,0,7.6,2.6,0.32,Graduate,Low,Management (evening attendance)
STD260040,1,44,1,9130,1,39,120.0,6,4,4,3,6,120.0,0,0,1,0,0,0,20,1,2,6,13,3,11.666666666666666,0,1,6,11,3,12.0,0,12.4,0.5,1.79,Dropout,High,Equinculture
STD260041,1,1,5,9773,1,1,126.0,1,3,3,2,2,121.1,0,0,1,1,0,0,18,0,0,6,6,4,12.75,0,0,5,5,0,0.0,0,12.7,3.7,-1.7,Dropout,Medium,Journalism and Communication
STD260042,1,1,2,9147,1,1,133.0,1,3,19,2,7,120.4,1,0,0,1,0,0,22,0,0,5,5,5,14.8,0,0,5,5,5,15.8,0,8.9,1.4,3.51,Graduate,Low,Management
STD260043,1,1,6,9500,1,1,103.0,1,1,3,2,2,100.6,1,1,0,1,0,0,22,0,0,7,9,5,13.928,0,0,8,9,7,14.342857142857142,0,11.1,0.6,2.02,Graduate,Medium,Nursing
STD260044,1,17,1,9773,1,1,120.0,1,1,38,5,5,121.4,0,0,0,0,0,0,20,0,0,6,7,4,13.0,0,0,6,7,5,13.8,0,12.4,0.5,1.79,Dropout,High,Journalism and Communication
STD260045,1,39,1,9991,0,1,133.1,1,37,37,9,9,109.7,0,0,0,1,0,0,29,0,0,5,0,0,0.0,0,0,5,0,0,0.0,0,16.2,0.3,-0.92,Dropout,High,Management (evening attendance)
STD260046,1,17,1,9991,0,1,154.0,1,38,38,4,5,134.1,0,0,0,1,0,0,24,0,0,5,9,2,11.5,0,0,5,11,3,14.333333333333334,1,7.6,2.6,0.32,Enrolled,High,Management (evening attendance)
STD260047,1,17,2,9238,1,1,130.0,1,19,19,9,9,127.6,1,0,0,1,0,0,18,0,0,6,6,6,11.666666666666666,0,0,6,8,5,13.2,0,11.1,0.6,2.02,Graduate,Low,Social Service
STD260048,1,17,6,9500,1,1,132.0,1,37,19,7,7,132.4,1,0,0,1,0,1,22,0,0,7,8,6,13.516666666666666,0,0,8,9,7,13.771428571428572,0,11.1,0.6,2.02,Graduate,Low,Nursing
STD260049,1,44,1,8014,0,39,130.0,1,1,19,9,9,133.4,0,0,0,1,0,1,21,0,3,6,6,6,11.5,0,2,6,7,6,13.285714285714286,0,12.4,0.5,1.79,Graduate,Low,Social Service (evening attendance)
STD260050,1,1,1,9238,1,1,139.0,1,37,38,9,9,126.1,0,0,0,1,0,1,19,0,0,6,7,5,12.333333333333334,0,0,6,7,6,12.833333333333334,0,12.7,3.7,-1.7,Graduate,Low,Social Service
STD260051,1,39,1,9254,1,1,130.0,1,19,38,9,7,113.5,0,0,0,1,0,1,24,0,0,6,6,6,13.666666666666666,0,0,6,6,6,14.166666666666666,0,12.4,0.5,1.79,Graduate,Low,Tourism
STD260052,1,1,1,9500,1,1,139.0,1,37,38,6,6,121.3,1,0,0,1,0,1,19,0,0,8,10,6,11.833333333333334,0,0,8,10,6,11.833333333333334,0,9.4,-0.8,-3.12,Enrolled,Low,Nursing
STD260053,1,1,1,9773,1,1,127.0,1,1,19,7,7,121.8,1,0,0,1,0,1,20,0,0,6,11,4,14.0,0,0,6,12,3,11.0,0,9.4,-0.8,-3.12,Enrolled,Medium,Journalism and Communication
STD260054,1,1,3,9130,1,1,167.0,1,37,37,90,90,159.3,0,0,0,1,0,0,19,0,0,5,7,5,14.714285714285714,0,0,5,5,5,15.8,0,7.6,2.6,0.32,Graduate,Low,Equinculture
STD260055,1,39,1,9991,0,1,130.0,1,38,38,9,9,120.0,0,0,0,1,0,0,27,0,0,5,12,5,10.6,0,0,5,10,5,11.0,0,9.4,-0.8,-3.12,Dropout,Low,Management (evening attendance)
STD260056,1,1,1,9500,1,1,130.0,1,1,19,5,5,129.1,1,0,0,1,0,0,18,0,0,7,9,7,13.044444444444444,0,0,8,10,8,13.595,0,15.5,2.8,-4.06,Graduate,Low,Nursing
STD260057,2,7,1,9254,1,3,130.0,1,1,3,4,3,130.0,0,0,0,1,0,0,39,0,0,6,10,0,0.0,0,0,6,6,0,0.0,0,12.4,0.5,1.79,Dropout,High,Tourism
STD260058,1,39,1,9130,1,40,129.0,1,3,3,2,2,155.3,1,0,0,1,0,0,27,0,0,6,9,5,13.0,0,5,11,13,10,12.9,0,12.4,0.5,1.79,Dropout,Low,Equinculture
STD260059,1,17,1,9500,1,1,141.0,1,38,38,7,10,139.8,1,0,0,1,0,0,18,0,0,8,8,8,14.935,0,0,8,8,8,14.935,0,9.4,-0.8,-3.12,Graduate,Low,Nursing
STD260060,1,1,3,171,1,1,125.0,1,38,37,4,9,115.2,1,0,0,1,0,0,18,0,0,0,0,0,0.0,0,0,0,0,0,0.0,0,7.6,2.6,0.32,Enrolled,High,Animation and Multimedia Design
STD260061,1,1,2,9500,1,1,125.0,1,19,19,9,9,114.9,0,0,0,1,0,0,18,0,0,7,8,6,13.133333333333333,0,0,8,12,7,12.221428571428572,0,16.2,0.3,-0.92,Graduate,Low,Nursing
STD260062,1,44,1,9238,1,39,130.0,1,19,1,9,9,131.9,0,0,0,1,0,1,21,0,3,6,7,6,12.0,0,2,6,7,6,12.0,0,13.9,-0.3,0.79,Graduate,Low,Social Service
STD260063,1,17,3,171,1,1,133.0,1,1,37,4,7,126.0,1,0,0,1,1,1,19,0,0,0,0,0,0.0,0,0,0,0,0,0.0,0,10.8,1.4,1.74,Enrolled,High,Animation and Multimedia Design
STD260064,1,17,1,9070,1,1,127.0,1,1,1,3,4,130.2,1,0,0,1,1,0,19,0,0,6,6,5,11.4,0,0,6,8,1,10.0,0,10.8,1.4,1.74,Enrolled,Low,Communication Design
STD260065,1,43,1,9070,1,1,116.0,1,1,1,3,3,120.9,0,0,0,1,1,0,24,0,0,6,6,0,0.0,0,0,6,6,0,0.0,0,12.7,3.7,-1.7,Enrolled,High,Communication Design
STD260066,4,42,1,9500,1,19,133.1,1,1,1,5,5,126.0,1,0,0,1,1,0,29,0,2,7,10,5,11.9,0,1,8,10,5,11.0,0,13.9,-0.3,0.79,Dropout,Medium,Nursing
STD260067,1,1,3,171,1,1,139.0,1,19,19,5,3,128.2,1,0,0,1,1,1,19,0,0,0,0,0,0.0,0,0,0,0,0,0.0,0,10.8,1.4,1.74,Graduate,High,Animation and Multimedia Design
STD260068,1,44,1,9003,1,39,130.0,1,19,37,9,9,130.0,1,0,0,1,1,0,23,0,0,6,8,6,12.571428571428571,0,0,6,7,6,12.428571428571429,0,8.9,1.4,3.51,Graduate,Low,Agronomy
STD260069,1,1,3,9147,1,1,125.0,1,1,38,7,7,120.1,0,0,1,1,1,0,19,0,0,5,8,5,11.2,0,0,5,10,4,10.75,3,16.2,0.3,-0.92,Dropout,Low,Management
STD260070,1,39,1,9254,1,1,160.0,1,19,37,7,10,100.0,0,0,0,1,1,0,26,0,0,6,7,6,12.0,0,0,6,8,5,10.8,0,12.7,3.7,-1.7,Enrolled,Low,Tourism
STD260071,1,17,1,9147,1,1,148.0,1,38,37,5,5,134.0,0,0,0,1,1,0,18,0,0,5,9,0,0.0,0,0,5,5,0,0.0,0,7.6,2.6,0.32,Enrolled,High,Management
STD260072,1,17,1,9500,1,1,150.0,1,37,19,8,4,130.8,0,0,0,1,1,0,24,0,0,7,8,7,11.975,0,0,8,8,8,13.75,0,13.9,-0.3,0.79,Graduate,Low,Nursing
STD260073,1,1,1,171,1,1,141.0,1,19,19,5,10,135.8,1,0,0,1,1,0,19,0,0,0,0,0,0.0,0,0,0,0,0,0.0,0,15.5,2.8,-4.06,Dropout,High,Animation and Multimedia Design
STD260074,1,17,4,9254,1,1,118.0,1,38,37,5,7,111.7,1,0,0,1,1,0,18,0,0,6,12,3,11.666666666666666,0,0,6,12,1,12.0,0,12.4,0.5,1.79,Dropout,Medium,Tourism
STD260075,1,1,2,9773,1,1,142.0,1,38,38,9,9,132.9,1,0,0,1,1,0,18,0,0,6,8,6,12.333333333333334,0,0,6,11,3,12.333333333333334,0,10.8,1.4,1.74,Graduate,Low,Journalism and Communication
STD260076,1,17,3,9147,1,1,120.0,1,19,19,4,7,115.5,1,0,1,1,1,0,18,0,0,5,8,3,10.333333333333334,0,0,5,11,3,10.857142857142858,0,10.8,1.4,1.74,Dropout,Medium,Management
STD260077,1,18,4,9254,1,1,106.0,1,19,37,7,7,106.0,1,0,0,1,1,1,21,0,0,6,8,4,10.5,0,0,6,11,1,11.0,0,9.4,-0.8,-3.12,Dropout,Medium,Tourism
STD260078,1,17,4,9773,1,1,121.0,1,1,19,9,8,120.3,1,0,1,1,1,1,19,0,0,6,6,6,13.666666666666666,0,0,6,6,6,13.333333333333334,0,8.9,1.4,3.51,Graduate,Low,Journalism and Communication
STD260079,1,17,4,9500,1,1,150.0,1,38,37,9,9,130.8,0,0,0,1,1,1,22,0,0,7,7,7,14.842857142857142,0,0,8,9,8,15.055555555555555,0,16.2,0.3,-0.92,Graduate,Low,Nursing
STD260080,2,39,1,8014,0,1,120.0,1,37,37,9,6,117.0,0,0,0,1,1,0,33,0,0,6,8,6,12.0,0,0,6,6,6,11.666666666666666,0,10.8,1.4,1.74,Graduate,Low,Social Service (evening attendance)
STD260081,1,1,6,9853,1,1,114.0,1,19,19,9,9,110.2,1,0,0,1,1,0,20,0,0,6,8,5,12.2,0,0,6,7,5,12.2,0,10.8,1.4,1.74,Dropout,Low,Basic Education
STD260082,1,39,1,9991,0,2,140.0,1,3,3,2,2,155.7,1,0,0,1,1,0,35,0,0,1,1,0,0.0,1,0,5,0,0,0.0,0,10.8,1.4,1.74,Dropout,High,Management (evening attendance)
STD260083,1,39,1,9003,1,4,160.0,1,3,3,4,2,180.4,0,0,1,1,1,0,24,0,6,12,17,6,12.166666666666666,0,7,12,14,10,13.3,0,12.4,0.5,1.79,Dropout,Medium,Agronomy
STD260084,1,17,1,9254,1,1,120.0,1,19,19,4,4,125.5,0,0,0,1,1,0,18,0,0,5,6,5,12.0,0,0,5,8,3,11.333333333333334,0,12.7,3.7,-1.7,Enrolled,Low,Tourism
STD260085,2,39,1,8014,0,1,130.0,1,37,37,9,6,110.0,1,0,0,1,0,0,33,0,0,6,7,6,11.0,0,0,6,11,5,11.0,0,9.4,-0.8,-3.12,Graduate,Low,Social Service (evening attendance)
STD260086,1,42,1,9500,1,1,160.0,1,37,38,9,7,161.0,1,0,0,1,0,1,22,0,0,8,8,7,13.08,0,0,8,8,7,13.08,0,10.8,1.4,1.74,Graduate,Low,Nursing
STD260087,1,39,1,9670,1,1,120.0,1,1,19,4,5,100.0,0,0,0,1,0,1,25,0,0,5,7,4,10.5,0,0,5,7,5,11.6,0,9.4,-0.8,-3.12,Graduate,Low,Advertising and Marketing Management
STD260088,1,17,1,9070,1,1,124.0,1,19,38,4,0,117.6,1,0,0,1,1,0,20,0,0,6,9,6,10.666666666666666,1,0,6,6,5,11.2,0,7.6,2.6,0.32,Graduate,Low,Communication Design
STD260089,1,1,6,9147,1,1,143.0,1,38,37,9,9,128.7,1,0,0,1,1,0,23,0,0,5,6,4,14.0,0,0,5,5,5,13.8,0,11.1,0.6,2.02,Enrolled,Low,Management
STD260090,1,43,2,9119,1,1,115.0,1,38,19,9,6,112.2,1,0,1,1,1,0,18,0,0,5,9,2,10.0,0,0,5,9,0,0.0,0,15.5,2.8,-4.06,Enrolled,High,Informatics Engineering
STD260091,1,39,1,9500,1,1,133.1,1,1,1,4,10,100.8,0,0,0,1,1,0,24,0,0,7,18,0,0.0,0,0,7,7,0,0.0,0,13.9,-0.3,0.79,Dropout,High,Nursing
STD260092,1,17,2,9773,1,1,133.1,41,19,1,9,9,105.0,1,0,0,0,0,0,21,1,0,6,6,6,14.0,0,0,6,6,6,13.5,0,8.9,1.4,3.51,Graduate,High,Journalism and Communication
STD260093,1,15,1,9130,1,1,133.1,41,1,1,4,4,100.0,0,0,0,1,0,0,26,1,0,6,7,2,12.0,1,0,6,6,0,0.0,0,8.9,1.4,3.51,Dropout,High,Equinculture
STD260094,2,39,1,9853,1,10,133.1,1,37,34,0,0,115.5,0,0,0,1,0,0,39,0,0,6,12,3,12.666666666666666,0,0,6,14,0,0.0,1,7.6,2.6,0.32,Dropout,Medium,Basic Education
STD260095,2,39,1,8014,0,1,133.1,1,37,19,9,9,114.0,0,0,0,1,0,0,44,0,2,8,11,8,11.875,0,0,6,7,6,12.333333333333334,0,12.7,3.7,-1.7,Graduate,Low,Social Service (evening attendance)
STD260096,1,15,1,9119,1,1,130.0,26,38,3,9,2,137.0,1,0,0,1,1,0,19,1,0,5,9,5,14.0,0,0,5,11,3,13.25,0,13.9,-0.3,0.79,Enrolled,Low,Informatics Engineering
STD260097,1,1,5,9773,1,1,135.0,1,37,1,5,5,124.9,1,0,0,1,0,0,18,0,0,6,6,6,13.666666666666666,0,0,6,6,6,13.333333333333334,0,8.9,1.4,3.51,Graduate,Low,Journalism and Communication
STD260098,1,1,5,9500,1,1,132.0,1,37,37,7,7,120.3,1,0,0,1,0,1,18,0,0,7,7,7,13.75,0,0,8,9,8,14.47777777777778,0,12.4,0.5,1.79,Graduate,Low,Nursing
STD260099,1,1,1,9085,1,1,135.0,1,1,2,9,1,134.3,1,0,0,1,0,0,19,0,0,5,7,5,14.2,2,0,5,7,5,13.8,0,12.7,3.7,-1.7,Enrolled,Low,Veterinary Nursing
STD260100,1,1,4,9500,1,1,115.0,1,3,3,2,2,111.5,1,0,1,0,0,0,19,0,0,7,10,4,11.96,0,0,7,7,0,0.0,0,13.9,-0.3,0.79,Dropout,High,Nursing
STD260101,1,53,1,9085,1,42,130.0,1,38,38,9,9,128.8,0,0,0,1,0,0,21,0,7,10,12,8,12.875,0,4,9,14,5,13.4,0,8.9,1.4,3.51,Dropout,Low,Veterinary Nursing
STD260102,1,1,4,171,1,1,133.1,1,1,1,9,10,110.0,1,0,0,1,0,0,20,0,0,0,0,0,0.0,0,0,0,0,0,0.0,0,16.2,0.3,-0.92,Graduate,High,Animation and Multimedia Design
STD260103,2,39,1,8014,0,1,130.0,1,37,37,6,5,113.5,1,0,0,1,0,0,36,0,0,6,0,0,0.0,0,0,6,0,0,0.0,0,9.4,-0.8,-3.12,Dropout,High,Social Service (evening attendance)
STD260104,4,39,1,9003,1,12,133.1,1,37,37,9,6,160.0,0,0,0,1,0,0,43,0,13,18,19,18,14.63157894736842,0,10,13,14,13,14.23076923076923,1,15.5,2.8,-4.06,Graduate,Low,Agronomy
STD260105,1,18,1,9853,1,1,123.0,1,19,19,9,7,117.4,1,0,0,1,0,0,19,0,0,6,0,0,0.0,0,0,6,0,0,0.0,0,11.1,0.6,2.02,Dropout,High,Basic Education
STD260106,1,51,1,9070,1,1,130.0,1,3,1,2,8,122.2,0,0,1,1,0,0,20,0,4,10,12,10,13.0,0,5,11,11,11,12.272727272727272,0,11.1,0.6,2.02,Graduate,Low,Communication Design
STD260107,1,1,2,9238,1,1,122.0,1,37,38,4,7,118.2,1,0,0,1,0,0,19,0,0,6,0,0,0.0,0,0,6,0,0,0.0,0,16.2,0.3,-0.92,Dropout,High,Social Service
STD260108,1,1,1,9085,1,1,113.0,1,1,1,4,4,106.7,1,0,0,1,0,0,20,0,0,6,15,4,14.2,0,0,6,17,4,13.25,0,15.5,2.8,-4.06,Dropout,Medium,Veterinary Nursing
STD260109,1,1,5,9500,1,1,111.0,1,3,4,4,3,108.2,1,0,0,1,0,0,20,0,2,7,9,6,13.266666666666666,0,0,7,10,5,12.3,0,12.4,0.5,1.79,Dropout,Low,Nursing
STD260110,1,17,2,9853,1,1,133.1,1,19,1,9,3,107.0,1,0,0,1,0,0,20,0,0,7,12,6,11.666666666666666,0,0,7,10,3,13.0,0,16.2,0.3,-0.92,Enrolled,Low,Basic Education
STD260111,1,1,1,9238,1,1,142.0,1,37,37,6,7,136.1,1,0,0,1,0,0,18,0,0,6,8,6,13.857142857142858,0,0,6,6,6,15.0,0,13.9,-0.3,0.79,Graduate,Low,Social Service
STD260112,1,17,2,9147,1,1,123.0,1,1,38,4,7,115.3,1,0,0,1,0,1,18,0,0,5,9,3,13.0,0,0,5,11,3,11.0,0,8.9,1.4,3.51,Enrolled,Medium,Management
STD260113,1,1,1,9085,1,1,131.0,1,19,19,9,9,139.8,1,0,0,1,0,0,19,0,0,5,6,5,13.4,0,0,5,5,5,12.8,0,10.8,1.4,1.74,Graduate,Low,Veterinary Nursing
STD260114,1,1,3,9773,1,1,158.0,1,1,38,4,7,157.0,1,0,0,1,0,0,18,0,0,6,6,6,12.666666666666666,0,0,6,7,6,12.571428571428571,0,10.8,1.4,1.74,Graduate,Low,Journalism and Communication
STD260115,1,17,2,9500,1,1,122.0,1,37,37,9,9,131.0,1,0,0,1,0,0,18,0,0,7,7,6,12.516666666666666,1,0,7,7,6,12.516666666666666,1,7.6,2.6,0.32,Dropout,Low,Nursing
STD260116,1,43,1,9500,1,1,130.0,1,38,38,9,5,100.0,0,0,0,1,0,0,20,0,0,7,11,6,11.616666666666667,0,0,7,7,7,13.0,0,13.9,-0.3,0.79,Enrolled,Low,Nursing
STD260117,1,17,1,9238,1,1,154.0,1,19,37,9,7,140.4,1,0,0,1,0,1,20,0,0,6,13,2,10.0,0,0,6,12,4,10.75,0,7.6,2.6,0.32,Enrolled,High,Social Service
STD260118,1,17,1,9147,1,1,120.0,1,19,19,3,3,113.4,0,0,0,1,0,0,20,0,0,5,11,3,10.333333333333334,0,0,5,10,3,10.666666666666666,0,12.4,0.5,1.79,Enrolled,Medium,Management
STD260119,1,1,2,9085,1,1,140.0,1,37,38,9,7,137.0,0,0,0,1,0,0,18,0,0,5,12,5,13.142857142857142,2,0,5,6,5,11.4,0,9.4,-0.8,-3.12,Graduate,Low,Veterinary Nursing
STD260120,1,1,1,9147,1,1,127.0,1,2,19,4,5,121.8,0,0,0,1,0,0,18,0,0,5,5,5,12.6,0,0,5,5,5,14.0,0,11.1,0.6,2.02,Graduate,Low,Management
STD260121,1,17,1,9254,1,1,133.1,1,1,1,4,5,131.0,1,0,0,1,0,0,21,0,0,6,12,3,11.0,0,0,6,12,2,11.0,0,9.4,-0.8,-3.12,Dropout,Medium,Tourism
STD260122,1,1,2,9147,1,1,120.0,1,19,19,9,7,118.6,1,0,0,1,0,0,19,0,0,5,8,5,10.8,0,0,5,9,4,11.25,2,16.2,0.3,-0.92,Graduate,Low,Management
STD260123,1,1,1,171,1,1,137.0,1,3,19,2,9,122.3,0,0,0,1,0,0,19,0,0,0,0,0,0.0,0,0,0,0,0,0.0,0,10.8,1.4,1.74,Dropout,High,Animation and Multimedia Design
STD260124,1,1,1,9670,1,1,131.0,1,38,38,9,9,127.9,0,0,0,1,0,1,19,0,0,5,5,5,12.8,0,0,5,5,5,14.2,0,9.4,-0.8,-3.12,Graduate,Low,Advertising and Marketing Management
STD260125,1,1,1,9085,1,1,130.0,1,19,38,4,7,121.3,1,0,0,1,0,0,19,0,0,6,15,6,14.166666666666666,0,0,6,13,6,12.2,0,15.5,2.8,-4.06,Graduate,Low,Veterinary Nursing
STD260126,1,17,6,9556,1,1,122.0,1,1,1,4,5,117.1,1,0,0,1,0,0,19,0,0,7,12,5,12.1,0,0,7,0,0,0.0,0,13.9,-0.3,0.79,Dropout,Medium,Oral Hygiene
STD260127,1,44,1,9085,1,39,160.0,1,37,37,9,9,160.0,1,0,0,1,0,0,20,0,1,6,7,6,14.166666666666666,0,1,6,17,5,13.77777777777778,0,12.4,0.5,1.79,Graduate,Low,Veterinary Nursing
STD260128,1,1,1,9853,1,1,146.0,1,19,38,9,3,145.3,1,0,0,1,0,1,18,0,0,6,8,5,12.8,0,0,6,7,5,13.4,0,9.4,-0.8,-3.12,Enrolled,Low,Basic Education
STD260129,1,17,3,9238,1,1,131.0,1,1,39,5,3,122.6,1,0,0,1,0,0,18,0,0,6,7,6,13.0,0,0,6,6,6,13.666666666666666,0,12.4,0.5,1.79,Graduate,Low,Social Service
STD260130,1,17,6,9500,1,1,132.0,1,1,37,8,9,128.0,1,0,0,1,0,0,19,0,0,7,7,7,13.467142857142855,0,0,8,9,8,15.011111111111113,0,12.4,0.5,1.79,Graduate,Low,Nursing
STD260131,1,1,3,9500,1,1,138.0,1,19,19,5,8,124.9,1,0,0,1,0,1,18,0,0,7,9,7,13.2375,0,0,8,9,7,13.742857142857144,0,13.9,-0.3,0.79,Dropout,Low,Nursing
STD260132,1,17,2,9070,1,1,130.0,1,37,37,9,9,123.7,1,0,0,1,0,0,18,0,0,6,6,6,12.333333333333334,0,0,6,6,6,13.0,0,7.6,2.6,0.32,Graduate,Low,Communication Design
STD260133,1,1,4,9147,1,1,126.0,1,1,19,4,8,120.1,1,0,0,1,0,0,19,0,0,5,7,5,12.4,0,0,5,5,5,14.6,0,8.9,1.4,3.51,Graduate,Low,Management
STD260134,1,17,6,9500,1,1,148.0,1,1,19,3,3,131.7,1,0,0,1,0,0,19,0,0,7,8,5,14.0,0,0,7,7,0,0.0,0,13.9,-0.3,0.79,Dropout,Medium,Nursing
STD260135,1,43,1,9238,1,1,130.0,1,38,37,9,7,133.2,0,0,0,1,0,0,20,0,5,9,15,9,11.666666666666666,0,2,7,8,7,11.714285714285714,0,7.6,2.6,0.32,Graduate,Low,Social Service
STD260136,1,1,1,9670,1,1,117.0,1,1,38,3,9,109.3,0,0,1,0,0,1,19,0,0,6,7,5,12.0,0,0,6,9,4,12.5,0,12.4,0.5,1.79,Dropout,High,Advertising and Marketing Management
STD260137,1,17,1,9670,1,1,120.0,1,19,19,5,5,113.0,1,0,0,1,0,0,20,0,0,5,7,4,12.2,0,0,5,5,4,11.5,0,7.6,2.6,0.32,Graduate,Low,Advertising and Marketing Management
STD260138,1,1,1,9773,1,1,153.0,1,1,1,141,175,157.9,0,0,1,1,0,1,18,0,0,6,6,6,14.833333333333334,0,0,6,6,6,14.833333333333334,0,8.9,1.4,3.51,Graduate,Low,Journalism and Communication
STD260139,1,1,2,9500,1,1,117.0,1,19,1,4,7,112.1,0,0,0,1,0,1,20,0,0,7,9,5,13.188,0,0,8,9,7,12.892857142857142,0,11.1,0.6,2.02,Enrolled,Medium,Nursing
STD260140,1,18,1,9500,1,1,178.0,1,19,1,4,8,174.7,0,0,0,1,0,0,18,0,0,7,8,7,17.125,0,0,8,8,8,17.5875,0,13.9,-0.3,0.79,Graduate,Low,Nursing
STD260141,1,1,5,9500,1,1,129.0,1,37,37,9,9,128.8,1,0,0,1,0,0,19,0,0,7,7,6,12.666666666666666,0,0,7,7,6,12.666666666666666,0,7.6,2.6,0.32,Graduate,Low,Nursing
STD260142,1,1,6,9773,1,1,116.0,1,19,1,4,4,110.1,1,0,0,1,0,1,19,0,0,6,8,6,12.666666666666666,0,0,6,10,5,12.0,0,12.4,0.5,1.79,Graduate,Low,Journalism and Communication
STD260143,1,51,1,9147,1,1,99.0,1,3,1,3,3,99.7,1,0,1,0,0,0,22,0,0,5,8,0,0.0,0,0,5,7,0,0.0,0,8.9,1.4,3.51,Enrolled,High,Management
STD260144,1,1,3,9238,1,1,135.0,1,1,12,9,10,121.0,1,0,0,1,0,1,19,0,0,6,7,6,11.333333333333334,0,0,6,6,6,11.5,0,12.4,0.5,1.79,Graduate,Low,Social Service
STD260145,1,1,3,9500,1,1,141.0,1,19,19,9,7,131.7,1,0,0,1,0,1,19,0,0,7,10,7,13.605,0,0,8,11,8,12.33125,0,15.5,2.8,-4.06,Graduate,Low,Nursing
STD260146,1,17,5,9853,1,1,132.0,1,37,38,5,6,119.1,1,0,0,1,0,1,19,0,0,6,10,5,12.0,0,0,6,9,5,10.8,0,9.4,-0.8,-3.12,Graduate,Low,Basic Education
STD260147,1,1,4,9254,1,1,132.0,1,12,19,9,9,124.7,1,0,0,1,0,0,19,0,0,5,10,0,0.0,0,0,5,10,0,0.0,0,7.6,2.6,0.32,Dropout,High,Tourism
STD260148,1,17,1,9254,1,1,113.0,1,1,37,9,10,117.2,1,0,0,1,0,0,20,0,0,6,8,5,11.2,0,0,6,12,3,11.666666666666666,0,7.6,2.6,0.32,Dropout,Low,Tourism
STD260149,1,1,1,9147,1,1,134.0,1,3,19,2,10,128.8,0,0,0,1,0,0,18,0,0,5,10,5,13.375,0,0,5,9,5,14.166666666666666,0,13.9,-0.3,0.79,Graduate,Low,Management
STD260150,1,1,1,9500,1,1,136.0,1,1,19,9,9,131.5,0,0,0,1,0,1,20,0,0,7,8,6,13.863333333333337,0,0,8,9,7,14.178571428571429,0,11.1,0.6,2.02,Graduate,Low,Nursing
STD260151,1,1,1,171,1,1,136.0,1,3,37,2,8,121.7,1,0,0,1,0,0,18,0,0,0,0,0,0.0,0,0,0,0,0,0.0,0,9.4,-0.8,-3.12,Enrolled,High,Animation and Multimedia Design
STD260152,1,1,1,9085,1,1,129.0,1,1,38,4,7,123.4,0,0,0,1,0,0,19,0,0,5,6,5,12.4,0,0,5,6,5,13.4,0,7.6,2.6,0.32,Graduate,Low,Veterinary Nursing
STD260153,1,17,1,9853,1,1,138.0,1,38,38,7,6,124.7,1,0,0,1,0,0,18,0,0,6,11,3,12.333333333333334,0,0,6,10,5,10.833333333333334,0,9.4,-0.8,-3.12,Enrolled,Medium,Basic Education
STD260154,1,1,1,9853,1,1,137.0,1,37,37,9,9,132.8,1,0,0,1,0,0,18,0,0,6,7,6,13.333333333333334,0,0,6,8,5,11.8,0,7.6,2.6,0.32,Graduate,Low,Basic Education
STD260155,1,43,1,9853,1,1,115.0,1,3,37,2,5,108.7,1,0,0,1,0,0,21,0,0,6,10,3,12.666666666666666,0,0,6,12,3,10.0,0,9.4,-0.8,-3.12,Dropout,Medium,Basic Education
STD260156,1,1,1,9853,1,1,129.0,1,38,37,6,6,138.1,0,0,0,1,0,0,19,0,0,6,8,6,12.0,0,0,6,10,4,11.5,0,7.6,2.6,0.32,Dropout,Low,Basic Education
STD260157,1,1,1,9147,1,1,131.0,1,38,38,9,9,126.5,0,0,0,1,0,1,18,0,0,5,5,5,10.6,0,0,5,5,5,11.8,0,12.4,0.5,1.79,Graduate,Low,Management
STD260158,1,17,2,9238,1,1,133.0,1,1,37,7,9,127.4,1,0,0,1,0,1,18,0,0,6,8,6,12.25,0,0,6,7,6,11.857142857142858,0,12.7,3.7,-1.7,Graduate,Low,Social Service
STD260159,1,1,3,9238,1,1,125.0,1,19,1,9,10,123.6,1,0,0,1,0,0,20,0,0,6,10,4,11.0,0,0,6,9,6,11.833333333333334,0,9.4,-0.8,-3.12,Graduate,Medium,Social Service
STD260160,1,39,1,8014,0,1,120.0,1,1,19,6,8,122.0,0,0,0,1,0,1,24,0,0,6,11,5,11.0,0,0,6,9,5,12.6,0,11.1,0.6,2.02,Graduate,Low,Social Service (evening attendance)
STD260161,1,1,1,9670,1,1,128.0,1,19,1,4,1,118.2,0,0,0,1,0,0,19,0,0,6,6,6,13.166666666666666,0,0,6,9,6,13.0,0,10.8,1.4,1.74,Dropout,Low,Advertising and Marketing Management
STD260162,1,1,1,9500,1,1,127.0,1,19,37,9,7,123.9,1,0,0,1,0,1,18,0,0,7,9,7,12.855555555555554,0,0,8,12,7,12.761111111111113,0,15.5,2.8,-4.06,Graduate,Low,Nursing
STD260163,1,1,2,9500,1,1,134.0,1,19,19,9,9,125.8,1,0,0,1,0,0,18,0,0,7,8,7,14.91875,0,0,8,8,8,15.355,0,15.5,2.8,-4.06,Graduate,Low,Nursing
STD260164,1,17,5,9853,1,1,132.0,1,12,12,4,4,123.3,1,0,0,1,0,0,21,0,0,6,13,4,11.5,0,0,6,10,3,11.0,0,10.8,1.4,1.74,Dropout,Medium,Basic Education
STD260165,1,17,2,9670,1,1,124.0,1,1,19,5,4,124.4,0,0,0,1,0,0,19,0,0,5,5,5,14.2,0,0,5,5,5,14.2,0,7.6,2.6,0.32,Graduate,Low,Advertising and Marketing Management
STD260166,1,17,1,9773,1,1,133.1,1,19,37,7,7,126.0,0,0,0,1,0,1,19,0,0,6,6,6,12.5,0,0,6,7,6,13.0,0,15.5,2.8,-4.06,Graduate,Low,Journalism and Communication
STD260167,3,39,1,9003,1,1,170.0,1,1,37,6,6,170.0,0,0,1,1,0,0,47,0,0,1,1,0,0.0,0,0,6,0,0,0.0,0,8.9,1.4,3.51,Enrolled,High,Agronomy
STD260168,1,17,3,9238,1,1,125.0,1,19,19,7,8,121.5,0,0,0,1,0,0,19,0,0,6,10,5,11.666666666666666,0,0,6,12,4,11.0,0,13.9,-0.3,0.79,Graduate,Low,Social Service
STD260169,1,39,1,9500,1,3,130.0,1,2,2,1,1,130.0,0,0,0,1,0,0,29,0,1,8,8,7,14.257142857142856,0,1,8,8,7,14.257142857142856,0,12.7,3.7,-1.7,Graduate,Low,Nursing
STD260170,1,43,1,9238,1,1,125.0,1,19,19,4,8,117.0,1,0,0,1,0,0,21,0,0,6,13,3,12.0,0,0,6,12,2,11.333333333333334,0,16.2,0.3,-0.92,Dropout,Medium,Social Service
STD260171,1,39,1,9085,1,1,130.0,1,37,19,9,7,130.0,1,0,0,1,0,0,28,0,0,5,13,4,11.25,1,0,5,11,4,10.5,0,12.7,3.7,-1.7,Enrolled,Low,Veterinary Nursing
STD260172,1,17,2,9556,1,1,133.1,1,37,37,3,10,108.0,0,0,0,1,0,0,20,0,0,7,8,7,12.457142857142856,0,0,8,8,8,13.5625,0,15.5,2.8,-4.06,Graduate,Low,Oral Hygiene
STD260173,1,17,1,9500,1,1,131.0,1,2,38,4,5,132.3,1,0,0,1,0,0,19,0,0,7,7,6,11.683333333333332,0,0,7,7,6,11.683333333333332,0,7.6,2.6,0.32,Graduate,Low,Nursing
STD260174,1,42,1,8014,0,1,150.0,1,19,2,4,6,148.0,0,0,0,1,0,0,26,0,0,6,10,3,11.666666666666666,0,0,6,8,5,12.0,0,9.4,-0.8,-3.12,Graduate,Medium,Social Service (evening attendance)
STD260175,1,17,2,9254,1,1,125.0,1,37,37,9,8,122.6,1,0,1,0,0,0,20,0,0,6,8,4,11.75,0,0,6,6,6,13.166666666666666,0,11.1,0.6,2.02,Dropout,High,Tourism
STD260176,1,1,1,9670,1,1,131.0,1,37,37,9,9,123.0,1,0,0,1,0,1,18,0,0,5,6,3,11.666666666666666,0,0,5,6,4,13.5,0,7.6,2.6,0.32,Enrolled,Medium,Advertising and Marketing Management
STD260177,1,39,1,9853,1,1,130.0,1,37,19,9,5,102.5,0,0,0,1,0,0,27,0,0,6,9,5,13.2,0,0,6,10,5,12.0,0,7.6,2.6,0.32,Graduate,Low,Basic Education
STD260178,1,1,2,9500,1,1,123.0,1,34,34,90,90,113.3,1,0,0,1,0,0,20,0,0,7,8,4,11.95,0,0,7,8,4,11.95,0,7.6,2.6,0.32,Dropout,Medium,Nursing
STD260179,1,1,5,9853,1,1,141.0,1,37,19,9,5,133.0,1,0,0,1,0,0,18,0,0,6,8,5,12.4,0,0,6,12,5,10.4,0,9.4,-0.8,-3.12,Dropout,Low,Basic Education
STD260180,1,7,1,9500,1,3,140.0,1,1,1,9,5,140.0,0,0,0,1,0,0,33,0,2,7,8,6,14.35,0,3,8,10,6,14.583333333333334,0,16.2,0.3,-0.92,Dropout,Low,Nursing
STD260181,1,43,1,9853,1,1,140.0,1,3,1,3,3,128.3,1,0,0,1,0,0,35,0,19,21,21,21,12.61904761904762,0,13,19,19,19,12.789473684210526,0,12.4,0.5,1.79,Graduate,Low,Basic Education
STD260182,1,44,1,9991,0,39,140.0,1,37,19,9,8,140.0,0,0,0,1,0,1,26,0,2,6,7,6,12.666666666666666,0,2,6,7,6,13.166666666666666,1,9.4,-0.8,-3.12,Enrolled,Low,Management (evening attendance)
STD260183,1,39,1,9773,1,19,133.1,1,19,19,3,4,104.0,0,0,1,0,0,0,27,0,0,6,6,5,12.0,0,0,6,6,0,0.0,0,11.1,0.6,2.02,Dropout,High,Journalism and Communication
STD260184,1,18,3,9070,1,1,131.0,1,1,37,5,5,122.3,1,0,0,0,0,0,19,0,0,6,6,6,12.166666666666666,0,0,6,6,0,0.0,0,15.5,2.8,-4.06,Dropout,High,Communication Design
STD260185,1,17,2,9254,1,1,143.0,1,1,19,4,6,135.0,0,0,0,1,0,0,20,0,0,6,0,0,0.0,0,0,6,0,0,0.0,0,11.1,0.6,2.02,Dropout,High,Tourism
STD260186,1,18,2,9147,1,1,132.0,1,3,3,5,7,119.1,1,0,1,0,0,0,20,0,0,5,9,3,10.0,0,0,5,9,3,10.571428571428571,0,10.8,1.4,1.74,Dropout,High,Management
STD260187,1,43,1,9238,1,1,143.0,1,1,37,5,9,126.6,0,0,1,0,0,0,21,0,5,10,18,8,11.5,0,0,6,12,4,10.0,0,9.4,-0.8,-3.12,Enrolled,High,Social Service
STD260188,1,17,3,9500,1,1,141.0,1,38,1,9,4,129.0,1,0,0,1,0,1,18,0,0,7,7,6,13.05,0,0,7,7,6,13.05,0,7.6,2.6,0.32,Graduate,Low,Nursing
STD260189,1,39,1,9085,1,1,133.1,1,1,19,9,9,162.3,1,0,0,1,0,0,24,0,0,6,10,2,11.0,0,0,6,6,0,0.0,0,8.9,1.4,3.51,Dropout,High,Veterinary Nursing
STD260190,1,17,4,9070,1,1,148.0,1,1,3,4,1,163.4,1,0,0,1,0,0,20,0,0,6,7,6,11.5,0,0,6,6,6,12.0,0,16.2,0.3,-0.92,Graduate,Low,Communication Design
STD260191,1,1,1,9254,1,1,125.0,1,19,38,9,8,121.5,0,0,0,1,0,1,21,0,0,6,7,6,12.0,0,0,6,6,6,12.5,0,13.9,-0.3,0.79,Graduate,Low,Tourism
STD260192,1,1,1,8014,0,1,120.0,1,1,37,7,3,122.8,0,0,0,1,0,0,23,0,0,6,13,2,10.0,0,0,5,12,1,10.0,0,9.4,-0.8,-3.12,Enrolled,High,Social Service (evening attendance)
STD260193,1,39,1,9147,1,1,140.0,1,12,3,4,3,118.0,1,0,0,1,0,0,24,0,0,5,5,0,0.0,0,0,5,5,0,0.0,0,7.6,2.6,0.32,Dropout,High,Management
STD260194,1,51,1,9853,1,1,139.0,1,1,1,4,10,134.0,0,0,0,1,0,0,21,0,0,6,0,0,0.0,0,0,6,0,0,0.0,0,12.4,0.5,1.79,Dropout,High,Basic Education
STD260195,1,1,4,9500,1,1,142.0,1,38,38,9,8,129.8,1,0,0,1,0,0,18,0,0,8,8,7,12.242857142857144,0,0,8,8,7,12.242857142857144,0,12.7,3.7,-1.7,Graduate,Low,Nursing
STD260196,1,39,1,9991,0,40,130.0,1,19,1,3,4,152.0,1,0,0,1,0,0,27,0,0,5,0,0,0.0,0,0,5,0,0,0.0,0,8.9,1.4,3.51,Dropout,High,Management (evening attendance)
STD260197,1,18,6,9500,1,1,126.0,1,37,37,5,5,122.8,1,0,0,1,0,0,18,0,0,8,8,8,12.93375,0,0,8,8,8,12.93375,0,9.4,-0.8,-3.12,Graduate,Low,Nursing
STD260198,1,7,1,9119,1,3,150.0,1,3,2,2,2,150.0,0,0,0,1,0,0,35,0,0,5,0,0,0.0,0,0,5,0,0,0.0,0,13.9,-0.3,0.79,Dropout,High,Informatics Engineering
STD260199,1,1,1,9853,1,1,130.0,1,19,19,3,8,131.8,0,0,0,1,0,0,18,0,0,7,9,7,12.571428571428571,0,0,7,8,7,14.428571428571429,0,11.1,0.6,2.02,Graduate,Low,Basic Education
STD260200,1,39,1,9500,1,1,120.0,1,1,3,175,121,105.9,0,0,0,1,0,0,35,0,0,3,4,3,11.816666666666668,0,0,3,3,3,11.333333333333334,0,11.1,0.6,2.02,Enrolled,Low,Nursing
STD260201,1,1,1,9085,1,1,138.0,1,1,1,4,7,132.1,1,0,0,1,0,0,19,0,0,5,9,4,13.75,0,0,5,13,4,14.333333333333334,2,10.8,1.4,1.74,Graduate,Low,Veterinary Nursing
STD260202,1,1,4,9238,1,1,127.0,1,19,19,4,0,127.4,1,0,0,1,0,0,20,0,0,6,8,6,11.166666666666666,0,0,6,6,6,11.333333333333334,0,7.6,2.6,0.32,Graduate,Low,Social Service
STD260203,1,1,4,9500,1,1,140.0,1,19,19,7,7,129.5,1,0,0,1,0,0,18,0,0,8,8,7,12.324285714285711,0,0,8,8,7,12.324285714285711,0,10.8,1.4,1.74,Graduate,Low,Nursing
STD260204,1,44,1,9238,1,39,130.0,1,38,38,5,10,126.7,0,0,1,1,0,0,21,0,3,6,6,6,12.166666666666666,0,2,6,7,6,11.714285714285714,0,13.9,-0.3,0.79,Graduate,Low,Social Service
STD260205,1,17,2,9238,1,1,128.0,1,19,37,9,8,116.5,0,0,0,1,0,1,18,0,0,6,11,5,11.142857142857142,0,0,6,11,4,11.25,0,16.2,0.3,-0.92,Graduate,Low,Social Service
STD260206,1,1,1,9238,1,1,132.0,1,34,34,0,0,119.1,1,0,0,1,0,0,18,0,0,6,9,4,11.0,0,0,6,9,4,10.75,0,7.6,2.6,0.32,Graduate,Medium,Social Service
STD260207,1,1,2,9500,1,1,149.0,1,19,38,9,9,126.5,1,0,0,1,0,0,18,0,0,8,8,7,12.914285714285713,0,0,8,8,7,12.914285714285713,0,12.7,3.7,-1.7,Graduate,Low,Nursing
STD260208,1,1,4,9773,1,1,155.0,1,3,19,1,4,149.8,1,0,0,1,0,1,18,0,0,6,6,6,13.833333333333334,0,0,6,6,6,14.166666666666666,0,16.2,0.3,-0.92,Graduate,Low,Journalism and Communication
STD260209,1,1,1,9085,1,1,120.0,1,19,1,8,7,115.1,1,0,0,1,0,0,19,0,0,6,8,6,13.857142857142858,0,0,6,9,5,13.4,0,13.9,-0.3,0.79,Graduate,Low,Veterinary Nursing
STD260210,1,39,1,9254,1,19,133.1,1,3,19,2,3,124.5,0,0,0,1,0,1,36,0,0,6,7,6,13.714285714285714,0,0,6,6,5,12.8,0,16.2,0.3,-0.92,Dropout,Low,Tourism
STD260211,1,1,2,9500,1,1,131.0,1,38,1,7,4,128.3,1,0,0,1,0,1,18,0,0,8,8,7,12.642857142857142,0,0,8,8,7,12.642857142857142,0,12.7,3.7,-1.7,Graduate,Low,Nursing
STD260212,1,1,1,9500,1,1,149.0,1,37,37,9,9,136.0,0,0,0,1,0,1,18,0,0,7,7,6,12.916666666666666,0,0,7,7,6,12.916666666666666,0,7.6,2.6,0.32,Graduate,Low,Nursing
STD260213,1,43,1,9130,1,1,140.0,1,1,3,9,2,140.0,1,0,0,1,0,1,20,0,0,6,8,6,15.625,0,0,6,8,6,15.857142857142858,0,13.9,-0.3,0.79,Graduate,Low,Equinculture
STD260214,1,39,1,9991,0,1,133.1,1,37,37,9,9,126.3,0,0,0,1,0,1,26,0,0,5,7,0,0.0,0,0,5,8,0,0.0,0,16.2,0.3,-0.92,Dropout,High,Management (evening attendance)
STD260215,1,43,1,9773,1,1,122.0,1,1,1,4,5,126.9,0,0,0,1,0,0,21,0,0,6,8,6,11.714285714285714,0,0,6,7,6,12.0,0,7.6,2.6,0.32,Graduate,Low,Journalism and Communication
STD260216,1,39,1,9556,1,40,130.0,1,1,1,4,5,145.0,0,0,0,1,0,0,25,0,0,7,10,6,12.125,0,0,8,9,8,13.3125,0,15.5,2.8,-4.06,Enrolled,Low,Oral Hygiene
STD260217,1,18,1,9147,1,1,121.0,1,19,3,5,5,115.8,1,0,0,1,0,1,19,0,0,5,7,5,11.6,0,0,5,5,5,11.6,0,12.4,0.5,1.79,Graduate,Low,Management
STD260218,1,39,1,8014,0,1,120.0,1,19,37,8,7,100.0,1,0,0,1,0,0,24,0,0,6,11,1,10.0,0,0,6,6,0,0.0,6,9.4,-0.8,-3.12,Dropout,High,Social Service (evening attendance)
STD260219,1,39,1,8014,0,1,133.1,1,1,19,5,4,102.5,0,0,0,1,0,1,27,0,0,6,16,1,10.0,0,0,6,13,0,0.0,0,8.9,1.4,3.51,Dropout,High,Social Service (evening attendance)
STD260220,1,17,1,9085,1,1,121.0,1,19,37,1,3,131.5,0,0,0,1,0,0,21,0,0,5,10,0,0.0,1,0,5,9,2,13.5,0,7.6,2.6,0.32,Dropout,High,Veterinary Nursing
STD260221,1,1,1,9147,1,1,133.0,1,38,38,7,7,147.0,0,0,0,1,0,1,18,0,0,5,7,4,13.0,0,0,5,8,3,12.333333333333334,0,9.4,-0.8,-3.12,Graduate,Low,Management
STD260222,2,1,4,9853,1,1,134.0,1,37,37,5,7,122.5,0,1,0,1,0,1,19,0,0,6,6,6,13.333333333333334,0,0,6,6,6,14.5,0,10.8,1.4,1.74,Graduate,Low,Basic Education
STD260223,1,1,3,9254,1,1,115.0,1,1,1,3,3,117.5,1,0,0,1,0,0,18,0,0,6,9,4,11.25,0,0,6,13,2,12.5,0,9.4,-0.8,-3.12,Dropout,Medium,Tourism
STD260224,1,51,1,9500,1,1,127.0,1,19,1,5,9,150.0,0,0,0,1,0,1,19,0,0,7,9,5,13.85,0,0,8,9,7,12.19285714285714,0,11.1,0.6,2.02,Graduate,Medium,Nursing
STD260225,1,18,1,9500,1,1,135.0,1,1,38,4,5,127.5,1,0,0,1,0,1,19,0,0,7,8,6,13.741666666666667,0,0,8,9,7,14.9125,0,16.2,0.3,-0.92,Graduate,Low,Nursing
STD260226,2,7,1,9991,0,43,140.0,1,40,5,3,3,140.0,0,0,0,1,0,0,33,0,2,6,7,6,15.333333333333334,0,0,5,5,5,15.8,0,11.1,0.6,2.02,Graduate,Low,Management (evening attendance)
STD260227,2,7,1,9147,1,3,130.0,1,1,4,3,10,130.0,0,0,0,1,0,0,45,0,0,5,6,5,11.0,0,0,5,5,5,13.8,0,12.4,0.5,1.79,Graduate,Low,Management
STD260228,1,1,1,9238,1,1,135.0,1,1,1,9,9,133.3,0,0,0,1,0,1,20,0,0,6,6,6,12.0,0,0,6,7,6,12.857142857142858,0,11.1,0.6,2.02,Graduate,Low,Social Service
STD260229,1,39,2,9670,1,1,140.0,1,34,34,0,0,97.0,1,0,0,1,0,0,28,0,0,5,5,0,0.0,0,0,5,5,0,0.0,0,7.6,2.6,0.32,Dropout,High,Advertising and Marketing Management
STD260230,1,43,1,9500,1,1,120.0,1,1,1,5,8,112.0,1,0,0,1,0,1,19,0,0,8,15,7,11.571428571428571,0,0,8,15,7,11.571428571428571,0,12.7,3.7,-1.7,Graduate,Low,Nursing
STD260231,1,1,2,9254,1,1,140.0,1,1,37,4,5,123.6,1,0,0,1,0,0,18,0,0,6,10,6,12.857142857142858,0,0,6,6,3,12.666666666666666,0,12.7,3.7,-1.7,Graduate,Low,Tourism
STD260232,1,39,1,9254,1,3,133.1,1,19,19,4,6,130.5,0,0,0,1,0,0,38,0,0,6,0,0,0.0,0,0,6,0,0,0.0,0,15.5,2.8,-4.06,Dropout,High,Tourism
STD260233,1,1,2,9670,1,1,135.0,1,1,3,4,3,133.3,0,0,0,1,0,0,19,0,0,5,5,5,13.0,0,0,5,5,5,13.2,0,9.4,-0.8,-3.12,Graduate,Low,Advertising and Marketing Management
STD260234,1,1,1,9254,1,1,123.0,1,1,37,9,9,132.1,0,0,0,1,0,1,21,0,0,6,9,5,11.0,0,0,6,8,5,12.0,0,15.5,2.8,-4.06,Graduate,Low,Tourism
STD260235,1,1,1,9147,1,1,133.1,1,37,1,9,10,100.0,0,0,0,1,0,0,21,0,0,5,12,3,12.0,0,0,5,12,1,15.0,3,16.2,0.3,-0.92,Dropout,Medium,Management
STD260236,1,1,1,9238,1,1,154.0,1,38,37,9,9,140.4,0,0,0,1,0,1,22,0,0,6,6,5,12.6,0,0,6,6,6,13.0,0,10.8,1.4,1.74,Graduate,Low,Social Service
STD260237,1,1,1,9853,1,1,148.0,1,19,19,5,7,141.7,0,0,0,1,0,1,18,0,0,6,8,5,13.4,0,0,6,7,6,13.166666666666666,0,9.4,-0.8,-3.12,Graduate,Low,Basic Education
STD260238,1,17,2,9238,1,1,133.0,1,37,37,3,9,119.7,0,1,0,1,0,1,18,0,0,6,9,6,11.333333333333334,0,0,6,9,6,11.571428571428571,0,15.5,2.8,-4.06,Graduate,Low,Social Service
STD260239,1,1,1,9130,1,1,126.0,1,19,1,9,9,122.5,1,0,0,0,0,0,25,0,0,5,14,4,13.5,2,0,5,10,4,14.25,0,9.4,-0.8,-3.12,Dropout,High,Equinculture
STD260240,1,39,1,9085,1,19,133.1,1,19,19,9,7,140.0,0,0,1,0,0,0,24,0,2,6,11,3,11.75,0,1,6,14,3,10.333333333333334,0,16.2,0.3,-0.92,Dropout,High,Veterinary Nursing
STD260241,1,1,3,9500,1,1,125.0,1,3,1,4,4,119.4,1,0,0,1,0,0,19,0,0,7,10,6,12.471428571428572,0,0,7,8,7,11.4625,0,12.4,0.5,1.79,Enrolled,Low,Nursing
STD260242,1,16,1,171,1,1,145.0,1,3,3,3,3,155.0,1,0,0,1,0,0,24,0,11,17,19,11,12.909090909090908,0,9,13,15,9,13.555555555555555,0,12.4,0.5,1.79,Enrolled,Medium,Animation and Multimedia Design
STD260243,1,1,2,9147,1,1,118.0,1,37,19,5,5,119.1,1,0,0,1,0,1,20,0,0,5,5,5,11.6,0,0,5,5,5,13.6,0,12.4,0.5,1.79,Graduate,Low,Management
STD260244,1,39,1,9147,1,1,120.0,1,37,1,9,1,122.7,0,0,0,0,0,0,25,0,0,5,5,0,0.0,0,0,5,9,0,0.0,0,10.8,1.4,1.74,Dropout,High,Management
STD260245,1,1,1,9147,1,1,127.0,1,38,19,9,10,117.9,0,0,0,1,0,1,20,0,5,10,13,9,12.9,0,4,10,12,10,12.363636363636363,0,8.9,1.4,3.51,Graduate,Low,Management
STD260246,1,7,1,9500,1,3,130.0,1,19,38,5,3,130.0,0,0,0,1,0,0,23,0,0,8,8,8,13.22,0,0,8,8,8,13.22,0,9.4,-0.8,-3.12,Graduate,Low,Nursing
STD260247,1,17,3,9500,1,1,129.0,1,19,37,7,6,120.0,1,0,0,1,0,1,19,0,0,8,8,7,13.151428571428571,0,0,8,8,7,13.151428571428571,0,10.8,1.4,1.74,Graduate,Low,Nursing
STD260248,1,44,1,9003,1,39,130.0,1,37,37,9,10,130.0,0,0,1,0,0,0,29,0,0,6,13,3,12.75,0,0,6,8,3,11.333333333333334,0,13.9,-0.3,0.79,Dropout,High,Agronomy
STD260249,1,1,3,9254,1,1,121.0,1,19,37,4,7,116.8,1,0,0,1,0,0,21,0,0,6,8,6,11.333333333333334,0,0,6,8,4,12.25,0,11.1,0.6,2.02,Graduate,Low,Tourism
STD260250,1,1,1,9670,1,1,136.0,1,19,1,9,8,123.4,1,0,0,1,0,1,18,0,0,6,10,6,13.25,0,0,6,13,5,14.142857142857142,0,11.1,0.6,2.02,Graduate,Low,Advertising and Marketing Management
STD260251,1,1,3,9070,1,1,125.0,1,19,38,9,9,125.4,1,0,0,1,0,0,19,0,0,6,7,5,12.4,0,0,6,6,5,12.4,0,9.4,-0.8,-3.12,Enrolled,Low,Communication Design
STD260252,1,1,3,9773,1,1,131.0,1,38,37,7,7,127.2,1,0,0,1,0,1,18,0,0,6,6,6,15.0,0,0,6,6,6,12.833333333333334,0,8.9,1.4,3.51,Dropout,Low,Journalism and Communication
STD260253,1,1,1,9085,1,1,122.0,1,9,19,90,6,103.4,0,0,0,1,0,0,19,0,0,5,6,5,14.4,0,0,5,6,5,13.0,0,7.6,2.6,0.32,Graduate,Low,Veterinary Nursing
STD260254,1,1,1,9773,1,1,127.0,1,37,37,9,8,123.2,1,0,0,1,0,0,18,0,0,6,12,1,11.0,0,0,6,12,0,0.0,0,9.4,-0.8,-3.12,Enrolled,High,Journalism and Communication
STD260255,1,17,1,9147,1,1,136.0,1,1,1,4,4,124.1,0,0,0,1,0,0,18,0,0,5,8,5,12.4,0,0,5,6,5,10.8,0,8.9,1.4,3.51,Graduate,Low,Management
STD260256,2,39,1,9556,1,19,133.1,1,38,37,7,7,99.5,1,0,1,0,0,1,37,0,0,7,13,1,16.0,0,0,7,12,0,0.0,0,8.9,1.4,3.51,Dropout,High,Oral Hygiene
STD260257,1,17,1,9991,0,40,127.0,1,37,37,6,6,124.9,0,0,0,1,0,0,29,0,0,5,10,5,13.571428571428571,0,0,5,14,5,12.333333333333334,3,16.2,0.3,-0.92,Graduate,Low,Management (evening attendance)
STD260258,1,17,3,9070,1,1,116.0,1,37,37,9,9,110.8,0,0,0,1,0,0,18,0,0,6,6,6,11.833333333333334,0,0,6,6,6,12.5,0,7.6,2.6,0.32,Enrolled,Low,Communication Design
STD260259,1,1,1,9238,1,1,121.0,1,1,1,9,8,118.9,1,0,0,1,0,1,19,0,0,6,8,5,11.666666666666666,0,0,6,9,5,12.666666666666666,0,12.4,0.5,1.79,Graduate,Low,Social Service
STD260260,1,43,1,9238,1,1,124.0,1,1,1,3,1,118.8,1,0,1,0,0,0,22,0,6,10,16,6,11.833333333333334,0,2,7,8,2,13.0,0,16.2,0.3,-0.92,Dropout,High,Social Service
STD260261,1,1,1,9254,1,1,131.0,1,37,38,9,7,137.0,0,0,0,1,0,1,20,0,0,6,8,6,11.166666666666666,0,0,6,10,5,10.6,0,15.5,2.8,-4.06,Graduate,Low,Tourism
STD260262,1,39,1,8014,0,1,100.0,1,37,37,99,99,100.0,0,0,0,1,0,0,34,0,0,6,0,0,0.0,0,0,6,0,0,0.0,0,12.7,3.7,-1.7,Dropout,High,Social Service (evening attendance)
STD260263,1,43,1,9119,1,1,130.0,1,37,38,9,9,120.0,0,0,1,0,0,0,30,0,8,12,17,8,11.75,0,6,12,19,6,12.166666666666666,2,7.6,2.6,0.32,Dropout,High,Informatics Engineering
STD260264,1,1,1,9238,1,1,135.0,1,1,1,4,4,122.8,0,0,0,1,0,0,18,0,0,6,7,6,14.0,0,0,6,7,6,14.0,0,10.8,1.4,1.74,Graduate,Low,Social Service
STD260265,1,1,1,9238,1,1,130.0,1,38,19,9,5,121.6,0,0,0,1,0,0,18,0,0,6,6,6,12.833333333333334,0,0,6,6,6,12.0,0,12.4,0.5,1.79,Graduate,Low,Social Service
STD260266,1,1,2,9773,1,1,146.0,1,3,1,1,3,149.2,1,0,0,1,0,0,18,0,0,6,11,4,12.25,0,0,6,10,3,11.666666666666666,0,9.4,-0.8,-3.12,Graduate,Medium,Journalism and Communication
STD260267,1,17,4,9500,1,1,146.0,1,4,1,2,3,140.0,1,0,0,1,0,0,18,0,0,8,8,7,14.828571428571427,0,0,8,8,7,14.828571428571427,0,12.7,3.7,-1.7,Graduate,Low,Nursing
STD260268,1,1,2,9773,1,1,154.0,1,38,38,9,9,133.4,1,0,0,1,0,1,19,0,0,6,7,5,11.4,0,0,6,8,5,12.8,0,12.7,3.7,-1.7,Graduate,Low,Journalism and Communication
STD260269,1,1,1,9070,1,1,137.0,1,37,37,9,9,126.2,1,0,0,1,0,1,19,0,0,6,6,6,13.0,0,0,6,8,6,12.5,0,10.8,1.4,1.74,Graduate,Low,Communication Design
STD260270,1,1,5,9500,1,1,151.0,1,1,1,9,9,127.8,0,0,0,1,0,1,18,0,0,8,8,7,13.671428571428573,0,0,8,8,7,13.671428571428573,0,12.7,3.7,-1.7,Graduate,Low,Nursing
STD260271,1,44,1,9003,1,39,150.0,1,37,38,4,8,150.0,0,0,0,1,0,1,21,0,0,6,9,6,12.666666666666666,0,0,6,8,5,12.8,0,13.9,-0.3,0.79,Graduate,Low,Agronomy
STD260272,1,1,2,9147,1,1,121.0,1,1,19,9,9,113.7,1,0,0,0,0,0,20,0,0,5,10,2,10.0,0,0,5,12,1,13.0,0,7.6,2.6,0.32,Dropout,High,Management
STD260273,1,17,1,9147,1,1,122.0,1,12,19,4,8,117.8,1,0,0,1,0,0,20,0,0,5,10,5,13.5,0,0,5,8,5,12.333333333333334,0,13.9,-0.3,0.79,Graduate,Low,Management
STD260274,1,1,1,9500,1,1,143.0,1,5,1,2,5,136.7,0,0,0,1,0,0,19,0,2,7,8,7,12.67,0,1,8,8,8,13.55,0,11.1,0.6,2.02,Graduate,Low,Nursing
STD260275,1,1,1,9238,1,1,152.0,1,1,38,4,5,144.7,0,0,0,1,0,0,20,0,0,6,8,6,14.5,0,0,6,7,6,15.428571428571429,0,16.2,0.3,-0.92,Graduate,Low,Social Service
STD260276,1,17,3,9500,1,1,145.0,1,12,1,4,10,139.8,1,0,0,1,0,0,18,0,0,7,7,7,13.685714285714283,0,0,8,8,8,15.3875,0,13.9,-0.3,0.79,Graduate,Low,Nursing
STD260277,1,42,1,9853,1,1,120.0,1,37,38,3,3,113.7,0,0,0,1,0,0,20,0,0,6,8,5,11.0,0,0,6,10,3,10.666666666666666,0,12.7,3.7,-1.7,Dropout,Low,Basic Education
STD260278,2,7,1,9130,1,3,140.0,1,5,4,2,0,140.0,0,0,1,0,0,0,29,0,7,9,16,7,11.555555555555555,4,5,7,12,5,13.2,2,7.6,2.6,0.32,Dropout,High,Equinculture
STD260279,1,1,1,9500,1,1,143.0,1,19,19,5,6,142.3,0,0,0,1,0,1,18,0,0,7,7,7,13.79714285714286,0,0,8,8,8,13.775,0,12.4,0.5,1.79,Enrolled,Low,Nursing
STD260280,1,1,1,9500,1,1,129.0,1,19,19,5,5,119.6,1,0,0,1,0,1,20,0,0,7,8,7,14.00375,0,0,8,11,7,13.812857142857142,0,15.5,2.8,-4.06,Graduate,Low,Nursing
STD260281,1,16,2,9147,1,1,139.0,1,38,37,9,9,123.7,1,0,0,1,0,1,22,0,0,5,8,4,12.0,0,0,5,8,4,11.4,2,16.2,0.3,-0.92,Graduate,Low,Management
STD260282,4,1,1,8014,0,1,133.1,1,39,19,4,10,143.0,1,0,0,1,0,1,47,0,0,6,9,5,14.166666666666666,0,0,6,7,6,14.166666666666666,0,16.2,0.3,-0.92,Graduate,Low,Social Service (evening attendance)
STD260283,2,51,1,9991,0,1,127.0,1,37,37,8,4,100.1,0,0,0,1,0,0,31,0,1,5,5,5,14.0,0,0,5,5,5,13.8,0,8.9,1.4,3.51,Graduate,Low,Management (evening attendance)
STD260284,1,1,1,9070,1,1,126.0,1,19,37,7,5,119.4,0,0,0,1,0,1,21,0,0,6,7,5,13.8,0,0,6,6,6,12.833333333333334,0,16.2,0.3,-0.92,Graduate,Low,Communication Design
STD260285,1,1,1,8014,0,1,128.0,1,38,38,0,0,122.1,0,0,0,1,0,0,21,0,0,6,8,5,12.8,0,0,6,10,6,11.857142857142858,0,7.6,2.6,0.32,Graduate,Low,Social Service (evening attendance)
STD260286,2,39,1,9773,1,12,100.0,1,1,1,4,4,100.0,0,0,0,1,0,0,24,0,0,6,6,6,12.166666666666666,0,0,6,6,6,13.833333333333334,0,7.6,2.6,0.32,Graduate,Low,Journalism and Communication
STD260287,1,17,1,9070,1,1,123.0,1,4,37,2,9,113.9,0,0,0,1,0,0,18,0,0,6,8,6,12.5,0,0,6,6,6,12.333333333333334,0,15.5,2.8,-4.06,Enrolled,Low,Communication Design
STD260288,1,39,1,8014,0,15,170.0,1,34,1,90,2,101.0,0,0,0,1,0,0,32,0,0,6,9,4,12.0,0,0,6,12,4,11.5,0,7.6,2.6,0.32,Graduate,Medium,Social Service (evening attendance)
STD260289,1,18,2,8014,0,1,117.0,1,3,1,3,4,111.8,1,0,0,1,0,1,19,0,0,6,8,6,10.833333333333334,0,0,6,9,6,11.5,0,10.8,1.4,1.74,Graduate,Low,Social Service (evening attendance)
STD260290,1,39,1,9500,1,1,140.0,1,3,3,1,1,140.0,1,0,0,1,0,0,24,0,0,8,8,8,13.385,0,0,8,8,8,13.385,0,9.4,-0.8,-3.12,Graduate,Low,Nursing
STD260291,1,17,4,9085,1,1,123.0,1,19,19,4,10,124.4,1,0,0,1,0,0,19,0,0,6,14,6,15.666666666666666,0,0,6,9,6,14.5,0,15.5,2.8,-4.06,Graduate,Low,Veterinary Nursing
STD260292,1,44,1,9003,1,39,150.0,1,19,37,6,6,150.0,0,0,1,1,0,1,19,0,0,6,9,6,14.333333333333334,0,0,6,7,6,13.833333333333334,0,13.9,-0.3,0.79,Graduate,Low,Agronomy
STD260293,1,44,1,9003,1,39,140.0,1,37,37,9,4,140.0,0,0,0,1,0,0,24,0,0,6,10,6,11.428571428571429,0,0,6,12,5,13.0,0,12.4,0.5,1.79,Enrolled,Low,Agronomy
STD260294,1,17,4,9238,1,1,123.0,1,19,19,191,144,116.0,1,0,0,1,0,1,18,0,0,6,9,6,11.666666666666666,0,0,6,8,6,11.666666666666666,0,8.9,1.4,3.51,Graduate,Low,Social Service
STD260295,1,1,1,9070,1,1,130.0,1,38,37,3,6,135.6,1,0,0,1,0,1,19,0,0,6,9,5,12.0,0,0,6,10,2,11.333333333333334,0,8.9,1.4,3.51,Dropout,Low,Communication Design
STD260296,2,1,1,9500,1,1,137.0,1,3,38,2,4,121.0,0,0,0,1,0,1,19,0,0,8,8,7,14.725714285714288,0,0,8,8,7,14.725714285714288,0,10.8,1.4,1.74,Graduate,Low,Nursing
STD260297,1,17,2,9773,1,1,126.0,1,19,38,9,8,118.7,1,0,0,1,0,1,18,0,0,6,6,6,14.166666666666666,0,0,6,6,6,13.666666666666666,0,12.4,0.5,1.79,Graduate,Low,Journalism and Communication
STD260298,1,1,1,9238,1,1,125.0,1,1,1,3,3,125.7,1,0,0,1,0,0,18,0,0,6,10,6,11.571428571428571,0,0,6,8,6,12.333333333333334,0,12.4,0.5,1.79,Graduate,Low,Social Service
STD260299,1,17,4,9556,1,1,112.0,1,1,1,4,10,107.1,1,0,0,1,0,0,20,0,0,7,7,7,12.5,0,0,8,8,8,13.1375,0,12.4,0.5,1.79,Graduate,Low,Oral Hygiene
STD260300,1,1,1,9500,1,1,141.0,1,19,38,5,7,125.5,0,0,0,1,0,0,18,0,0,8,10,8,12.86,2,0,8,10,8,12.86,2,9.4,-0.8,-3.12,Graduate,Low,Nursing
STD260301,1,17,4,9670,1,1,135.0,1,38,38,9,7,127.0,1,0,0,1,0,0,18,0,0,6,10,6,12.25,0,0,6,9,6,13.714285714285714,0,11.1,0.6,2.02,Graduate,Low,Advertising and Marketing Management
STD260302,1,1,2,9085,1,1,117.0,1,38,37,9,9,113.5,1,0,0,1,0,1,21,0,0,5,7,4,12.0,0,0,5,5,5,12.2,0,10.8,1.4,1.74,Graduate,Low,Veterinary Nursing
STD260303,1,1,1,9500,1,1,160.0,1,19,19,4,9,154.4,0,0,0,1,0,1,18,0,0,7,9,7,15.116666666666667,0,0,8,9,8,16.168888888888887,0,15.5,2.8,-4.06,Graduate,Low,Nursing
STD260304,1,51,1,9670,1,1,136.0,1,19,19,5,5,122.0,0,0,1,0,0,0,18,0,0,5,6,2,12.5,0,0,5,6,4,10.25,0,9.4,-0.8,-3.12,Dropout,High,Advertising and Marketing Management
STD260305,1,17,2,9238,1,1,143.0,1,1,11,4,3,128.0,1,0,0,1,0,0,19,0,0,6,11,0,0.0,0,0,6,0,0,0.0,0,9.4,-0.8,-3.12,Dropout,High,Social Service
STD260306,1,1,1,9670,1,1,119.0,1,1,19,4,10,115.5,1,0,0,1,0,0,19,0,0,6,8,4,11.0,0,0,6,9,4,11.0,0,10.8,1.4,1.74,Enrolled,Medium,Advertising and Marketing Management
STD260307,1,17,4,9670,1,1,120.0,1,1,19,5,5,117.2,1,0,0,1,0,0,18,0,0,6,8,6,11.875,0,0,6,11,4,14.6,0,11.1,0.6,2.02,Graduate,Low,Advertising and Marketing Management
STD260308,1,39,1,9130,1,3,150.0,1,3,1,90,90,150.0,1,0,0,1,0,0,34,0,1,5,6,1,11.0,0,0,5,5,0,0.0,0,12.7,3.7,-1.7,Dropout,High,Equinculture
STD260309,1,1,3,9085,1,1,142.0,1,11,11,90,90,155.3,0,0,0,1,0,0,19,0,0,5,5,5,15.2,0,0,5,6,5,13.2,0,7.6,2.6,0.32,Graduate,Low,Veterinary Nursing
STD260310,1,44,1,9130,1,39,120.0,1,37,37,7,8,120.0,1,0,1,0,0,0,19,0,2,6,7,5,11.6,0,1,6,12,2,11.0,0,12.4,0.5,1.79,Dropout,High,Equinculture
STD260311,1,51,1,9238,1,1,160.0,1,3,19,2,1,116.1,0,0,1,1,0,0,26,0,0,6,6,6,14.833333333333334,0,0,6,7,6,15.142857142857142,0,11.1,0.6,2.02,Graduate,Low,Social Service
STD260312,1,17,1,9853,1,1,133.1,1,34,34,0,0,118.9,1,0,0,1,0,0,21,0,0,6,12,3,11.333333333333334,0,0,6,10,3,11.333333333333334,0,7.6,2.6,0.32,Dropout,Medium,Basic Education
STD260313,1,17,2,9147,1,1,142.0,1,19,19,4,8,127.3,0,0,0,1,0,1,18,0,0,5,5,5,11.2,0,0,5,5,5,11.8,0,11.1,0.6,2.02,Graduate,Low,Management
STD260314,1,17,4,9853,1,1,121.0,1,38,38,5,7,113.7,1,0,0,1,0,1,20,0,0,6,8,5,13.4,0,0,6,9,5,13.666666666666666,0,9.4,-0.8,-3.12,Graduate,Low,Basic Education
STD260315,1,51,1,9147,1,1,135.0,1,1,1,4,4,118.5,0,0,0,1,0,0,25,0,0,5,12,2,10.5,0,0,5,5,0,0.0,0,11.1,0.6,2.02,Dropout,High,Management
STD260316,1,1,1,9147,1,1,153.0,1,1,38,4,3,146.7,0,0,0,1,0,0,18,0,0,5,5,5,16.2,0,0,5,5,5,16.4,0,11.1,0.6,2.02,Graduate,Low,Management
STD260317,1,1,1,9500,1,1,140.0,1,19,19,3,6,124.3,1,0,0,1,0,1,18,0,0,7,7,7,14.542857142857144,0,0,8,11,8,14.88181818181818,0,16.2,0.3,-0.92,Graduate,Low,Nursing
STD260318,1,1,1,9500,1,1,152.0,1,41,19,3,5,137.8,0,0,0,1,0,0,19,0,0,7,7,7,13.694285714285714,0,0,8,9,8,14.355555555555554,0,11.1,0.6,2.02,Graduate,Low,Nursing
STD260319,1,1,1,9238,1,1,120.0,1,19,38,5,9,130.2,0,0,0,1,0,1,18,0,0,6,8,6,11.285714285714286,0,0,6,10,6,11.857142857142858,0,12.4,0.5,1.79,Graduate,Low,Social Service
STD260320,1,17,1,9500,1,1,160.0,1,38,38,7,7,147.8,0,0,0,1,0,0,20,0,0,7,11,6,11.757142857142856,0,0,8,12,6,13.083333333333334,0,15.5,2.8,-4.06,Enrolled,Low,Nursing
STD260321,1,7,1,9085,1,40,150.0,1,19,19,9,5,150.0,0,0,1,0,0,0,26,0,0,3,3,0,0.0,0,0,6,0,0,0.0,0,8.9,1.4,3.51,Dropout,High,Veterinary Nursing
STD260322,1,42,1,9500,1,1,100.0,1,37,37,7,9,100.0,1,0,0,1,0,1,19,0,0,8,8,7,13.058571428571428,0,0,8,8,7,13.058571428571428,0,10.8,1.4,1.74,Graduate,Low,Nursing
STD260323,1,1,1,9500,1,1,150.0,1,1,1,5,1,155.6,0,0,0,1,0,0,19,0,0,7,7,7,14.3,0,0,8,9,8,14.055555555555555,0,16.2,0.3,-0.92,Graduate,Low,Nursing
STD260324,1,43,4,9147,1,1,124.0,1,37,37,9,9,117.4,0,0,0,1,0,0,19,0,3,10,15,5,11.8,0,4,10,14,8,12.0,0,7.6,2.6,0.32,Graduate,Medium,Management
STD260325,1,5,3,9085,1,1,141.0,1,1,19,7,5,128.8,1,0,0,1,0,0,19,0,0,5,9,3,10.333333333333334,1,0,5,8,3,13.0,0,7.6,2.6,0.32,Enrolled,Medium,Veterinary Nursing
STD260326,1,1,1,9254,1,1,121.0,1,19,19,5,8,117.5,1,0,0,1,0,0,18,0,0,6,7,6,10.571428571428571,0,0,6,11,3,11.666666666666666,0,16.2,0.3,-0.92,Graduate,Low,Tourism
STD260327,1,43,1,9500,1,6,134.0,1,1,37,9,9,120.4,1,0,0,1,0,0,19,0,0,7,7,6,13.333333333333334,0,0,7,7,6,13.333333333333334,0,7.6,2.6,0.32,Graduate,Low,Nursing
STD260328,1,1,1,9238,1,1,134.0,1,1,1,9,6,130.9,0,0,1,1,0,0,18,0,0,6,10,6,11.857142857142858,0,0,6,9,5,11.0,0,13.9,-0.3,0.79,Graduate,Low,Social Service
STD260329,1,1,1,9853,1,1,132.0,1,2,19,4,4,125.0,1,0,0,1,0,0,18,0,0,6,9,5,12.6,0,0,6,8,5,11.4,0,9.4,-0.8,-3.12,Enrolled,Low,Basic Education
STD260330,1,1,1,9085,1,1,135.0,1,19,38,9,5,136.8,1,0,0,1,0,0,18,0,0,5,11,5,14.0,3,0,5,7,5,11.6,0,9.4,-0.8,-3.12,Enrolled,Low,Veterinary Nursing
STD260331,1,1,1,9853,1,1,123.0,1,1,38,9,6,121.6,1,0,0,1,0,0,18,0,0,7,12,5,12.0,0,0,7,9,6,12.666666666666666,0,11.1,0.6,2.02,Enrolled,Medium,Basic Education
STD260332,1,44,1,9119,1,39,151.0,1,19,37,4,7,151.0,0,0,1,1,0,0,26,0,0,5,6,0,0.0,0,0,5,5,0,0.0,0,16.2,0.3,-0.92,Dropout,High,Informatics Engineering
STD260333,1,1,1,9238,1,1,107.0,1,38,38,7,7,103.5,1,0,0,1,0,0,20,0,0,6,7,6,12.0,0,0,6,7,6,13.0,0,12.4,0.5,1.79,Graduate,Low,Social Service
STD260334,1,1,1,8014,0,1,126.0,1,37,38,9,10,119.4,0,0,0,1,0,0,19,0,0,6,6,6,12.666666666666666,0,0,6,6,6,11.666666666666666,0,12.7,3.7,-1.7,Graduate,Low,Social Service (evening attendance)
STD260335,1,1,1,9238,1,1,133.0,1,34,37,4,9,134.4,1,0,0,1,0,1,18,0,0,6,6,6,12.166666666666666,0,0,6,9,6,13.666666666666666,0,9.4,-0.8,-3.12,Graduate,Low,Social Service
STD260336,1,44,1,9238,1,39,140.0,1,38,37,7,7,143.0,0,0,0,1,0,0,19,0,3,6,6,6,13.333333333333334,0,2,6,6,6,14.666666666666666,0,13.9,-0.3,0.79,Graduate,Low,Social Service
STD260337,1,7,1,9853,1,40,110.0,1,41,3,2,1,110.0,0,0,1,1,0,0,40,0,0,7,8,7,15.0,0,0,7,7,7,14.571428571428571,0,12.4,0.5,1.79,Graduate,Low,Basic Education
STD260338,1,1,4,9500,1,1,141.0,1,38,38,7,7,132.5,1,0,0,1,0,1,18,0,0,8,8,8,13.39125,0,0,8,8,8,13.39125,0,9.4,-0.8,-3.12,Graduate,Low,Nursing
STD260339,1,17,1,9238,1,1,122.0,1,3,1,9,10,114.7,0,0,0,1,0,0,19,0,0,6,9,5,12.166666666666666,0,0,6,8,6,12.428571428571429,0,13.9,-0.3,0.79,Graduate,Low,Social Service
STD260340,1,17,1,9130,1,1,156.0,1,2,9,3,5,166.9,0,0,0,1,0,0,18,0,0,5,9,4,11.25,0,0,5,6,4,12.5,0,7.6,2.6,0.32,Graduate,Low,Equinculture
STD260341,1,1,1,9085,1,1,129.0,1,1,2,3,1,125.9,1,0,0,1,0,0,19,0,0,5,13,4,12.0,2,0,5,8,3,12.0,0,9.4,-0.8,-3.12,Enrolled,Low,Veterinary Nursing
STD260342,1,1,1,171,1,1,188.0,1,3,3,2,2,178.3,1,0,0,1,0,0,18,0,0,0,0,0,0.0,0,0,0,0,0,0.0,0,15.5,2.8,-4.06,Dropout,High,Animation and Multimedia Design
STD260343,2,39,1,8014,0,1,120.0,1,37,37,9,9,117.0,1,0,0,1,0,0,33,0,0,6,7,6,12.833333333333334,0,0,6,8,6,12.857142857142858,0,12.4,0.5,1.79,Graduate,Low,Social Service (evening attendance)
STD260344,1,39,1,9003,1,3,130.0,1,3,3,1,2,150.0,0,0,0,1,0,0,35,0,0,6,10,6,14.0,0,0,6,11,6,13.1,0,16.2,0.3,-0.92,Graduate,Low,Agronomy
STD260345,1,42,1,9147,1,1,130.0,1,37,38,9,1,130.0,1,0,0,1,0,0,26,0,3,5,5,4,13.0,0,1,5,7,2,12.0,0,9.4,-0.8,-3.12,Enrolled,Low,Management
STD260346,1,1,1,9773,1,1,140.0,1,19,19,7,5,135.1,1,0,0,1,0,0,18,0,0,6,7,6,13.5,0,0,6,8,6,12.5,0,9.4,-0.8,-3.12,Graduate,Low,Journalism and Communication
STD260347,1,43,1,9238,1,1,110.0,1,37,37,9,9,110.0,0,0,0,1,0,0,36,0,10,16,24,13,10.692307692307692,1,9,13,19,9,12.307692307692308,0,15.5,2.8,-4.06,Enrolled,Low,Social Service
STD260348,4,39,1,9991,0,1,133.1,1,37,37,6,6,136.2,0,0,0,1,0,0,39,0,0,5,6,5,11.0,0,0,5,9,5,11.666666666666666,0,10.8,1.4,1.74,Graduate,Low,Management (evening attendance)
STD260349,2,39,1,9238,1,1,120.0,1,37,37,9,9,116.0,0,0,0,1,0,0,44,0,0,6,8,6,13.0,0,0,6,6,6,13.833333333333334,0,12.7,3.7,-1.7,Graduate,Low,Social Service
STD260350,1,1,2,8014,0,1,96.0,1,3,1,3,9,100.0,0,0,0,1,0,0,20,0,0,6,10,5,12.0,0,0,6,9,4,11.25,0,9.4,-0.8,-3.12,Enrolled,Low,Social Service (evening attendance)
STD260351,1,1,1,9254,1,1,117.0,1,19,19,9,9,116.3,1,0,0,1,0,0,24,0,0,6,9,4,12.6,0,0,6,6,4,11.5,0,12.7,3.7,-1.7,Dropout,Medium,Tourism
STD260352,1,43,1,9773,1,1,123.0,1,19,19,9,8,134.0,0,0,0,1,0,1,20,0,0,6,6,6,13.666666666666666,0,0,6,6,6,13.333333333333334,0,12.4,0.5,1.79,Graduate,Low,Journalism and Communication
STD260353,1,1,4,171,1,1,127.0,1,1,1,9,5,124.2,1,0,0,0,0,0,19,0,0,0,0,0,0.0,0,0,0,0,0,0.0,0,9.4,-0.8,-3.12,Dropout,High,Animation and Multimedia Design
STD260354,2,1,1,9500,1,1,151.0,1,37,38,9,7,134.5,0,0,1,1,0,1,18,0,0,7,7,6,14.2,0,0,7,7,6,14.2,0,7.6,2.6,0.32,Graduate,Low,Nursing
STD260355,1,1,1,9254,1,1,127.0,1,19,19,4,6,120.7,0,0,1,0,0,0,22,0,0,6,10,5,11.0,0,0,6,12,0,0.0,0,10.8,1.4,1.74,Dropout,High,Tourism
STD260356,1,17,1,9085,1,1,133.0,1,19,1,4,5,127.1,1,0,0,1,0,0,18,0,0,6,7,6,15.0,0,0,6,7,6,16.428571428571427,0,11.1,0.6,2.02,Graduate,Low,Veterinary Nursing
STD260357,1,39,1,9500,1,19,133.1,1,38,37,9,9,133.0,0,0,0,1,0,0,24,0,0,7,9,6,12.585714285714284,0,0,8,9,7,13.44285714285714,0,13.9,-0.3,0.79,Graduate,Low,Nursing
STD260358,1,39,1,9991,0,1,133.1,1,37,37,90,8,128.2,0,0,0,1,0,0,33,0,0,5,0,0,0.0,0,0,5,0,0,0.0,0,12.7,3.7,-1.7,Dropout,High,Management (evening attendance)
STD260359,1,39,1,9003,1,1,133.1,1,37,37,3,8,130.0,0,0,1,1,0,1,30,0,0,6,6,0,0.0,0,0,6,6,0,0.0,0,11.1,0.6,2.02,Enrolled,High,Agronomy
STD260360,1,39,1,9085,1,43,160.0,1,3,39,2,3,172.0,0,0,0,1,0,0,26,0,0,6,0,0,0.0,0,0,6,0,0,0.0,0,8.9,1.4,3.51,Dropout,High,Veterinary Nursing
STD260361,1,17,4,9853,1,1,140.0,1,19,38,4,1,128.5,1,0,0,1,0,0,18,0,0,6,7,6,11.666666666666666,0,0,6,10,6,11.833333333333334,0,10.8,1.4,1.74,Graduate,Low,Basic Education
STD260362,1,1,1,9773,1,1,146.0,1,37,38,9,7,128.5,0,0,1,1,0,0,19,0,0,6,13,3,12.666666666666666,0,0,6,12,2,10.0,0,10.8,1.4,1.74,Dropout,Medium,Journalism and Communication
STD260363,1,17,4,9147,1,1,112.0,1,19,38,9,10,112.0,1,0,0,1,0,0,20,0,0,5,10,3,10.333333333333334,0,0,5,9,4,11.0,2,16.2,0.3,-0.92,Enrolled,Medium,Management
STD260364,1,53,1,9085,1,42,140.0,1,19,37,9,8,142.5,1,0,0,1,0,1,22,0,7,11,18,8,13.5,0,4,9,16,7,13.714285714285714,0,8.9,1.4,3.51,Graduate,Medium,Veterinary Nursing
STD260365,1,1,4,9500,1,1,136.0,1,1,1,9,1,133.0,1,0,0,1,0,0,19,0,0,7,8,5,13.98,0,0,7,8,5,13.98,0,7.6,2.6,0.32,Enrolled,Medium,Nursing
STD260366,1,1,1,9085,1,1,133.1,1,37,38,7,5,106.0,1,0,0,1,0,1,21,0,0,6,13,6,16.153846153846153,0,0,6,10,6,15.75,0,15.5,2.8,-4.06,Graduate,Low,Veterinary Nursing
STD260367,1,1,4,9500,1,1,136.0,1,19,38,4,8,125.5,1,0,0,1,0,1,21,0,0,7,7,6,14.033333333333331,0,0,7,7,6,14.033333333333331,0,7.6,2.6,0.32,Graduate,Low,Nursing
STD260368,1,17,1,9085,1,1,134.0,1,19,37,2,7,131.2,0,0,0,1,0,0,19,0,0,5,8,1,11.0,0,0,5,6,5,11.2,0,7.6,2.6,0.32,Enrolled,High,Veterinary Nursing
STD260369,1,1,1,9853,1,1,122.0,1,38,37,191,195,112.9,1,0,0,1,0,1,19,0,0,7,8,7,13.857142857142858,0,0,7,8,6,13.666666666666666,0,8.9,1.4,3.51,Graduate,Low,Basic Education
STD260370,1,1,6,9500,1,1,138.0,1,19,19,9,5,124.8,1,0,0,1,0,0,18,0,0,8,8,7,13.414285714285716,0,0,8,8,7,13.414285714285716,0,12.7,3.7,-1.7,Dropout,Low,Nursing
STD260371,2,43,1,8014,0,1,160.0,1,37,39,9,4,140.9,0,0,0,1,0,0,50,0,7,11,11,11,13.545454545454543,0,3,7,7,7,13.571428571428571,0,16.2,0.3,-0.92,Graduate,Low,Social Service (evening attendance)
STD260372,4,39,1,9991,0,1,130.0,1,38,19,9,7,148.0,0,0,0,1,0,1,31,0,0,5,11,4,11.25,0,0,5,10,4,10.833333333333334,0,13.9,-0.3,0.79,Enrolled,Low,Management (evening attendance)
STD260373,1,17,1,9773,1,1,161.0,1,1,19,4,7,148.4,0,0,0,1,0,1,19,0,0,6,6,6,13.833333333333334,0,0,6,7,6,14.428571428571429,0,15.5,2.8,-4.06,Graduate,Low,Journalism and Communication
STD260374,4,39,1,9991,0,1,140.0,1,1,37,141,192,129.7,0,0,0,1,0,0,35,0,0,5,8,5,12.0,0,0,5,9,5,12.857142857142858,0,13.9,-0.3,0.79,Graduate,Low,Management (evening attendance)
STD260375,2,39,1,9085,1,19,133.1,1,38,38,4,7,128.2,0,0,0,1,0,0,31,0,0,6,0,0,0.0,0,0,6,0,0,0.0,0,12.7,3.7,-1.7,Dropout,High,Veterinary Nursing
STD260376,2,51,1,8014,0,19,133.1,1,37,37,9,9,104.0,0,0,1,1,0,0,42,0,5,11,14,10,11.9,0,5,11,14,10,12.8,0,11.1,0.6,2.02,Enrolled,Low,Social Service (evening attendance)
STD260377,1,18,4,9147,1,1,130.0,1,37,37,9,9,119.9,1,0,0,0,0,0,34,0,0,5,5,0,0.0,0,0,5,0,0,0.0,0,9.4,-0.8,-3.12,Dropout,High,Management
STD260378,1,1,1,9500,1,1,152.0,1,1,1,4,4,141.0,1,0,0,1,0,1,18,0,0,7,7,7,15.135714285714286,0,0,8,8,8,15.287499999999998,0,12.4,0.5,1.79,Graduate,Low,Nursing
STD260379,1,17,1,9853,1,1,125.0,1,3,3,3,3,116.6,1,0,0,0,0,1,18,0,0,7,7,7,12.285714285714286,0,0,7,8,6,13.333333333333334,0,8.9,1.4,3.51,Enrolled,High,Basic Education
STD260380,1,44,1,9085,1,39,140.0,1,37,38,5,6,140.0,1,0,0,1,0,0,21,0,2,6,16,5,12.666666666666666,0,1,6,15,2,13.5,0,16.2,0.3,-0.92,Enrolled,Low,Veterinary Nursing
STD260381,4,39,1,9500,1,19,133.1,1,38,19,5,7,140.0,0,0,0,1,0,1,26,0,0,7,13,5,12.74,0,0,8,12,6,10.978571428571428,0,16.2,0.3,-0.92,Dropout,Medium,Nursing
STD260382,1,43,1,9500,1,1,170.0,1,19,37,8,8,100.0,0,0,0,1,0,0,20,0,0,7,8,6,13.25,0,0,8,8,8,13.75,0,13.9,-0.3,0.79,Enrolled,Low,Nursing
STD260383,1,1,1,9238,1,1,135.0,1,38,38,5,7,121.0,0,0,0,1,0,0,19,0,0,6,13,3,10.333333333333334,0,0,6,12,3,10.333333333333334,0,7.6,2.6,0.32,Enrolled,Medium,Social Service
STD260384,1,1,1,9853,1,1,125.0,1,19,19,5,5,117.0,0,0,0,1,0,1,19,0,0,6,7,6,13.428571428571429,0,0,6,6,6,13.166666666666666,0,15.5,2.8,-4.06,Graduate,Low,Basic Education
STD260385,1,53,1,9147,1,42,140.0,1,3,4,2,1,140.2,0,0,0,1,0,0,20,0,6,11,19,9,12.555555555555555,0,3,9,14,8,11.11111111111111,0,8.9,1.4,3.51,Graduate,Low,Management
STD260386,1,1,1,9238,1,1,124.0,1,34,34,0,0,129.3,0,0,0,1,0,0,19,0,0,6,8,6,11.5,0,0,6,7,6,11.166666666666666,0,7.6,2.6,0.32,Graduate,Low,Social Service
STD260387,1,1,1,9853,1,1,140.0,1,37,37,9,9,145.3,0,0,0,1,0,0,18,0,0,6,6,6,13.666666666666666,0,0,6,9,6,12.333333333333334,0,7.6,2.6,0.32,Graduate,Low,Basic Education
STD260388,1,39,1,9991,0,3,130.0,1,37,37,9,9,146.2,0,0,0,1,0,0,28,0,10,14,16,11,11.272727272727272,0,6,11,16,10,12.0,0,10.8,1.4,1.74,Graduate,Low,Management (evening attendance)
STD260389,1,17,1,9853,1,1,134.0,1,1,19,4,5,122.5,1,0,0,1,0,0,22,0,0,6,10,5,13.166666666666666,0,0,6,8,5,12.4,0,15.5,2.8,-4.06,Enrolled,Low,Basic Education
STD260390,1,44,1,8014,0,39,160.0,1,37,37,7,7,156.1,0,0,0,1,0,1,21,0,3,6,6,6,14.666666666666666,0,2,6,6,6,14.166666666666666,0,13.9,-0.3,0.79,Graduate,Low,Social Service (evening attendance)
STD260391,1,44,1,9085,1,39,140.0,1,4,38,4,5,140.0,1,0,0,1,0,0,21,0,0,6,11,4,12.75,0,0,6,19,1,11.0,0,12.4,0.5,1.79,Enrolled,Medium,Veterinary Nursing
STD260392,1,39,1,9500,1,1,150.0,1,1,19,5,3,140.0,0,1,0,1,0,0,26,0,0,7,11,5,11.2,0,0,8,13,5,12.14,0,16.2,0.3,-0.92,Enrolled,Medium,Nursing
STD260393,1,1,6,9773,1,1,141.0,1,30,37,7,7,128.4,1,0,1,0,0,0,18,0,0,6,8,5,13.0,0,0,6,8,5,11.4,0,7.6,2.6,0.32,Dropout,High,Journalism and Communication
STD260394,1,17,2,9085,1,1,120.0,1,1,1,9,10,115.0,0,0,0,0,0,0,20,0,0,5,8,2,10.5,0,0,5,8,2,12.333333333333334,0,7.6,2.6,0.32,Dropout,High,Veterinary Nursing
STD260395,1,17,2,9085,1,1,166.0,1,1,19,4,3,158.7,0,0,0,1,0,0,18,0,0,6,7,6,14.857142857142858,0,0,6,7,6,14.0,0,11.1,0.6,2.02,Graduate,Low,Veterinary Nursing
STD260396,1,1,4,9500,1,1,147.0,1,1,1,4,9,124.5,1,0,0,1,0,1,19,0,0,8,11,7,12.86,0,0,8,11,7,12.86,0,10.8,1.4,1.74,Graduate,Low,Nursing
STD260397,1,51,1,9238,1,1,121.0,1,3,19,3,10,111.9,1,0,0,1,0,0,20,0,5,11,12,11,11.727272727272728,0,5,11,14,11,12.0,0,12.4,0.5,1.79,Graduate,Low,Social Service
STD260398,1,44,1,9085,1,39,150.0,1,38,37,4,6,150.0,1,0,0,1,0,1,22,0,3,6,11,6,13.142857142857142,0,2,6,10,3,12.0,0,13.9,-0.3,0.79,Graduate,Low,Veterinary Nursing
STD260399,1,17,1,9670,1,1,124.0,1,37,19,5,8,114.2,1,0,1,1,0,0,18,0,0,6,6,5,11.8,0,0,6,9,4,13.714285714285714,0,10.8,1.4,1.74,Dropout,Low,Advertising and Marketing Management
STD260400,1,17,1,9147,1,1,96.0,1,38,37,6,4,96.0,1,0,0,1,0,0,19,0,0,5,10,3,10.666666666666666,0,0,5,9,0,0.0,3,16.2,0.3,-0.92,Dropout,Medium,Management
STD260401,1,17,4,9070,1,1,125.0,1,1,3,3,3,128.9,0,0,0,1,0,1,18,0,0,6,9,5,11.6,0,0,6,8,4,11.2,0,8.9,1.4,3.51,Enrolled,Low,Communication Design
STD260402,1,17,1,9254,1,1,136.0,1,37,37,7,7,121.7,1,0,0,1,0,0,20,0,0,6,13,3,10.333333333333334,0,0,6,12,3,10.333333333333334,0,10.8,1.4,1.74,Enrolled,Medium,Tourism
STD260403,1,1,1,9773,1,1,120.0,1,38,37,9,9,114.8,1,1,0,1,0,0,19,0,0,6,11,4,12.25,0,0,6,11,3,11.0,0,7.6,2.6,0.32,Enrolled,Medium,Journalism and Communication
STD260404,1,1,1,9254,1,1,128.0,1,19,38,9,9,127.0,0,0,0,1,0,0,19,0,0,6,6,6,12.0,0,0,6,7,4,12.75,0,12.4,0.5,1.79,Enrolled,Low,Tourism
STD260405,1,17,1,9500,1,1,142.0,1,37,37,5,5,131.3,1,0,0,1,0,0,19,0,0,8,8,7,14.731428571428571,0,0,8,8,7,14.731428571428571,0,10.8,1.4,1.74,Graduate,Low,Nursing
STD260406,1,1,1,171,1,1,135.0,1,1,19,3,9,137.1,1,0,0,1,0,0,18,0,0,0,0,0,0.0,0,0,0,0,0,0.0,0,12.7,3.7,-1.7,Graduate,High,Animation and Multimedia Design
STD260407,1,7,1,9070,1,40,120.0,1,1,19,3,9,120.0,1,0,0,1,0,0,21,0,9,13,14,13,13.615384615384617,1,6,12,12,12,14.25,0,13.9,-0.3,0.79,Graduate,Low,Communication Design
STD260408,1,39,1,9991,0,40,140.0,1,1,19,9,9,139.0,0,0,0,1,0,0,27,0,0,5,5,5,15.8,0,0,5,5,5,14.8,0,8.9,1.4,3.51,Graduate,Low,Management (evening attendance)
STD260409,1,17,1,9238,1,1,135.0,1,1,19,4,4,129.1,0,0,0,1,0,0,19,0,0,6,6,6,14.666666666666666,0,0,6,7,6,14.571428571428571,0,15.5,2.8,-4.06,Graduate,Low,Social Service
STD260410,4,39,1,9085,1,1,133.1,1,34,34,0,0,128.2,0,0,0,1,0,0,25,0,0,5,5,0,0.0,0,0,5,5,0,0.0,0,7.6,2.6,0.32,Dropout,High,Veterinary Nursing
STD260411,1,1,2,9500,1,1,137.0,1,19,19,7,7,120.8,1,0,0,1,0,1,18,0,0,8,8,7,14.654285714285717,0,0,8,8,7,14.654285714285717,0,10.8,1.4,1.74,Graduate,Low,Nursing
STD260412,1,39,1,9500,1,3,122.0,1,19,1,4,8,135.8,0,0,0,1,0,0,24,0,0,8,8,7,12.401428571428571,0,0,8,8,7,12.401428571428571,0,10.8,1.4,1.74,Graduate,Low,Nursing
STD260413,1,1,3,9500,1,1,128.0,1,1,1,4,10,118.9,1,0,0,1,0,0,20,0,0,7,8,7,11.5875,0,0,8,9,7,14.071428571428571,0,13.9,-0.3,0.79,Graduate,Low,Nursing
STD260414,1,7,1,9991,0,40,140.0,1,37,37,6,6,140.0,0,0,0,1,0,0,26,0,3,5,5,5,14.0,0,1,5,5,5,15.6,0,12.4,0.5,1.79,Graduate,Low,Management (evening attendance)
STD260415,1,1,1,9238,1,1,132.0,1,1,38,9,7,127.1,1,0,0,1,0,1,20,0,0,6,9,6,12.333333333333334,0,0,6,6,6,11.833333333333334,0,8.9,1.4,3.51,Graduate,Low,Social Service
STD260416,1,1,1,9085,1,1,131.0,1,37,37,90,90,137.0,0,0,0,1,0,0,18,0,0,5,5,5,14.0,0,0,5,6,5,15.4,0,7.6,2.6,0.32,Graduate,Low,Veterinary Nursing
STD260417,1,1,1,9085,1,1,126.0,1,1,1,9,9,127.4,1,0,0,1,0,0,19,0,0,6,13,6,15.23076923076923,0,0,6,10,6,12.375,0,15.5,2.8,-4.06,Graduate,Low,Veterinary Nursing
STD260418,1,1,1,9853,1,1,133.1,1,19,19,9,9,97.0,1,0,0,1,0,0,23,0,0,6,9,5,11.6,0,0,6,9,3,11.0,0,12.7,3.7,-1.7,Dropout,Low,Basic Education
STD260419,1,1,4,9500,1,1,136.0,1,37,37,9,9,126.3,1,0,0,1,0,1,18,0,0,7,7,6,11.6,0,0,7,7,6,11.6,0,7.6,2.6,0.32,Graduate,Low,Nursing
STD260420,1,1,4,9500,1,1,140.0,1,1,19,4,5,127.5,0,0,0,1,0,0,18,0,0,7,0,0,0.0,0,0,8,0,0,0.0,0,12.7,3.7,-1.7,Dropout,High,Nursing
STD260421,1,1,1,9500,1,1,135.0,1,2,1,2,8,126.6,0,0,0,1,0,1,19,0,0,7,7,7,12.901428571428571,0,0,8,9,8,13.094444444444443,0,11.1,0.6,2.02,Graduate,Low,Nursing
STD260422,1,42,1,9991,0,1,160.0,1,1,2,4,3,120.0,0,0,0,1,0,0,30,0,4,7,9,7,14.142857142857142,0,1,5,5,5,14.8,0,7.6,2.6,0.32,Graduate,Low,Management (evening attendance)
STD260423,1,44,1,9085,1,39,140.0,1,1,2,4,6,140.0,1,0,0,1,0,0,29,0,0,6,0,0,0.0,0,0,6,0,0,0.0,0,15.5,2.8,-4.06,Dropout,High,Veterinary Nursing
STD260424,1,1,6,9500,1,1,140.0,1,3,1,3,3,131.5,1,0,0,1,0,0,19,0,0,8,8,8,13.25375,0,0,8,8,8,13.25375,0,9.4,-0.8,-3.12,Graduate,Low,Nursing
STD260425,1,17,6,9556,1,1,115.0,1,19,2,5,3,112.2,1,0,0,1,0,0,20,0,0,7,7,7,13.785714285714286,0,0,8,8,8,14.1,0,12.4,0.5,1.79,Graduate,Low,Oral Hygiene
STD260426,1,1,1,9500,1,1,144.0,1,37,37,9,3,150.5,0,0,0,1,0,0,20,0,0,7,7,6,13.916666666666666,0,0,7,7,6,13.916666666666666,0,7.6,2.6,0.32,Graduate,Low,Nursing
STD260427,1,1,4,9670,1,1,128.0,1,38,38,3,7,121.0,1,0,0,1,0,0,19,0,0,6,8,6,13.5,0,0,6,9,6,13.571428571428571,0,11.1,0.6,2.02,Graduate,Low,Advertising and Marketing Management
STD260428,1,17,1,9147,1,1,116.0,1,38,2,9,2,112.2,1,0,0,1,0,0,20,0,0,5,8,3,11.333333333333334,0,0,5,12,2,10.666666666666666,0,10.8,1.4,1.74,Enrolled,Medium,Management
STD260429,3,1,2,9085,1,1,135.0,1,19,1,4,4,129.4,1,0,0,1,0,0,21,0,0,5,8,0,0.0,4,0,5,12,0,0.0,4,10.8,1.4,1.74,Dropout,High,Veterinary Nursing
STD260430,1,17,1,9670,1,1,121.0,1,19,38,4,10,114.4,0,0,0,1,0,0,19,0,0,6,10,5,11.5,0,0,6,9,4,14.6,0,11.1,0.6,2.02,Graduate,Low,Advertising and Marketing Management
STD260431,1,1,3,9500,1,1,134.0,1,37,38,9,9,120.3,1,0,0,1,0,1,18,0,0,8,8,7,12.082857142857142,0,0,8,8,7,12.082857142857142,0,10.8,1.4,1.74,Graduate,Low,Nursing
STD260432,1,39,1,8014,0,1,120.0,1,37,37,7,8,120.0,0,0,0,1,0,1,27,0,0,6,8,6,11.833333333333334,0,0,6,10,5,12.8,0,15.5,2.8,-4.06,Graduate,Low,Social Service (evening attendance)
STD260433,1,17,2,9147,1,1,125.0,1,38,38,6,8,114.5,1,0,0,1,0,1,19,0,0,5,6,5,13.4,0,0,5,5,5,12.4,0,12.4,0.5,1.79,Graduate,Low,Management
STD260434,1,1,1,9500,1,1,141.0,1,1,1,90,3,127.8,0,0,0,1,0,1,19,0,0,7,7,0,0.0,2,0,7,7,0,0.0,2,7.6,2.6,0.32,Dropout,High,Nursing
STD260435,1,1,1,9773,1,1,140.0,1,1,19,4,8,124.6,1,0,0,1,0,0,19,0,0,6,7,5,14.2,0,0,6,7,6,14.571428571428571,0,15.5,2.8,-4.06,Graduate,Low,Journalism and Communication
STD260436,1,1,6,9500,1,1,144.0,1,19,19,5,5,130.3,1,0,0,1,0,1,18,0,0,8,8,7,13.814285714285717,0,0,8,8,7,13.814285714285717,0,12.7,3.7,-1.7,Graduate,Low,Nursing
STD260437,1,17,1,9254,1,1,122.0,1,19,19,5,5,118.2,0,0,0,1,0,1,20,0,0,6,10,4,11.25,0,0,6,6,6,10.5,0,12.4,0.5,1.79,Enrolled,Medium,Tourism
STD260438,1,1,1,9670,1,1,130.0,1,19,37,4,5,118.8,0,0,0,1,0,1,18,0,0,6,6,6,14.5,0,0,6,8,6,13.666666666666666,0,12.7,3.7,-1.7,Graduate,Low,Advertising and Marketing Management
STD260439,1,1,5,9670,1,1,133.1,1,9,1,2,4,133.0,1,0,0,1,0,0,19,0,0,6,0,0,0.0,0,0,6,0,0,0.0,0,7.6,2.6,0.32,Dropout,High,Advertising and Marketing Management
STD260440,2,39,1,9500,1,19,133.1,1,37,37,9,9,129.0,1,0,0,1,0,0,36,0,0,7,7,6,11.3,0,0,7,7,6,11.3,0,7.6,2.6,0.32,Graduate,Low,Nursing
STD260441,1,43,1,9556,1,1,147.0,1,3,4,3,2,100.0,0,0,0,1,0,0,18,0,0,2,2,0,0.0,0,0,4,4,1,16.0,0,10.8,1.4,1.74,Enrolled,High,Oral Hygiene
STD260442,1,43,1,9130,1,1,127.0,1,19,38,4,5,120.7,1,0,1,1,0,0,18,0,0,5,11,1,12.0,0,0,5,9,3,12.0,0,12.7,3.7,-1.7,Enrolled,High,Equinculture
STD260443,1,17,6,9500,1,1,136.0,1,19,38,9,3,132.5,1,0,0,1,0,0,19,0,0,8,9,7,12.3,0,0,8,9,7,12.3,0,12.7,3.7,-1.7,Graduate,Low,Nursing
STD260444,1,1,5,9500,1,1,127.0,1,19,19,7,8,120.3,1,0,0,1,0,1,18,0,0,8,8,7,12.694285714285714,0,0,8,8,7,12.694285714285714,0,10.8,1.4,1.74,Graduate,Low,Nursing
STD260445,1,17,1,9670,1,1,123.0,1,19,19,1,1,114.6,0,0,0,1,0,0,18,0,0,5,5,4,11.0,0,0,5,5,4,11.0,0,9.4,-0.8,-3.12,Graduate,Low,Advertising and Marketing Management
STD260446,1,1,1,9238,1,1,128.0,1,37,19,9,3,116.5,1,0,0,1,0,1,19,0,0,6,6,6,13.0,0,0,6,6,6,14.166666666666666,0,12.4,0.5,1.79,Graduate,Low,Social Service
STD260447,1,1,1,9500,1,1,128.0,1,3,1,2,1,127.8,0,0,0,1,0,1,19,0,0,7,8,7,14.4125,0,0,8,8,8,16.05,0,13.9,-0.3,0.79,Graduate,Low,Nursing
STD260448,1,1,2,9500,1,1,140.0,1,1,19,7,7,129.9,1,0,0,1,0,0,18,0,0,7,8,7,12.92875,0,0,8,8,8,14.0625,0,15.5,2.8,-4.06,Dropout,Low,Nursing
STD260449,1,1,2,9773,1,1,121.0,1,1,19,9,7,118.9,1,0,0,1,0,0,20,0,0,6,6,6,13.333333333333334,0,0,6,10,5,12.8,0,11.1,0.6,2.02,Graduate,Low,Journalism and Communication
STD260450,1,1,3,9254,1,1,122.0,1,19,38,3,10,114.3,1,0,0,1,0,1,20,0,0,6,8,5,12.8,0,0,6,9,5,12.8,0,12.4,0.5,1.79,Enrolled,Low,Tourism
STD260451,1,18,1,9500,1,1,126.0,1,38,37,5,5,114.8,1,0,0,1,0,0,20,0,0,8,8,7,14.402857142857142,0,0,8,8,7,14.402857142857142,0,10.8,1.4,1.74,Graduate,Low,Nursing
STD260452,1,1,4,9500,1,1,135.0,1,37,37,9,8,123.0,1,0,0,1,0,1,18,0,0,8,8,7,13.381428571428572,0,0,8,8,7,13.381428571428572,0,10.8,1.4,1.74,Graduate,Low,Nursing
STD260453,1,1,2,9500,1,1,131.0,1,19,19,7,5,122.1,1,0,0,1,0,0,18,0,0,7,8,7,14.13125,0,0,8,8,8,13.98375,0,15.5,2.8,-4.06,Graduate,Low,Nursing
STD260454,1,17,4,9085,1,1,140.0,1,19,37,4,7,123.7,0,0,0,1,0,0,19,0,0,5,11,5,11.714285714285714,2,0,5,6,5,12.6,0,9.4,-0.8,-3.12,Graduate,Low,Veterinary Nursing
STD260455,1,1,3,9147,1,1,131.0,1,19,38,9,7,132.4,1,0,0,1,0,0,19,0,0,5,5,5,11.8,0,0,5,8,4,11.25,0,9.4,-0.8,-3.12,Enrolled,Low,Management
STD260456,2,39,1,8014,0,1,130.0,1,34,34,99,99,114.8,0,0,0,1,0,0,44,0,0,6,9,6,11.166666666666666,0,1,6,15,2,11.0,1,7.6,2.6,0.32,Graduate,Low,Social Service (evening attendance)
STD260457,1,7,1,9003,1,3,130.0,1,38,37,5,6,130.0,0,0,0,1,0,0,32,0,0,6,7,0,0.0,0,0,6,6,0,0.0,0,12.4,0.5,1.79,Dropout,High,Agronomy
STD260458,1,43,1,9853,1,1,140.0,1,37,19,9,8,122.3,0,0,0,1,0,0,22,0,0,6,9,5,13.6,0,0,6,8,5,12.0,0,12.7,3.7,-1.7,Dropout,Low,Basic Education
STD260459,2,39,1,9003,1,1,130.0,1,1,19,4,9,152.4,1,0,0,1,0,0,36,0,4,12,14,12,13.846153846153848,0,5,12,18,11,14.090909090909092,0,8.9,1.4,3.51,Graduate,Low,Agronomy
STD260460,1,17,1,9773,1,1,125.0,1,37,37,5,7,120.1,0,0,0,1,0,1,18,0,0,6,7,6,12.5,0,0,6,8,6,13.333333333333334,0,16.2,0.3,-0.92,Graduate,Low,Journalism and Communication
STD260461,1,1,1,9130,1,1,160.0,1,3,3,3,2,155.1,1,0,0,1,0,0,20,0,0,5,5,5,16.4,0,0,5,5,5,14.6,0,12.7,3.7,-1.7,Graduate,Low,Equinculture
STD260462,1,51,1,9070,1,1,130.0,1,19,19,5,7,124.5,0,0,0,1,0,1,20,0,5,11,11,11,13.818181818181818,0,5,11,11,11,13.454545454545457,0,11.1,0.6,2.02,Graduate,Low,Communication Design
STD260463,1,17,1,9238,1,1,144.0,1,3,1,2,3,126.9,0,0,0,1,0,0,19,0,0,6,8,5,10.6,0,0,6,11,4,10.5,0,15.5,2.8,-4.06,Graduate,Low,Social Service
STD260464,1,39,1,9147,1,19,133.1,1,3,1,3,5,153.2,1,0,1,1,0,0,24,0,0,5,8,5,10.2,0,0,5,6,5,12.2,0,12.4,0.5,1.79,Graduate,Low,Management
STD260465,1,17,1,9238,1,1,148.0,1,1,1,4,9,129.8,0,0,0,1,0,0,20,0,0,6,11,5,10.6,0,0,6,11,4,10.4,0,15.5,2.8,-4.06,Enrolled,Low,Social Service
STD260466,1,43,1,8014,0,1,133.1,1,3,3,2,3,135.0,0,0,0,1,0,0,27,0,7,10,10,9,11.444444444444445,0,4,11,11,5,10.8,0,10.8,1.4,1.74,Dropout,Low,Social Service (evening attendance)
STD260467,1,1,1,9853,1,1,133.0,1,1,38,5,10,131.3,1,0,0,1,0,0,20,0,0,6,9,5,14.333333333333334,0,4,8,8,8,12.625,0,15.5,2.8,-4.06,Enrolled,Low,Basic Education
STD260468,1,43,6,9238,1,1,129.0,1,34,34,0,0,125.2,0,0,0,1,0,1,23,0,15,16,18,16,13.0,0,11,13,15,13,13.266666666666667,0,9.4,-0.8,-3.12,Graduate,Low,Social Service
STD260469,1,1,5,9500,1,1,144.0,1,19,38,4,8,141.3,1,0,0,1,0,1,18,0,0,8,9,8,13.31,1,0,8,9,8,13.31,1,9.4,-0.8,-3.12,Graduate,Low,Nursing
STD260470,1,17,1,9238,1,1,120.0,1,37,37,4,9,117.1,1,0,0,1,0,1,18,0,0,6,10,5,10.571428571428571,1,0,6,9,5,12.2,0,12.7,3.7,-1.7,Graduate,Low,Social Service
STD260471,1,17,3,9500,1,1,144.0,1,1,37,9,9,126.5,1,0,0,1,0,1,20,0,0,8,8,7,13.487142857142857,0,0,8,8,7,13.487142857142857,0,10.8,1.4,1.74,Graduate,Low,Nursing
STD260472,1,1,1,9254,1,1,132.0,1,19,38,9,7,120.1,0,0,0,1,0,1,20,0,0,6,6,6,12.333333333333334,0,0,6,7,6,11.833333333333334,0,13.9,-0.3,0.79,Graduate,Low,Tourism
STD260473,1,1,1,9670,1,1,142.0,1,38,19,7,10,128.4,0,0,0,1,0,0,23,0,0,6,11,6,11.875,0,0,6,9,5,12.833333333333334,0,11.1,0.6,2.02,Dropout,Low,Advertising and Marketing Management
STD260474,1,1,2,9500,1,1,136.0,1,19,19,9,9,140.0,1,0,0,1,0,0,20,0,0,7,7,6,13.966666666666669,0,0,7,7,6,13.966666666666669,0,7.6,2.6,0.32,Graduate,Low,Nursing
STD260475,1,39,1,9254,1,9,133.1,1,34,34,0,0,110.0,1,0,0,0,0,0,28,0,0,5,10,0,0.0,0,0,5,10,0,0.0,0,7.6,2.6,0.32,Dropout,High,Tourism
STD260476,1,1,1,9670,1,1,122.0,1,1,19,3,5,116.8,1,0,0,1,0,0,21,0,0,5,8,4,11.5,0,0,5,5,5,12.8,0,7.6,2.6,0.32,Graduate,Low,Advertising and Marketing Management
STD260477,1,1,2,9556,1,1,133.1,1,19,19,9,9,104.5,1,0,0,1,0,0,21,0,0,2,2,2,12.5,0,0,7,0,0,0.0,0,12.4,0.5,1.79,Dropout,Low,Oral Hygiene
STD260478,1,7,1,9500,1,3,140.0,1,34,34,0,0,140.0,0,0,0,1,0,0,28,0,0,7,0,0,0.0,0,0,8,0,0,0.0,0,7.6,2.6,0.32,Dropout,High,Nursing
STD260479,1,1,1,9500,1,1,117.0,1,3,1,3,3,113.2,0,1,0,1,0,0,18,0,0,7,10,6,11.98,0,0,8,11,7,13.225,0,16.2,0.3,-0.92,Graduate,Low,Nursing
STD260480,1,17,1,9238,1,1,128.0,1,38,19,191,175,118.6,1,0,0,1,0,1,21,0,0,6,8,5,13.2,0,0,6,7,5,11.8,0,8.9,1.4,3.51,Enrolled,Low,Social Service
STD260481,1,1,1,9500,1,1,136.0,1,1,1,4,4,123.8,0,0,0,1,0,0,19,0,0,7,10,6,11.614285714285714,0,0,8,8,8,14.0375,0,13.9,-0.3,0.79,Graduate,Low,Nursing
STD260482,1,18,6,9500,1,1,141.0,1,1,19,1,1,126.7,1,0,0,1,0,1,18,0,0,8,8,7,14.314285714285717,0,0,8,8,7,14.314285714285717,0,12.7,3.7,-1.7,Graduate,Low,Nursing
STD260483,1,1,3,9500,1,1,130.0,1,3,1,2,5,133.8,0,0,0,1,0,0,19,0,0,7,0,0,0.0,0,0,8,0,0,0.0,0,7.6,2.6,0.32,Dropout,High,Nursing
STD260484,1,44,1,9085,1,39,140.0,1,38,38,9,7,140.0,0,0,0,1,0,0,20,0,2,6,9,6,12.666666666666666,0,1,6,12,2,13.0,0,13.9,-0.3,0.79,Enrolled,Low,Veterinary Nursing
STD260485,1,1,3,9500,1,1,102.0,1,1,19,9,5,100.6,1,0,0,1,0,1,20,0,0,7,9,6,12.766666666666666,0,0,8,10,7,12.128571428571428,0,12.4,0.5,1.79,Graduate,Low,Nursing
STD260486,1,17,1,9853,1,1,126.0,1,1,37,7,9,132.7,0,0,0,1,0,1,18,0,0,6,7,6,12.666666666666666,0,0,6,7,5,12.2,0,10.8,1.4,1.74,Graduate,Low,Basic Education
STD260487,1,43,2,9670,1,1,125.0,1,38,19,4,3,106.6,1,0,0,1,0,0,20,0,4,6,7,6,11.5,0,0,6,10,4,10.571428571428571,0,10.8,1.4,1.74,Dropout,Low,Advertising and Marketing Management
STD260488,1,39,1,9670,1,1,120.0,1,1,19,5,4,140.4,0,0,0,1,0,0,31,0,2,6,13,5,11.4,0,0,6,14,4,11.75,0,13.9,-0.3,0.79,Dropout,Low,Advertising and Marketing Management
STD260489,1,17,3,9500,1,1,132.0,1,37,37,9,7,128.3,1,0,0,1,0,1,19,0,0,7,8,7,14.70625,0,0,8,8,8,14.4775,0,15.5,2.8,-4.06,Graduate,Low,Nursing
STD260490,1,1,3,9500,1,1,128.0,1,38,38,5,5,118.6,1,0,0,1,0,1,19,0,0,7,9,6,11.814285714285717,0,0,8,8,7,13.542857142857144,0,13.9,-0.3,0.79,Graduate,Low,Nursing
STD260491,1,1,1,9070,1,1,115.0,1,19,1,3,8,123.4,0,0,0,1,0,0,23,0,1,6,8,6,13.0,1,0,6,8,6,11.875,0,13.9,-0.3,0.79,Graduate,Low,Communication Design
STD260492,1,1,1,9670,1,1,125.0,1,37,37,5,5,124.0,0,0,0,1,0,0,19,0,0,6,7,6,14.857142857142858,0,0,6,6,6,13.333333333333334,0,12.4,0.5,1.79,Graduate,Low,Advertising and Marketing Management
STD260493,1,1,6,9500,1,1,137.0,1,1,3,3,2,121.3,1,0,0,1,0,0,20,0,0,7,7,6,12.6,0,0,7,7,6,12.6,0,7.6,2.6,0.32,Graduate,Low,Nursing
STD260494,1,1,1,9085,1,1,101.0,1,37,37,9,4,101.0,1,0,1,1,0,0,22,0,0,6,9,5,13.333333333333334,0,0,6,17,4,11.4,0,12.4,0.5,1.79,Enrolled,Low,Veterinary Nursing
STD260495,1,1,1,9853,1,1,126.0,1,3,1,2,5,116.9,1,1,0,1,0,0,18,0,0,7,10,6,10.666666666666666,0,0,7,12,6,12.833333333333334,0,13.9,-0.3,0.79,Enrolled,Low,Basic Education
STD260496,1,7,3,9130,1,3,130.0,1,19,37,90,5,130.0,0,0,1,0,0,0,27,0,1,5,6,2,11.5,0,0,5,5,1,11.0,0,12.7,3.7,-1.7,Dropout,High,Equinculture
STD260497,1,39,1,9556,1,19,100.0,1,37,38,9,9,120.0,0,0,0,1,0,0,29,0,0,7,9,1,10.0,0,0,7,0,0,0.0,0,12.7,3.7,-1.7,Dropout,High,Oral Hygiene
STD260498,1,17,1,9254,1,1,122.0,1,1,19,4,3,130.4,1,0,0,1,0,0,18,0,0,6,10,5,11.8,0,0,6,10,5,12.2,0,11.1,0.6,2.02,Graduate,Low,Tourism
STD260499,1,17,1,9070,1,1,126.0,1,19,38,9,7,118.7,0,0,0,1,0,0,18,0,0,6,7,5,11.8,0,0,6,6,6,12.666666666666666,0,16.2,0.3,-0.92,Graduate,Low,Communication Design
STD260500,1,17,1,9500,1,1,128.0,1,38,38,7,7,131.5,0,0,0,1,0,0,18,0,0,8,8,8,12.77125,0,0,8,8,8,12.77125,0,9.4,-0.8,-3.12,Graduate,Low,Nursing
STD260501,1,17,3,9085,1,1,134.0,1,37,38,9,9,120.4,1,0,0,1,0,0,20,0,0,5,13,3,11.333333333333334,2,0,5,8,5,12.6,0,9.4,-0.8,-3.12,Enrolled,Medium,Veterinary Nursing
STD260502,1,17,2,9254,1,1,128.0,1,38,38,9,9,129.1,1,0,0,1,0,0,18,0,0,6,6,6,12.666666666666666,0,0,6,7,5,14.6,0,11.1,0.6,2.02,Graduate,Low,Tourism
STD260503,1,1,1,9070,1,1,125.0,1,1,1,4,4,132.0,0,0,0,0,0,0,18,0,1,6,10,5,12.2,1,0,6,11,4,10.833333333333334,0,13.9,-0.3,0.79,Enrolled,High,Communication Design
STD260504,1,7,2,9085,1,3,130.0,1,3,3,1,1,130.0,0,0,0,0,0,0,28,0,0,5,9,1,12.0,1,0,4,10,0,0.0,4,10.8,1.4,1.74,Dropout,High,Veterinary Nursing
STD260505,1,1,2,9500,1,1,135.0,1,37,1,7,7,132.8,1,0,0,1,0,1,18,0,0,8,12,7,11.721428571428572,0,0,8,12,7,11.721428571428572,0,12.7,3.7,-1.7,Graduate,Low,Nursing
STD260506,1,39,1,9500,1,19,133.1,1,37,38,151,161,143.7,0,0,0,1,0,0,27,0,0,7,12,4,14.0,0,0,7,14,3,12.525,0,12.4,0.5,1.79,Enrolled,Medium,Nursing
STD260507,1,39,1,33,1,1,140.0,1,3,1,2,4,152.8,0,0,0,1,0,0,26,0,0,7,9,7,14.75,0,0,7,12,5,13.8,3,16.2,0.3,-0.92,Enrolled,Low,Biofuel Production Technologies
STD260508,1,1,2,9773,1,1,138.0,1,19,1,9,3,133.5,1,0,0,1,0,0,18,0,0,6,6,6,12.666666666666666,0,0,6,6,6,13.666666666666666,0,12.7,3.7,-1.7,Graduate,Low,Journalism and Communication
STD260509,1,1,1,9130,1,1,150.0,1,5,5,2,2,146.2,0,0,0,1,0,0,18,0,0,5,12,4,13.0,2,0,5,6,5,14.0,0,9.4,-0.8,-3.12,Dropout,Low,Equinculture
STD260510,1,1,2,9147,1,1,125.0,1,1,19,4,6,115.2,0,1,0,1,0,0,21,0,0,5,6,0,0.0,0,0,5,5,0,0.0,0,15.5,2.8,-4.06,Dropout,High,Management
STD260511,1,1,2,9070,1,1,121.0,1,4,1,2,3,120.7,1,0,0,1,0,0,18,0,0,6,8,4,10.75,0,0,6,9,0,0.0,0,9.4,-0.8,-3.12,Enrolled,Medium,Communication Design
STD260512,2,39,1,8014,0,1,120.0,1,34,34,99,99,101.8,0,0,0,0,0,0,32,0,0,5,5,0,0.0,0,0,5,10,0,0.0,0,10.8,1.4,1.74,Dropout,High,Social Service (evening attendance)
STD260513,1,39,2,9670,1,1,140.0,1,34,34,0,0,100.0,0,0,0,1,0,0,28,0,0,5,6,4,12.5,0,0,5,7,4,11.75,0,7.6,2.6,0.32,Graduate,Low,Advertising and Marketing Management
STD260514,1,39,1,9991,0,1,100.0,1,37,19,9,2,121.9,0,0,0,0,0,0,40,0,0,4,4,0,0.0,0,0,5,0,0,0.0,0,12.7,3.7,-1.7,Dropout,High,Management (evening attendance)
STD260515,2,18,2,8014,0,1,140.0,1,37,37,9,10,120.4,0,0,1,0,0,0,39,0,0,5,5,0,0.0,0,0,4,4,0,0.0,0,9.4,-0.8,-3.12,Dropout,High,Social Service (evening attendance)
STD260516,2,18,2,9238,1,1,140.0,1,37,37,9,10,120.4,0,0,1,0,0,0,39,0,0,6,0,0,0.0,0,0,6,0,0,0.0,0,9.4,-0.8,-3.12,Dropout,High,Social Service
STD260517,2,39,1,9003,1,1,120.0,1,37,19,9,4,148.8,0,0,0,1,0,0,50,0,0,6,7,6,12.5,0,0,6,15,5,12.4,0,8.9,1.4,3.51,Graduate,Low,Agronomy
STD260518,1,17,2,9853,1,1,138.0,1,1,1,9,4,123.0,1,0,0,1,0,0,23,0,0,6,10,5,12.8,0,0,6,9,3,11.666666666666666,0,10.8,1.4,1.74,Dropout,Low,Basic Education
STD260519,4,39,1,8014,0,19,133.1,1,34,34,0,0,100.0,0,0,0,1,0,0,48,0,0,6,11,1,10.0,0,0,6,11,1,11.0,0,9.4,-0.8,-3.12,Dropout,High,Social Service (evening attendance)
STD260520,1,17,2,9853,1,1,118.0,1,37,37,9,9,112.1,1,0,0,1,0,0,23,0,0,6,11,4,11.25,0,0,6,10,5,10.2,0,7.6,2.6,0.32,Dropout,Medium,Basic Education
STD260521,1,1,6,9500,1,1,135.0,1,37,1,5,5,126.8,1,0,0,1,0,1,18,0,0,8,8,7,12.61,0,0,8,8,7,12.61,0,10.8,1.4,1.74,Graduate,Low,Nursing
STD260522,1,17,1,9130,1,1,130.0,1,3,19,2,9,115.9,0,0,0,1,0,0,18,0,0,5,14,2,12.0,2,0,5,6,5,12.6,0,9.4,-0.8,-3.12,Graduate,High,Equinculture
STD260523,1,15,1,9238,1,1,150.0,26,3,37,2,8,132.5,1,0,0,0,0,0,20,1,0,6,9,5,13.0,0,0,6,7,6,13.5,0,13.9,-0.3,0.79,Graduate,High,Social Service
STD260524,1,18,3,9085,1,1,149.0,103,1,1,9,9,132.2,1,0,0,1,0,1,18,1,0,5,9,4,12.0,0,0,5,8,5,13.0,0,10.8,1.4,1.74,Graduate,Low,Veterinary Nursing
STD260525,1,1,1,9556,1,1,180.0,103,5,3,1,1,183.5,1,0,0,1,0,0,18,1,0,7,8,4,12.0,0,0,8,8,0,0.0,0,16.2,0.3,-0.92,Dropout,Medium,Oral Hygiene
STD260526,1,43,1,9119,1,1,133.1,1,1,1,9,3,136.0,0,0,0,1,1,0,31,0,0,5,12,1,12.0,0,0,5,9,1,11.0,4,16.2,0.3,-0.92,Dropout,High,Informatics Engineering
STD260527,1,39,1,9119,1,19,133.1,1,19,19,5,3,100.9,1,0,0,1,1,0,24,0,0,5,9,1,12.0,0,0,5,6,3,10.5,0,10.8,1.4,1.74,Enrolled,High,Informatics Engineering
STD260528,1,39,1,171,1,1,145.0,1,3,1,2,10,114.5,1,0,0,1,1,0,24,0,0,0,0,0,0.0,0,0,0,0,0,0.0,0,9.4,-0.8,-3.12,Graduate,High,Animation and Multimedia Design
STD260529,1,39,1,9147,1,1,110.0,1,37,37,9,9,110.3,0,0,1,0,1,0,26,0,0,5,5,0,0.0,0,0,5,9,0,0.0,0,10.8,1.4,1.74,Dropout,High,Management
STD260530,1,1,1,9130,1,1,154.0,1,3,3,2,2,137.2,1,0,1,1,1,0,18,0,0,6,11,5,13.625,0,0,6,9,4,11.75,0,16.2,0.3,-0.92,Dropout,Low,Equinculture
STD260531,1,17,1,9147,1,1,126.0,1,37,37,4,7,116.9,0,0,0,1,1,1,19,0,0,5,12,3,11.666666666666666,0,0,5,10,3,11.666666666666666,0,12.7,3.7,-1.7,Enrolled,Medium,Management
STD260532,1,17,1,9670,1,1,133.0,1,19,37,9,8,121.8,1,0,0,1,1,0,22,0,0,6,0,0,0.0,0,0,6,0,0,0.0,0,13.9,-0.3,0.79,Dropout,High,Advertising and Marketing Management
STD260533,1,1,2,9500,1,1,145.0,1,4,2,2,3,127.3,1,0,0,1,1,0,18,0,0,8,8,7,11.69,0,0,8,8,7,11.69,0,10.8,1.4,1.74,Graduate,Low,Nursing
STD260534,1,44,1,9070,1,39,120.0,1,1,19,4,7,120.0,0,0,1,0,1,0,20,0,0,6,11,0,0.0,6,0,6,12,0,0.0,12,16.2,0.3,-0.92,Dropout,High,Communication Design
STD260535,1,44,1,171,1,39,150.0,1,4,4,2,2,150.0,0,0,0,1,1,0,25,0,0,0,0,0,0.0,0,0,0,0,0,0.0,0,15.5,2.8,-4.06,Graduate,High,Animation and Multimedia Design
STD260536,1,43,1,9991,0,1,150.0,1,3,3,4,4,100.0,1,0,0,1,1,0,24,0,0,5,10,4,11.5,0,0,5,11,5,11.285714285714286,0,13.9,-0.3,0.79,Graduate,Low,Management (evening attendance)
STD260537,1,39,1,9119,1,1,150.0,1,3,3,4,4,150.0,1,0,0,1,1,0,27,0,0,5,10,1,14.0,0,0,5,0,0,0.0,0,8.9,1.4,3.51,Dropout,High,Informatics Engineering
STD260538,1,17,1,9254,1,1,127.0,1,3,19,4,4,116.9,0,0,0,1,1,0,21,0,0,6,7,5,11.0,0,0,6,7,5,12.4,0,15.5,2.8,-4.06,Graduate,Low,Tourism
STD260539,1,44,1,9003,1,39,140.0,1,19,38,3,9,140.0,1,0,0,1,1,0,21,0,0,6,7,6,12.857142857142858,0,0,6,6,6,13.166666666666666,0,12.4,0.5,1.79,Graduate,Low,Agronomy
STD260540,1,18,3,9773,1,1,128.0,1,19,1,9,9,122.1,1,0,0,1,1,0,19,0,0,6,9,4,12.5,0,0,6,6,6,11.333333333333334,0,10.8,1.4,1.74,Dropout,Medium,Journalism and Communication
STD260541,1,39,1,9500,1,1,127.0,1,19,19,5,5,160.0,0,0,0,1,1,0,28,0,0,7,7,7,14.528571428571428,0,0,8,11,8,15.018181818181818,0,16.2,0.3,-0.92,Graduate,Low,Nursing
STD260542,1,1,1,9147,1,1,117.0,1,19,19,5,7,118.4,0,0,0,1,1,0,20,0,0,5,8,5,10.0,0,0,5,10,2,12.0,0,7.6,2.6,0.32,Enrolled,Low,Management
STD260543,1,44,1,9003,1,39,150.0,1,1,19,4,10,150.0,0,0,0,1,1,1,21,0,0,6,8,6,13.0,0,0,6,10,6,12.625,0,15.5,2.8,-4.06,Graduate,Low,Agronomy
STD260544,1,1,1,9500,1,1,154.0,1,1,1,5,3,144.9,0,0,0,1,1,1,18,0,0,7,7,7,15.957142857142856,0,0,8,9,8,15.188888888888888,0,16.2,0.3,-0.92,Graduate,Low,Nursing
STD260545,1,17,2,9119,1,1,127.0,1,19,1,9,10,121.1,1,0,0,1,1,1,18,0,0,5,6,5,13.2,0,0,5,8,5,12.6,0,8.9,1.4,3.51,Enrolled,Low,Informatics Engineering
STD260546,1,1,2,9147,1,1,133.0,1,19,1,5,10,121.8,0,0,0,1,1,0,20,0,0,5,9,4,10.2,0,0,5,6,3,11.0,0,15.5,2.8,-4.06,Enrolled,Low,Management
STD260547,1,39,1,9119,1,40,120.0,1,1,1,5,10,146.8,0,0,0,1,1,0,25,0,2,5,6,5,14.2,0,1,5,5,2,13.5,0,16.2,0.3,-0.92,Enrolled,Low,Informatics Engineering
STD260548,1,1,1,9670,1,1,133.1,1,38,19,5,6,138.0,0,0,1,1,1,0,22,0,0,6,8,6,12.625,0,0,6,11,2,14.5,0,11.1,0.6,2.02,Enrolled,Low,Advertising and Marketing Management
STD260549,1,1,1,9500,1,1,149.0,1,37,37,9,9,138.0,0,0,0,1,1,0,18,0,0,8,11,6,13.496666666666668,1,0,8,11,6,13.496666666666668,1,9.4,-0.8,-3.12,Enrolled,Low,Nursing
STD260550,1,17,2,9147,1,1,125.0,1,19,38,9,7,116.3,1,0,0,1,1,0,19,0,0,5,8,5,13.25,0,0,5,8,5,11.0,0,13.9,-0.3,0.79,Graduate,Low,Management
STD260551,1,1,5,9119,1,1,126.0,1,12,19,4,5,122.5,1,0,0,1,1,0,19,0,0,5,12,3,12.0,0,0,5,10,3,12.0,0,12.4,0.5,1.79,Dropout,Medium,Informatics Engineering
STD260552,1,39,1,9773,1,19,133.1,1,19,1,7,9,115.0,1,0,1,0,1,0,25,0,0,6,10,4,13.0,0,0,6,9,4,13.75,0,12.7,3.7,-1.7,Dropout,High,Journalism and Communication
STD260553,1,43,1,9070,1,1,115.0,1,12,12,1,10,115.0,0,0,1,1,1,0,21,0,5,11,12,9,11.77777777777778,0,3,8,11,3,13.666666666666666,0,15.5,2.8,-4.06,Dropout,Low,Communication Design
STD260554,1,17,3,9119,1,1,117.0,1,1,2,3,2,119.8,1,0,0,1,1,0,19,0,0,5,10,2,11.0,0,0,6,10,0,0.0,0,11.1,0.6,2.02,Dropout,High,Informatics Engineering
STD260555,1,17,2,9147,1,1,133.1,1,1,1,4,4,95.0,0,0,0,1,1,0,20,0,0,5,14,0,0.0,0,0,5,5,0,0.0,0,11.1,0.6,2.02,Dropout,High,Management
STD260556,1,44,1,9003,1,39,150.0,1,3,2,2,2,150.0,0,0,0,1,1,0,25,0,9,14,16,14,12.428571428571429,0,3,9,13,6,10.857142857142858,0,15.5,2.8,-4.06,Dropout,Low,Agronomy
STD260557,1,17,1,9147,1,1,130.0,1,19,1,7,4,117.8,1,0,0,1,1,0,20,0,0,5,8,3,11.0,0,0,5,11,3,12.0,0,10.8,1.4,1.74,Enrolled,Medium,Management
STD260558,1,1,1,171,1,1,161.0,1,37,37,9,9,144.2,1,0,0,1,1,0,18,0,0,0,0,0,0.0,0,0,0,0,0,0.0,0,7.6,2.6,0.32,Graduate,High,Animation and Multimedia Design
STD260559,1,44,1,9254,1,39,130.0,1,39,39,194,193,130.0,1,0,1,1,1,0,23,0,0,6,12,3,11.5,0,0,6,12,3,10.666666666666666,0,8.9,1.4,3.51,Enrolled,Medium,Tourism
STD260560,1,42,1,9500,1,1,111.0,1,1,3,9,10,128.2,1,0,0,1,1,0,23,0,0,8,8,8,12.5075,0,0,8,8,8,12.5075,0,9.4,-0.8,-3.12,Graduate,Low,Nursing
STD260561,1,53,1,9003,1,42,140.0,1,3,38,141,151,135.3,0,0,0,1,1,0,21,0,7,12,18,11,12.090909090909092,0,5,12,14,11,12.0,0,8.9,1.4,3.51,Graduate,Low,Agronomy
STD260562,1,1,1,9130,1,1,132.0,1,1,1,3,3,143.9,1,0,0,1,1,0,20,0,0,5,14,2,11.0,3,0,5,9,3,12.666666666666666,0,9.4,-0.8,-3.12,Enrolled,High,Equinculture
STD260563,1,39,1,9991,0,1,139.0,1,1,1,4,10,140.7,0,0,0,1,1,0,25,0,0,5,13,1,10.0,0,0,5,8,2,11.333333333333334,0,12.4,0.5,1.79,Dropout,High,Management (evening attendance)
STD260564,1,1,1,9130,1,1,132.0,1,19,38,9,9,130.4,1,0,0,1,1,0,18,0,0,6,6,6,13.5,0,0,6,9,5,13.2,0,8.9,1.4,3.51,Graduate,Low,Equinculture
STD260565,1,1,6,9070,1,6,119.0,1,1,1,9,9,123.2,1,0,0,1,1,0,22,0,0,6,6,6,14.166666666666666,0,0,6,8,6,13.625,0,10.8,1.4,1.74,Graduate,Low,Communication Design
STD260566,1,39,1,9670,1,1,133.1,1,19,19,3,9,118.0,0,0,0,1,1,0,27,0,0,6,7,6,14.0,0,0,6,7,6,14.714285714285714,0,8.9,1.4,3.51,Graduate,Low,Advertising and Marketing Management
STD260567,1,39,1,9003,1,19,133.1,1,4,1,2,4,120.0,0,0,0,1,1,0,25,0,0,3,4,0,0.0,0,0,3,5,0,0.0,0,16.2,0.3,-0.92,Dropout,High,Agronomy
STD260568,1,17,4,9119,1,1,129.0,1,34,36,0,5,118.9,1,0,0,1,1,0,18,0,0,5,9,3,11.666666666666666,0,0,5,10,3,11.333333333333334,4,7.6,2.6,0.32,Dropout,Medium,Informatics Engineering
STD260569,1,17,1,9085,1,1,128.0,1,38,19,8,8,117.2,0,0,0,1,1,0,20,0,0,5,7,5,14.6,1,0,5,5,5,14.2,0,12.7,3.7,-1.7,Graduate,Low,Veterinary Nursing
STD260570,1,39,1,9003,1,1,120.0,1,3,4,2,2,120.0,0,0,0,1,1,0,27,0,0,6,10,5,13.0,0,0,6,13,5,11.5,0,16.2,0.3,-0.92,Graduate,Low,Agronomy
STD260571,1,1,1,8014,0,1,130.0,1,1,1,9,9,118.1,0,0,0,1,1,0,20,0,0,6,7,6,12.166666666666666,0,0,6,9,6,12.0,0,7.6,2.6,0.32,Graduate,Low,Social Service (evening attendance)
STD260572,1,1,1,9147,1,1,130.0,1,38,37,9,9,124.8,1,0,0,1,1,0,22,0,0,5,9,0,0.0,0,0,5,5,1,12.0,0,7.6,2.6,0.32,Dropout,High,Management
STD260573,1,17,6,9119,1,1,111.0,1,19,3,5,10,106.5,1,0,0,1,1,0,19,0,0,5,10,3,10.5,0,0,5,11,3,10.8,0,12.4,0.5,1.79,Dropout,Medium,Informatics Engineering
STD260574,1,1,6,9147,1,1,121.0,1,3,19,4,5,116.8,0,0,0,1,1,0,20,0,0,5,14,3,12.4,0,0,5,8,5,10.833333333333334,0,13.9,-0.3,0.79,Enrolled,Medium,Management
STD260575,1,43,4,171,1,1,117.0,1,19,12,9,10,109.3,0,0,0,1,1,0,19,0,0,0,0,0,0.0,0,0,0,0,0,0.0,0,9.4,-0.8,-3.12,Graduate,High,Animation and Multimedia Design
STD260576,2,39,1,9085,1,9,133.1,1,1,1,4,4,120.0,1,0,0,0,1,0,29,0,0,5,12,0,0.0,4,0,5,8,0,0.0,1,9.4,-0.8,-3.12,Dropout,High,Veterinary Nursing
STD260577,1,1,2,9500,1,1,149.0,1,3,1,9,9,137.5,0,0,0,1,1,0,19,0,0,8,8,7,13.828571428571427,0,0,8,8,7,13.828571428571427,0,12.7,3.7,-1.7,Graduate,Low,Nursing
STD260578,1,39,2,9991,0,1,172.0,1,19,37,9,8,150.0,1,0,0,1,0,1,28,0,0,5,7,5,10.6,0,0,5,6,5,10.2,0,9.4,-0.8,-3.12,Enrolled,Low,Management (evening attendance)
STD260579,2,1,1,9238,1,1,134.0,1,37,37,5,5,120.4,0,0,0,1,0,0,20,0,0,6,7,6,11.5,0,0,6,6,6,11.666666666666666,0,7.6,2.6,0.32,Graduate,Low,Social Service
STD260580,1,1,4,9070,1,1,136.0,1,37,37,9,8,136.7,1,0,0,1,0,0,20,0,0,6,6,4,13.5,0,0,6,8,6,13.625,0,10.8,1.4,1.74,Graduate,Medium,Communication Design
STD260581,1,39,1,8014,0,1,133.1,1,34,5,0,1,118.5,1,0,0,1,0,0,31,0,0,6,12,0,0.0,0,0,6,0,0,0.0,0,7.6,2.6,0.32,Dropout,High,Social Service (evening attendance)
STD260582,1,17,5,9500,1,1,141.0,1,12,1,5,5,133.0,1,0,0,1,0,0,18,0,0,7,8,7,12.5375,0,0,8,9,7,12.614285714285714,0,13.9,-0.3,0.79,Graduate,Low,Nursing
STD260583,1,17,1,9670,1,1,141.0,1,1,19,8,7,128.8,1,0,0,1,0,0,19,0,0,6,6,6,14.833333333333334,0,0,6,8,6,13.285714285714286,0,8.9,1.4,3.51,Enrolled,Low,Advertising and Marketing Management
STD260584,1,1,1,9147,1,1,148.0,1,37,38,9,8,133.0,1,0,0,1,0,0,18,0,0,5,10,4,12.0,0,0,5,9,4,12.8,0,13.9,-0.3,0.79,Graduate,Low,Management
STD260585,1,17,1,9254,1,1,102.0,1,37,37,7,7,102.0,0,0,0,1,0,0,19,0,0,6,8,5,11.8,0,0,6,8,5,11.6,0,10.8,1.4,1.74,Graduate,Low,Tourism
STD260586,1,1,1,9147,1,1,143.0,1,1,19,3,3,133.9,0,0,0,1,0,1,18,0,0,5,5,5,15.0,0,0,5,5,5,15.2,0,12.7,3.7,-1.7,Graduate,Low,Management
STD260587,1,17,1,9085,1,1,120.0,1,38,19,90,90,127.0,0,0,0,1,0,0,19,0,0,5,7,3,12.0,0,0,5,7,5,13.2,0,7.6,2.6,0.32,Graduate,Medium,Veterinary Nursing
STD260588,1,17,1,9773,1,1,121.0,1,38,38,9,8,120.4,1,0,0,1,0,1,18,0,0,6,6,6,12.833333333333334,0,0,6,7,6,12.285714285714286,0,15.5,2.8,-4.06,Graduate,Low,Journalism and Communication
STD260589,1,1,3,9254,1,1,122.0,1,37,37,9,3,124.5,1,0,0,1,0,0,19,0,0,6,12,6,11.666666666666666,0,0,6,14,3,12.0,0,7.6,2.6,0.32,Graduate,Low,Tourism
STD260590,1,1,4,9556,1,1,122.0,1,37,1,5,4,123.9,0,0,0,1,0,0,19,0,0,7,9,7,12.1625,0,0,8,8,8,13.825,0,13.9,-0.3,0.79,Graduate,Low,Oral Hygiene
STD260591,1,1,2,9670,1,1,123.0,1,19,1,9,3,117.8,1,0,0,1,0,0,18,0,0,6,6,6,13.833333333333334,0,0,6,11,6,14.555555555555555,0,10.8,1.4,1.74,Graduate,Low,Advertising and Marketing Management
STD260592,1,1,1,9500,1,1,133.0,1,3,19,2,8,126.7,0,0,0,1,0,0,19,0,0,7,12,4,12.45,0,0,7,11,5,11.7,0,16.2,0.3,-0.92,Enrolled,Medium,Nursing
STD260593,1,44,1,9670,1,39,110.0,1,37,1,9,4,110.0,0,0,0,1,0,1,20,0,2,6,9,6,12.125,0,2,6,7,6,13.571428571428571,0,11.1,0.6,2.02,Graduate,Low,Advertising and Marketing Management
STD260594,1,17,1,9670,1,1,155.0,1,1,19,4,8,134.7,1,0,0,1,0,0,20,0,0,6,8,5,13.4,0,0,6,10,4,13.0,0,12.7,3.7,-1.7,Enrolled,Low,Advertising and Marketing Management
STD260595,1,17,1,9003,1,1,119.0,1,37,37,4,6,113.2,0,0,1,1,0,0,20,0,0,6,8,6,13.333333333333334,0,0,6,8,5,14.0,0,11.1,0.6,2.02,Enrolled,Low,Agronomy
STD260596,1,39,1,9991,0,3,120.0,1,37,37,9,9,141.0,0,0,0,1,0,0,29,0,10,15,15,11,11.454545454545457,0,9,13,16,11,11.545454545454543,0,10.8,1.4,1.74,Dropout,Medium,Management (evening attendance)
STD260597,1,17,1,9853,1,1,133.1,1,38,12,7,0,111.5,0,0,0,0,0,1,20,0,0,6,10,4,12.0,0,0,6,14,3,10.0,0,7.6,2.6,0.32,Dropout,High,Basic Education
STD260598,4,39,1,9853,1,1,143.0,1,37,1,9,10,140.0,0,0,1,0,0,0,31,0,0,7,8,6,12.666666666666666,0,0,7,9,5,12.6,0,8.9,1.4,3.51,Dropout,High,Basic Education
STD260599,1,17,1,9670,1,1,149.0,1,19,37,7,4,134.3,0,1,0,1,0,0,20,0,0,6,7,6,12.666666666666666,0,0,6,9,6,13.77777777777778,0,10.8,1.4,1.74,Graduate,Low,Advertising and Marketing Management
STD260600,1,17,1,9003,1,1,133.0,1,38,37,9,9,125.3,1,0,0,1,0,0,21,0,12,18,22,18,11.88888888888889,1,11,13,13,13,11.461538461538462,0,15.5,2.8,-4.06,Graduate,Low,Agronomy
STD260601,1,7,1,9130,1,3,140.0,1,19,38,9,9,140.0,1,0,0,1,0,0,23,0,0,6,0,0,0.0,0,0,6,0,0,0.0,0,12.4,0.5,1.79,Dropout,High,Equinculture
STD260602,1,17,5,9070,1,1,122.0,1,19,38,5,7,119.6,0,0,1,0,0,0,21,0,0,6,6,4,13.0,0,0,6,8,4,11.6,0,10.8,1.4,1.74,Dropout,High,Communication Design
STD260603,1,7,1,9500,1,40,170.0,1,1,1,9,4,170.0,0,0,0,1,0,0,24,0,4,7,7,7,16.885714285714283,0,3,8,9,8,15.744444444444444,0,16.2,0.3,-0.92,Graduate,Low,Nursing
STD260604,1,39,1,8014,0,1,120.0,1,1,1,4,4,150.5,0,0,0,1,0,0,27,0,0,6,6,6,12.5,0,1,6,6,6,12.333333333333334,0,15.5,2.8,-4.06,Graduate,Low,Social Service (evening attendance)
STD260605,1,1,1,9500,1,1,143.0,1,1,37,3,8,128.0,0,0,0,1,0,1,18,0,0,7,9,7,13.055555555555555,0,0,8,8,8,15.8125,0,13.9,-0.3,0.79,Graduate,Low,Nursing
STD260606,1,1,3,171,1,1,115.0,1,9,1,6,6,108.7,1,0,0,0,0,0,21,0,0,0,0,0,0.0,0,0,0,0,0,0.0,0,9.4,-0.8,-3.12,Dropout,High,Animation and Multimedia Design
STD260607,1,17,1,9130,1,1,123.0,1,19,3,3,2,121.6,1,0,1,1,0,1,19,0,0,5,7,0,0.0,0,0,5,5,0,0.0,0,7.6,2.6,0.32,Dropout,High,Equinculture
STD260608,1,1,6,9500,1,1,131.0,1,38,19,7,7,125.3,1,0,0,1,0,1,19,0,0,8,8,7,12.355714285714283,0,0,8,8,7,12.355714285714283,0,10.8,1.4,1.74,Graduate,Low,Nursing
STD260609,1,17,1,9085,1,1,127.0,1,19,38,194,193,117.6,0,0,0,1,0,0,18,0,0,6,0,0,0.0,0,0,6,0,0,0.0,0,12.4,0.5,1.79,Dropout,High,Veterinary Nursing
STD260610,1,43,3,9500,1,1,126.0,1,38,37,6,5,124.3,1,0,0,1,0,1,18,0,0,7,8,5,11.98,0,0,7,8,5,11.98,0,7.6,2.6,0.32,Enrolled,Medium,Nursing
STD260611,1,1,2,9853,1,1,112.0,1,37,37,191,182,106.1,1,0,1,1,0,1,20,0,0,7,7,7,13.857142857142858,0,0,7,8,7,12.571428571428571,0,8.9,1.4,3.51,Graduate,Low,Basic Education
STD260612,2,1,1,8014,0,1,150.0,1,1,37,4,7,139.9,1,0,0,1,0,0,24,0,0,6,9,5,13.0,0,0,6,6,6,14.166666666666666,0,9.4,-0.8,-3.12,Graduate,Low,Social Service (evening attendance)
STD260613,1,1,1,9070,1,1,116.0,1,1,1,1,1,110.8,1,0,0,1,0,0,20,0,0,6,6,6,12.833333333333334,0,0,6,10,6,11.166666666666666,0,12.4,0.5,1.79,Graduate,Low,Communication Design
STD260614,1,17,3,9147,1,1,118.0,1,1,19,5,7,118.0,0,0,0,1,0,0,20,0,0,5,11,4,11.0,0,0,5,7,5,13.2,0,12.4,0.5,1.79,Enrolled,Low,Management
STD260615,1,1,1,9500,1,1,130.0,1,19,37,9,9,117.8,1,0,0,1,0,1,19,0,0,8,8,7,12.357142857142858,0,0,8,8,7,12.357142857142858,0,12.7,3.7,-1.7,Graduate,Low,Nursing
STD260616,1,1,6,9500,1,1,144.0,1,1,37,9,9,127.5,1,0,0,1,0,1,18,0,0,8,8,7,13.857142857142858,0,0,8,8,7,13.857142857142858,0,12.7,3.7,-1.7,Graduate,Low,Nursing
STD260617,1,17,2,9238,1,3,105.0,1,37,37,7,8,129.7,1,0,0,1,0,1,20,0,0,6,6,6,12.333333333333334,0,0,6,6,6,10.666666666666666,0,9.4,-0.8,-3.12,Graduate,Low,Social Service
STD260618,1,17,1,9500,1,1,143.0,1,37,37,9,8,130.6,1,0,0,1,0,0,20,0,0,7,8,7,12.847142857142858,0,0,8,10,8,13.788888888888888,0,16.2,0.3,-0.92,Graduate,Low,Nursing
STD260619,1,17,2,9500,1,1,137.0,1,19,37,4,7,126.3,1,0,0,1,0,1,19,0,0,7,9,6,12.339999999999998,0,0,8,9,8,13.01875,0,11.1,0.6,2.02,Graduate,Low,Nursing
STD260620,1,44,1,9085,1,39,140.0,1,3,1,2,3,140.0,1,0,0,1,0,0,19,0,0,6,10,5,12.666666666666666,0,0,6,19,4,11.75,0,12.4,0.5,1.79,Enrolled,Low,Veterinary Nursing
STD260621,1,1,1,9773,1,1,133.1,1,3,19,4,5,105.0,1,0,0,1,0,0,20,0,0,6,6,6,13.833333333333334,0,0,6,6,6,12.5,0,12.7,3.7,-1.7,Graduate,Low,Journalism and Communication
STD260622,1,17,2,9147,1,1,116.0,1,1,38,4,3,114.6,1,0,0,1,0,0,19,0,0,5,15,2,10.75,0,0,5,11,2,10.0,0,13.9,-0.3,0.79,Dropout,High,Management
STD260623,1,17,5,9853,1,1,117.0,1,38,38,9,7,114.6,1,0,0,1,0,0,19,0,0,6,11,4,13.25,0,0,6,10,4,10.25,0,9.4,-0.8,-3.12,Dropout,Medium,Basic Education
STD260624,1,17,1,9500,1,1,137.0,1,38,37,7,5,131.0,1,0,0,1,0,1,18,0,0,8,8,8,13.73125,0,0,8,8,8,13.73125,0,9.4,-0.8,-3.12,Graduate,Low,Nursing
STD260625,1,17,4,9070,1,1,116.0,1,38,37,9,9,109.0,0,0,0,1,0,1,23,0,0,6,6,6,13.333333333333334,0,0,6,8,3,12.666666666666666,0,11.1,0.6,2.02,Dropout,Low,Communication Design
STD260626,1,1,1,9853,1,1,133.1,1,19,19,9,8,132.0,1,0,0,1,0,0,21,0,0,6,8,5,12.0,0,0,6,9,5,10.8,0,12.7,3.7,-1.7,Dropout,Low,Basic Education
STD260627,1,44,1,8014,0,39,130.0,1,37,38,6,6,130.0,1,0,0,1,0,0,23,0,5,9,10,9,10.88888888888889,0,3,8,10,6,11.333333333333334,0,11.1,0.6,2.02,Graduate,Low,Social Service (evening attendance)
STD260628,1,1,3,9500,1,1,106.0,1,19,37,9,7,109.5,1,0,0,1,0,0,19,0,0,7,8,7,13.025,0,0,8,9,8,13.811111111111112,0,13.9,-0.3,0.79,Graduate,Low,Nursing
STD260629,1,17,2,9773,1,1,125.0,1,1,38,5,6,115.9,1,0,0,1,0,0,18,0,0,6,6,6,13.0,0,0,6,6,6,14.166666666666666,0,12.4,0.5,1.79,Graduate,Low,Journalism and Communication
STD260630,1,1,1,9773,1,1,134.0,1,19,37,9,9,131.6,1,1,0,1,0,0,19,0,0,6,10,5,11.8,0,0,6,10,5,12.0,0,10.8,1.4,1.74,Graduate,Low,Journalism and Communication
STD260631,1,39,1,9500,1,1,133.1,1,19,37,9,9,120.0,0,0,0,1,0,1,25,0,0,8,8,7,12.042857142857144,0,0,8,8,7,12.042857142857144,0,12.7,3.7,-1.7,Graduate,Low,Nursing
STD260632,1,1,2,9853,1,1,117.0,1,1,38,4,9,109.7,1,0,0,1,0,0,19,0,0,6,9,5,12.2,0,0,6,10,4,13.0,0,9.4,-0.8,-3.12,Enrolled,Low,Basic Education
STD260633,1,1,1,9500,1,1,136.0,1,1,19,5,7,136.4,0,0,0,1,0,1,19,0,0,7,8,7,12.8375,0,0,8,8,8,15.5,0,13.9,-0.3,0.79,Graduate,Low,Nursing
STD260634,1,39,1,9556,1,1,120.0,1,38,38,191,193,120.0,0,0,1,1,0,1,24,0,0,7,13,7,11.0,0,0,8,13,7,11.7,0,12.7,3.7,-1.7,Graduate,Low,Oral Hygiene
STD260635,1,1,1,9670,1,1,135.0,1,37,37,9,7,132.6,1,0,0,1,0,1,18,0,0,6,7,6,13.5,0,0,6,9,5,14.0,0,8.9,1.4,3.51,Graduate,Low,Advertising and Marketing Management
STD260636,1,17,5,9238,1,1,122.0,1,37,37,7,5,112.9,1,0,0,1,0,1,19,0,0,6,8,6,12.125,0,0,6,7,6,12.714285714285714,0,16.2,0.3,-0.92,Graduate,Low,Social Service
STD260637,1,1,5,9500,1,1,147.0,1,37,37,9,9,134.3,0,0,0,1,0,1,18,0,0,8,12,7,12.62857142857143,0,0,8,12,7,12.62857142857143,0,12.7,3.7,-1.7,Graduate,Low,Nursing
STD260638,1,39,1,9991,0,1,120.0,1,38,1,9,4,123.2,0,0,0,1,0,0,27,0,0,5,9,3,10.666666666666666,0,0,5,7,4,11.4,0,10.8,1.4,1.74,Enrolled,Medium,Management (evening attendance)
STD260639,1,17,3,9238,1,1,121.0,1,1,1,4,5,117.2,0,0,0,1,0,0,19,0,0,6,11,5,11.2,0,0,6,13,5,11.6,0,15.5,2.8,-4.06,Graduate,Low,Social Service
STD260640,1,18,1,9773,1,1,135.0,1,1,1,3,3,129.8,0,0,0,1,0,1,18,0,0,6,6,6,12.666666666666666,0,0,6,6,6,11.833333333333334,0,12.7,3.7,-1.7,Dropout,Low,Journalism and Communication
STD260641,2,39,1,9670,1,1,130.0,1,37,37,9,0,158.0,0,0,1,0,0,0,34,0,0,6,7,4,13.5,0,0,6,6,0,0.0,6,12.7,3.7,-1.7,Dropout,High,Advertising and Marketing Management
STD260642,1,1,6,9147,1,1,128.0,1,37,37,9,9,116.5,0,0,0,1,0,0,18,0,0,5,9,3,11.666666666666666,0,0,5,15,2,11.0,0,7.6,2.6,0.32,Enrolled,Medium,Management
STD260643,1,1,1,9147,1,1,129.0,1,37,38,4,9,121.0,1,0,0,1,0,0,18,0,0,5,8,2,10.5,0,0,5,7,3,12.333333333333334,0,7.6,2.6,0.32,Enrolled,High,Management
STD260644,1,1,3,9500,1,1,143.0,1,37,38,7,7,133.8,1,0,0,1,0,0,18,0,0,8,8,8,14.26875,0,0,8,8,8,14.26875,0,9.4,-0.8,-3.12,Enrolled,Low,Nursing
STD260645,1,1,2,9773,1,1,108.0,1,38,38,7,7,115.0,1,0,1,0,0,0,20,0,0,6,0,0,0.0,0,0,6,0,0,0.0,0,8.9,1.4,3.51,Dropout,High,Journalism and Communication
STD260646,1,1,1,9147,1,1,130.0,1,19,37,9,9,131.8,1,0,0,1,0,1,19,0,0,5,8,2,10.5,0,0,5,11,3,13.333333333333334,0,7.6,2.6,0.32,Enrolled,High,Management
STD260647,1,1,1,9238,1,1,135.0,1,37,1,3,5,121.0,0,0,0,1,0,0,21,0,0,6,11,5,11.2,0,0,6,15,1,10.0,0,7.6,2.6,0.32,Enrolled,Low,Social Service
STD260648,2,39,1,9991,0,3,140.0,1,19,19,9,7,152.4,0,0,0,1,0,0,26,0,0,5,5,5,12.0,0,0,5,6,5,14.833333333333334,0,10.8,1.4,1.74,Graduate,Low,Management (evening attendance)
STD260649,1,43,2,9556,1,1,120.0,1,1,19,4,3,110.2,0,0,0,1,0,0,27,0,0,7,9,7,12.228571428571428,0,1,8,10,8,13.2125,0,10.8,1.4,1.74,Graduate,Low,Oral Hygiene
STD260650,1,1,1,9670,1,1,117.0,1,1,38,5,1,113.5,1,0,0,1,0,0,20,0,0,5,6,4,11.5,0,0,5,5,4,10.75,0,9.4,-0.8,-3.12,Graduate,Low,Advertising and Marketing Management
STD260651,1,17,1,9238,1,1,151.0,1,19,1,5,0,144.4,1,0,0,1,0,0,18,0,0,6,8,6,15.375,0,0,6,7,6,16.428571428571427,0,16.2,0.3,-0.92,Graduate,Low,Social Service
STD260652,1,53,1,9085,1,42,140.0,1,1,1,5,5,143.3,1,0,0,0,0,0,23,0,7,12,19,9,13.666666666666666,0,4,9,15,6,13.5,0,8.9,1.4,3.51,Enrolled,High,Veterinary Nursing
STD260653,1,39,1,9500,1,19,133.1,1,1,5,4,3,100.0,0,0,0,1,0,0,24,0,0,8,11,7,12.614285714285714,0,0,8,11,7,12.614285714285714,0,12.7,3.7,-1.7,Graduate,Low,Nursing
STD260654,1,44,1,9238,1,39,130.0,1,38,38,6,9,126.3,1,0,0,1,0,1,19,0,3,6,7,5,12.2,0,2,6,6,6,11.5,0,13.9,-0.3,0.79,Graduate,Low,Social Service
STD260655,1,1,1,9773,1,1,125.0,1,19,38,3,5,115.9,0,0,0,1,0,0,19,0,0,6,13,4,11.75,0,0,6,10,4,11.0,0,10.8,1.4,1.74,Graduate,Medium,Journalism and Communication
STD260656,1,1,4,9238,1,1,125.0,1,19,38,9,6,114.9,1,0,1,1,0,1,19,0,0,6,9,5,11.4,0,0,6,9,3,10.0,0,8.9,1.4,3.51,Enrolled,Low,Social Service
STD260657,1,1,1,9238,1,1,135.0,1,37,19,5,10,121.0,0,0,1,1,0,0,18,0,0,6,10,5,10.6,0,0,6,14,2,10.0,0,7.6,2.6,0.32,Enrolled,Low,Social Service
STD260658,1,51,1,8014,0,1,121.0,1,1,38,5,7,112.3,0,0,0,1,0,0,22,0,14,16,16,13,10.923076923076923,0,13,13,13,11,11.454545454545457,0,16.2,0.3,-0.92,Graduate,Low,Social Service (evening attendance)
STD260659,1,43,1,9070,1,1,141.0,1,1,19,5,10,127.0,0,0,0,1,0,0,20,0,0,6,6,5,12.4,0,0,6,9,5,12.4,0,12.7,3.7,-1.7,Graduate,Low,Communication Design
STD260660,1,39,1,9003,1,1,130.0,1,19,19,9,9,120.0,0,0,0,1,0,0,25,0,0,6,6,0,0.0,0,0,6,6,0,0.0,0,11.1,0.6,2.02,Dropout,High,Agronomy
STD260661,1,44,1,9003,1,39,180.0,1,1,3,4,2,180.0,0,0,0,1,0,0,21,0,0,6,6,6,15.833333333333334,0,0,6,8,6,15.5,0,15.5,2.8,-4.06,Graduate,Low,Agronomy
STD260662,1,1,1,9500,1,1,117.0,1,19,19,194,193,117.4,1,0,0,1,0,0,19,0,0,7,12,5,11.8,0,0,7,9,6,11.708333333333334,0,11.1,0.6,2.02,Enrolled,Medium,Nursing
STD260663,1,17,4,9773,1,1,127.0,1,1,19,4,1,115.8,1,0,0,1,0,0,18,0,0,6,7,6,12.571428571428571,0,0,6,6,6,13.666666666666666,0,13.9,-0.3,0.79,Graduate,Low,Journalism and Communication
STD260664,1,1,3,9670,1,1,126.0,1,37,37,0,0,136.5,1,0,0,1,0,0,18,0,0,5,7,3,12.0,0,0,5,7,4,13.25,1,7.6,2.6,0.32,Graduate,Medium,Advertising and Marketing Management
STD260665,1,17,3,9500,1,1,143.0,1,3,3,9,7,129.0,1,0,0,1,1,0,19,0,0,7,8,7,13.3625,0,0,8,9,8,14.444444444444445,0,13.9,-0.3,0.79,Graduate,Low,Nursing
STD260666,1,1,1,9085,1,1,144.0,13,3,3,6,6,137.6,1,0,0,1,0,1,19,1,0,5,6,5,15.4,0,0,5,5,5,16.0,0,10.8,1.4,1.74,Graduate,Low,Veterinary Nursing
STD260667,1,17,2,9773,1,1,126.0,1,37,38,5,5,129.5,1,0,1,0,0,0,18,0,0,6,9,5,12.2,0,0,6,9,4,11.75,0,10.8,1.4,1.74,Dropout,High,Journalism and Communication
STD260668,1,51,1,9238,1,39,140.0,1,38,38,5,7,129.1,1,0,0,1,0,1,20,0,6,11,11,11,12.818181818181818,0,6,11,11,11,13.545454545454543,0,12.4,0.5,1.79,Graduate,Low,Social Service
STD260669,1,17,5,9500,1,1,148.0,1,1,19,4,8,130.2,1,0,0,1,0,0,19,0,0,7,0,0,0.0,0,0,8,0,0,0.0,0,12.4,0.5,1.79,Dropout,High,Nursing
STD260670,1,42,1,9500,1,1,100.0,1,19,37,5,7,134.3,1,0,0,1,0,0,28,0,12,17,21,17,13.394736842105264,0,11,17,19,17,13.554736842105264,0,16.2,0.3,-0.92,Graduate,Low,Nursing
STD260671,1,1,1,9238,1,1,151.0,1,37,1,9,9,138.4,1,0,0,1,0,1,20,0,0,6,8,6,14.25,0,0,6,8,6,11.0,0,12.7,3.7,-1.7,Graduate,Low,Social Service
STD260672,1,42,1,8014,0,1,120.0,1,37,38,90,7,120.0,1,0,0,1,0,0,30,0,9,11,19,9,13.444444444444445,1,5,7,7,7,14.714285714285714,0,7.6,2.6,0.32,Dropout,Low,Social Service (evening attendance)
STD260673,1,1,4,9500,1,1,135.0,1,1,19,9,7,123.5,1,0,0,1,0,1,19,0,0,7,8,7,12.285714285714286,0,0,8,10,8,11.7375,0,12.4,0.5,1.79,Graduate,Low,Nursing
STD260674,1,1,2,9070,1,1,121.0,1,19,19,3,3,116.1,1,0,0,1,0,0,22,0,0,6,7,6,11.666666666666666,0,0,6,7,5,13.2,0,12.7,3.7,-1.7,Graduate,Low,Communication Design
STD260675,1,1,1,9254,1,1,116.0,1,38,38,5,8,110.8,1,0,0,1,0,0,18,0,0,6,8,6,12.166666666666666,0,0,6,6,6,13.5,0,11.1,0.6,2.02,Graduate,Low,Tourism
STD260676,1,17,1,9853,1,1,147.0,1,37,37,9,9,142.8,1,0,0,1,0,0,23,0,0,6,11,2,10.0,0,0,6,15,2,11.0,0,7.6,2.6,0.32,Dropout,High,Basic Education
STD260677,1,17,4,9070,1,1,160.0,1,1,19,5,7,155.5,1,0,0,1,0,0,18,0,0,6,6,6,14.0,0,0,6,6,6,15.0,0,11.1,0.6,2.02,Graduate,Low,Communication Design
STD260678,1,1,1,9853,1,1,133.0,1,37,19,7,7,126.7,1,0,0,1,0,0,18,0,0,6,9,5,11.833333333333334,0,0,6,6,4,12.0,0,15.5,2.8,-4.06,Enrolled,Low,Basic Education
STD260679,2,39,1,9773,1,19,100.0,1,37,37,0,0,163.5,0,0,1,0,1,0,50,0,0,6,7,1,15.0,0,0,5,12,0,0.0,0,10.8,1.4,1.74,Dropout,High,Journalism and Communication
STD260680,1,1,1,171,1,1,151.0,41,3,3,2,5,161.9,1,0,0,1,0,1,19,1,0,0,0,0,0.0,0,0,0,0,0,0.0,0,13.9,-0.3,0.79,Graduate,High,Animation and Multimedia Design
STD260681,1,17,2,9254,1,1,124.0,41,19,38,9,9,123.3,1,0,0,1,0,0,22,1,0,6,7,6,10.833333333333334,0,0,6,6,6,10.666666666666666,0,13.9,-0.3,0.79,Graduate,Low,Tourism
STD260682,1,44,1,9238,1,39,140.0,41,1,1,4,6,137.5,0,0,1,1,0,1,23,1,3,6,7,6,13.142857142857142,0,2,6,6,6,14.0,0,12.4,0.5,1.79,Graduate,Low,Social Service
STD260683,1,18,4,9085,1,1,170.0,1,1,1,4,5,166.6,0,0,1,0,0,1,20,0,2,5,8,5,14.4,1,0,5,6,5,14.0,0,12.7,3.7,-1.7,Dropout,High,Veterinary Nursing
STD260684,4,39,1,9238,1,19,133.1,1,37,37,9,10,103.5,0,0,0,0,0,0,44,0,0,6,0,0,0.0,0,0,6,0,0,0.0,0,13.9,-0.3,0.79,Dropout,High,Social Service
STD260685,4,39,1,9003,1,19,133.1,1,37,37,9,9,110.0,0,0,0,1,1,0,49,0,6,12,17,7,12.0,0,3,12,19,9,11.22222222222222,0,15.5,2.8,-4.06,Graduate,Medium,Agronomy
STD260686,2,43,1,9991,0,1,100.0,1,37,37,9,9,128.2,0,0,0,1,1,0,46,0,6,10,13,9,12.2,0,4,10,12,10,12.8,0,7.6,2.6,0.32,Graduate,Low,Management (evening attendance)
STD260687,1,39,1,9085,1,39,120.0,1,37,37,1,9,137.7,1,0,0,0,1,0,41,0,3,3,3,3,12.333333333333334,0,2,2,2,2,11.0,0,12.4,0.5,1.79,Dropout,High,Veterinary Nursing
STD260688,1,17,3,9500,1,1,133.0,1,38,19,9,8,128.8,1,0,0,1,1,0,18,0,0,7,8,7,11.8375,0,0,8,9,8,12.48125,0,13.9,-0.3,0.79,Graduate,Low,Nursing
STD260689,3,39,1,9991,0,1,120.0,1,37,1,9,2,170.0,0,0,0,1,1,0,43,0,0,5,5,5,11.8,0,0,5,6,5,14.0,0,9.4,-0.8,-3.12,Graduate,Low,Management (evening attendance)
STD260690,4,39,2,9147,1,19,133.1,1,37,37,9,7,116.4,0,0,1,0,1,0,70,0,0,5,5,0,0.0,0,0,5,9,0,0.0,0,10.8,1.4,1.74,Dropout,High,Management
STD260691,4,39,1,9130,1,19,133.1,1,37,38,9,4,100.9,0,0,0,1,1,0,48,0,0,6,0,0,0.0,0,0,6,0,0,0.0,0,15.5,2.8,-4.06,Dropout,High,Equinculture
STD260692,2,43,1,9003,1,1,133.1,1,37,37,9,7,136.0,0,0,0,1,1,0,41,0,18,19,19,19,12.68421052631579,0,12,13,13,13,12.384615384615383,0,15.5,2.8,-4.06,Graduate,Low,Agronomy
STD260693,1,1,1,9254,1,1,140.0,1,19,19,9,3,130.0,0,0,0,1,1,0,21,0,0,6,8,6,12.571428571428571,0,0,6,10,4,13.0,0,12.7,3.7,-1.7,Enrolled,Low,Tourism
STD260694,1,39,1,33,1,1,100.0,41,38,37,9,8,100.0,0,0,1,0,1,0,35,1,0,7,18,3,11.25,0,0,7,7,0,0.0,0,16.2,0.3,-0.92,Dropout,High,Biofuel Production Technologies
STD260695,2,39,1,9130,1,19,133.1,1,2,1,2,9,157.0,1,0,0,1,1,0,44,0,1,5,13,4,14.0,3,1,5,9,4,15.5,2,10.8,1.4,1.74,Graduate,Low,Equinculture
STD260696,1,1,1,9147,1,1,143.0,1,3,1,5,5,152.1,1,0,1,1,1,0,18,0,0,5,15,4,13.333333333333334,0,0,5,6,2,13.5,0,13.9,-0.3,0.79,Dropout,Low,Management
STD260697,2,1,1,8014,0,1,165.0,1,37,37,0,0,162.9,1,0,0,1,1,0,45,0,0,6,7,6,13.666666666666666,0,0,6,6,6,13.666666666666666,0,7.6,2.6,0.32,Graduate,Low,Social Service (evening attendance)
STD260698,1,1,1,9254,1,1,154.0,1,3,1,2,1,137.2,0,0,0,1,1,0,20,0,0,6,12,3,10.0,0,0,6,9,5,10.8,0,15.5,2.8,-4.06,Enrolled,Medium,Tourism
STD260699,1,44,1,9003,1,39,140.0,1,1,38,9,1,140.0,1,0,0,1,1,0,22,0,0,6,12,5,12.6,0,0,6,11,6,11.714285714285714,0,12.4,0.5,1.79,Graduate,Low,Agronomy
STD260700,1,43,1,9119,1,1,140.0,1,37,38,5,7,146.5,0,0,0,1,1,0,39,0,0,5,10,3,17.333333333333332,0,0,5,11,1,17.0,0,13.9,-0.3,0.79,Dropout,Medium,Informatics Engineering
STD260701,1,44,1,9085,1,39,130.0,1,2,2,6,6,130.0,0,0,0,0,1,0,20,0,2,6,10,5,13.2,0,1,6,21,3,12.0,0,12.4,0.5,1.79,Enrolled,High,Veterinary Nursing
STD260702,2,39,1,9147,1,19,133.1,1,37,19,9,3,128.0,0,0,0,1,1,0,49,0,0,5,9,3,14.0,0,0,5,8,3,13.666666666666666,0,8.9,1.4,3.51,Dropout,Medium,Management
STD260703,1,7,1,9556,1,4,190.0,1,5,5,2,2,190.0,1,0,0,1,1,0,43,0,4,4,4,4,13.875,0,1,1,1,1,12.5,0,11.1,0.6,2.02,Dropout,Low,Oral Hygiene
STD260704,2,39,1,9991,0,1,120.0,1,37,37,9,9,133.2,1,0,0,1,1,0,32,0,0,5,5,0,0.0,0,0,5,5,0,0.0,0,7.6,2.6,0.32,Dropout,High,Management (evening attendance)
STD260705,1,39,1,9238,1,12,100.0,1,37,37,9,9,124.3,0,0,0,1,1,0,47,0,3,9,9,9,13.11111111111111,0,3,7,7,7,14.857142857142858,0,10.8,1.4,1.74,Graduate,Low,Social Service
STD260706,5,39,1,9991,0,1,120.0,1,37,37,9,9,138.1,0,0,0,1,1,1,37,0,0,5,8,5,13.0,0,0,5,11,4,13.333333333333334,2,16.2,0.3,-0.92,Dropout,Low,Management (evening attendance)
STD260707,2,39,1,8014,0,1,133.1,1,19,1,4,8,144.3,0,0,0,1,1,0,41,0,6,10,10,10,12.5,0,3,7,7,7,12.142857142857142,0,10.8,1.4,1.74,Graduate,Low,Social Service (evening attendance)
STD260708,2,39,1,9003,1,1,150.0,1,37,37,9,6,140.0,0,0,0,1,1,0,60,0,17,18,18,18,14.11111111111111,0,11,13,13,13,14.23076923076923,0,15.5,2.8,-4.06,Graduate,Low,Agronomy
STD260709,2,39,1,9254,1,1,120.0,1,1,19,9,9,148.3,0,0,0,1,1,0,47,0,6,11,11,11,14.727272727272728,0,6,9,9,9,15.77777777777778,0,10.8,1.4,1.74,Graduate,Low,Tourism
STD260710,1,39,1,8014,0,1,133.1,1,37,11,9,7,96.0,0,0,1,0,1,0,50,0,0,6,6,0,0.0,0,0,5,6,0,0.0,0,12.4,0.5,1.79,Dropout,High,Social Service (evening attendance)
STD260711,2,39,1,9991,0,19,133.1,1,38,38,90,90,121.7,1,0,0,1,1,0,45,0,0,5,5,0,0.0,0,0,5,5,0,0.0,0,7.6,2.6,0.32,Dropout,High,Management (evening attendance)
STD260712,1,39,1,9119,1,1,100.0,1,37,37,9,8,160.0,0,0,1,0,1,0,45,0,0,5,5,0,0.0,0,0,5,5,0,0.0,0,15.5,2.8,-4.06,Dropout,High,Informatics Engineering
STD260713,2,39,1,9085,1,1,133.1,1,37,37,90,90,110.3,0,0,0,1,1,0,33,0,0,5,7,4,13.5,0,0,5,6,5,11.6,0,7.6,2.6,0.32,Graduate,Low,Veterinary Nursing
STD260714,1,1,1,9500,1,1,143.0,1,3,3,2,2,129.0,0,0,0,1,1,0,18,0,0,8,8,7,13.105714285714283,0,0,8,8,7,13.105714285714283,0,10.8,1.4,1.74,Graduate,Low,Nursing
STD260715,2,39,1,9085,1,1,120.0,1,37,37,6,6,150.0,0,0,0,1,1,0,43,0,0,5,8,5,13.5,2,0,5,5,5,14.4,0,9.4,-0.8,-3.12,Graduate,Low,Veterinary Nursing
STD260716,1,43,1,8014,0,1,161.0,1,19,37,4,10,100.0,0,0,0,1,1,0,44,0,9,13,18,13,11.846153846153848,0,9,11,11,11,12.0,0,12.7,3.7,-1.7,Graduate,Low,Social Service (evening attendance)
STD260717,1,39,1,9130,1,9,133.1,1,34,36,0,90,107.5,0,0,0,1,1,0,29,0,0,5,5,0,0.0,0,0,5,5,0,0.0,0,7.6,2.6,0.32,Dropout,High,Equinculture
STD260718,4,39,1,9670,1,1,140.0,1,2,1,3,9,170.0,0,0,1,0,1,0,53,0,0,6,11,3,14.333333333333334,0,0,6,6,0,0.0,0,12.7,3.7,-1.7,Dropout,High,Advertising and Marketing Management
STD260719,2,42,1,9991,0,6,123.0,1,37,37,9,9,123.0,0,0,0,1,1,0,37,0,0,5,10,5,15.8,0,0,5,5,5,17.6,0,9.4,-0.8,-3.12,Enrolled,Low,Management (evening attendance)
STD260720,1,43,1,9670,1,1,142.0,1,38,1,8,10,138.5,1,0,0,1,1,0,18,0,0,6,16,5,13.8,0,0,6,7,5,12.4,0,13.9,-0.3,0.79,Enrolled,Low,Advertising and Marketing Management
STD260721,1,43,1,33,1,19,133.1,1,38,38,4,4,140.0,0,0,1,1,1,0,35,0,3,10,18,6,12.666666666666666,0,1,9,11,3,12.0,2,16.2,0.3,-0.92,Dropout,Medium,Biofuel Production Technologies
STD260722,1,1,1,9254,1,1,115.0,1,19,1,3,7,113.6,0,0,0,1,1,0,23,0,0,6,10,6,13.0,0,0,6,9,6,12.0,0,11.1,0.6,2.02,Enrolled,Low,Tourism
STD260723,1,1,1,171,1,1,156.0,1,19,38,9,5,170.0,1,0,0,1,1,0,22,0,0,0,0,0,0.0,0,0,0,0,0,0.0,0,7.6,2.6,0.32,Graduate,High,Animation and Multimedia Design
STD260724,1,39,1,8014,0,1,140.0,1,37,37,90,5,115.5,0,0,0,0,1,0,33,0,0,6,6,1,11.0,0,0,6,0,0,0.0,0,10.8,1.4,1.74,Dropout,High,Social Service (evening attendance)
STD260725,1,7,3,9130,1,3,130.0,1,37,26,90,10,130.0,0,0,0,0,1,0,41,0,0,5,9,0,0.0,4,0,5,9,0,0.0,3,10.8,1.4,1.74,Dropout,High,Equinculture
STD260726,4,7,1,9500,1,3,140.0,1,37,38,9,7,140.0,0,0,0,1,1,0,51,0,4,7,7,7,15.2,0,6,8,8,8,16.575,0,13.9,-0.3,0.79,Graduate,Low,Nursing
STD260727,1,51,1,9670,1,1,140.0,1,12,5,3,3,126.6,0,0,0,1,1,0,19,0,2,6,7,6,14.428571428571429,0,1,7,8,7,14.375,0,11.1,0.6,2.02,Graduate,Low,Advertising and Marketing Management
STD260728,1,39,1,9991,0,1,133.1,1,37,37,9,9,143.2,0,0,0,1,1,0,35,0,0,5,5,0,0.0,0,0,5,5,0,0.0,0,11.1,0.6,2.02,Dropout,High,Management (evening attendance)
STD260729,1,1,2,171,1,1,131.0,41,19,1,4,7,131.4,1,0,0,1,1,0,20,1,0,0,0,0,0.0,0,0,0,0,0,0.0,0,7.6,2.6,0.32,Graduate,High,Animation and Multimedia Design
STD260730,1,43,1,9670,1,1,141.0,1,3,2,2,2,133.3,1,0,0,1,1,0,18,0,0,6,13,4,13.75,0,0,6,8,5,11.2,0,13.9,-0.3,0.79,Enrolled,Medium,Advertising and Marketing Management
STD260731,1,1,1,9773,1,1,120.0,1,19,37,9,9,118.3,0,0,1,0,1,1,18,0,0,6,11,5,12.166666666666666,0,0,6,15,3,12.0,0,13.9,-0.3,0.79,Dropout,High,Journalism and Communication
STD260732,1,44,1,9003,1,39,140.0,1,2,1,4,6,140.0,0,0,0,1,1,0,21,0,0,6,12,5,12.142857142857142,0,0,6,11,5,11.666666666666666,0,13.9,-0.3,0.79,Graduate,Low,Agronomy
STD260733,1,1,1,9254,1,1,132.0,1,1,19,6,6,124.7,1,0,0,1,1,0,21,0,0,6,9,6,12.0,0,0,6,8,5,11.6,0,13.9,-0.3,0.79,Graduate,Low,Tourism
STD260734,2,39,2,9147,1,1,130.0,1,19,37,4,7,140.0,0,0,0,1,1,0,34,0,0,5,10,3,11.666666666666666,1,0,5,7,4,12.75,0,9.4,-0.8,-3.12,Graduate,Medium,Management
STD260735,4,39,1,9130,1,1,140.0,1,37,37,6,7,150.0,1,0,0,1,1,0,34,0,0,6,9,0,0.0,0,0,6,6,0,0.0,0,16.2,0.3,-0.92,Dropout,High,Equinculture
STD260736,1,17,2,9670,1,1,110.0,1,3,3,4,10,115.6,1,0,0,1,1,0,21,0,0,6,10,6,11.875,0,0,6,8,5,12.0,0,11.1,0.6,2.02,Graduate,Low,Advertising and Marketing Management
STD260737,1,43,1,9773,1,1,140.0,1,3,37,3,7,116.9,0,0,0,1,1,0,32,0,6,11,15,7,11.285714285714286,0,5,7,10,6,12.333333333333334,0,13.9,-0.3,0.79,Enrolled,Medium,Journalism and Communication
STD260738,1,17,2,9254,1,1,130.0,1,37,37,5,7,123.4,1,0,0,1,1,0,30,0,0,6,17,2,10.0,0,0,6,15,3,11.333333333333334,0,7.6,2.6,0.32,Dropout,High,Tourism
STD260739,1,1,1,171,1,1,137.0,1,1,3,3,7,146.5,1,0,1,1,1,0,19,0,6,12,13,11,12.0,0,4,11,15,10,11.181818181818182,0,8.9,1.4,3.51,Enrolled,Low,Animation and Multimedia Design
STD260740,1,51,1,9773,1,1,158.0,1,1,19,8,8,117.1,1,0,0,1,1,0,20,0,1,7,7,6,13.833333333333334,0,1,6,7,5,13.0,0,8.9,1.4,3.51,Dropout,Low,Journalism and Communication
STD260741,1,1,1,9070,1,1,124.0,1,19,19,9,7,113.9,1,0,0,1,1,0,18,0,0,6,0,0,0.0,0,0,6,0,0,0.0,0,12.4,0.5,1.79,Dropout,High,Communication Design
STD260742,1,1,1,9254,1,1,136.0,1,3,3,2,2,128.7,0,0,0,1,1,0,19,0,0,6,7,6,14.428571428571429,0,0,6,6,6,12.5,0,8.9,1.4,3.51,Graduate,Low,Tourism
STD260743,1,17,3,9500,1,1,142.0,1,3,3,3,3,132.9,1,0,0,1,1,0,18,0,0,7,8,5,14.2,0,0,7,9,6,12.4,0,12.4,0.5,1.79,Dropout,Medium,Nursing
STD260744,1,39,1,9991,0,1,150.0,1,1,19,4,8,123.0,0,0,0,1,1,0,27,0,0,5,8,4,11.5,0,0,5,9,3,10.333333333333334,0,12.7,3.7,-1.7,Dropout,Low,Management (evening attendance)
STD260745,1,39,1,9773,1,12,120.0,1,1,1,9,9,129.8,1,0,0,1,1,0,52,0,0,6,7,5,13.0,0,0,6,6,6,15.0,0,9.4,-0.8,-3.12,Graduate,Low,Journalism and Communication
STD260746,2,43,1,9003,1,1,149.0,1,1,1,4,5,156.1,1,0,0,0,1,0,29,0,0,6,6,0,0.0,0,0,6,8,0,0.0,0,15.5,2.8,-4.06,Dropout,High,Agronomy
STD260747,1,51,1,9003,1,39,130.0,1,1,19,4,4,120.0,1,0,1,0,1,0,22,0,0,6,12,3,11.333333333333334,0,0,6,13,2,11.0,0,8.9,1.4,3.51,Dropout,High,Agronomy
STD260748,1,43,1,9085,1,1,110.0,25,38,38,9,6,117.2,1,0,0,1,1,0,28,1,13,18,45,18,12.5,12,10,13,26,12,11.428571428571429,6,15.5,2.8,-4.06,Graduate,Low,Veterinary Nursing
STD260749,1,39,1,9670,1,6,133.1,1,1,1,90,3,107.0,1,0,0,1,1,0,30,0,0,5,5,0,0.0,0,0,5,5,0,0.0,0,7.6,2.6,0.32,Dropout,High,Advertising and Marketing Management
STD260750,1,1,2,9500,1,1,134.0,1,1,1,5,3,128.4,1,0,0,1,0,0,18,0,0,7,7,7,13.471428571428572,0,0,8,9,8,13.944444444444445,0,16.2,0.3,-0.92,Graduate,Low,Nursing
STD260751,1,1,2,9670,1,1,130.0,1,38,37,5,5,123.4,1,0,0,1,0,0,21,0,0,5,5,4,11.75,0,0,5,5,3,13.333333333333334,0,9.4,-0.8,-3.12,Graduate,Low,Advertising and Marketing Management
STD260752,1,1,1,9070,1,1,141.0,1,37,37,9,9,126.7,1,0,1,1,0,1,20,0,0,6,9,6,13.333333333333334,0,0,6,10,6,14.666666666666666,0,12.7,3.7,-1.7,Graduate,Low,Communication Design
STD260753,1,42,1,9500,1,1,123.0,1,37,37,3,3,123.0,1,0,0,1,0,1,21,0,0,8,8,8,13.105,0,0,8,8,8,13.105,0,9.4,-0.8,-3.12,Graduate,Low,Nursing
STD260754,2,39,1,9991,0,19,133.1,1,19,37,7,9,137.2,0,0,1,0,0,0,32,0,0,5,5,0,0.0,0,0,5,6,0,0.0,0,10.8,1.4,1.74,Dropout,High,Management (evening attendance)
STD260755,1,1,3,9070,1,1,122.0,1,37,37,9,9,125.9,1,0,0,1,1,1,20,0,0,6,6,6,15.5,0,0,6,7,6,12.166666666666666,0,12.4,0.5,1.79,Graduate,Low,Communication Design
STD260756,1,1,4,171,1,1,132.0,1,1,19,4,5,138.0,1,0,1,0,1,0,19,0,0,0,0,0,0.0,0,0,0,0,0,0.0,0,15.5,2.8,-4.06,Dropout,High,Animation and Multimedia Design
STD260757,1,15,1,9670,1,1,133.1,41,1,1,9,5,128.2,0,0,1,0,1,0,18,1,0,6,6,4,11.25,0,0,6,7,3,12.333333333333334,0,8.9,1.4,3.51,Dropout,High,Advertising and Marketing Management
STD260758,1,43,1,9991,0,1,130.0,1,37,2,9,4,126.5,1,0,0,0,1,0,23,0,10,15,24,12,11.0,0,10,14,21,11,11.363636363636363,1,7.6,2.6,0.32,Dropout,High,Management (evening attendance)
STD260759,1,1,1,9254,1,1,111.0,1,1,1,3,3,112.4,1,0,0,1,1,0,20,0,0,6,10,6,12.333333333333334,0,0,6,9,4,13.0,0,12.4,0.5,1.79,Graduate,Low,Tourism
STD260760,2,43,2,9147,1,1,133.1,1,37,37,9,9,109.0,1,0,0,1,0,0,46,0,4,9,18,8,11.375,2,0,5,11,5,11.8,0,9.4,-0.8,-3.12,Graduate,Low,Management
STD260761,1,17,1,9003,1,1,125.0,1,3,3,2,2,100.0,0,0,0,1,1,0,27,0,16,18,19,18,12.22222222222222,0,9,12,15,12,12.384615384615383,0,15.5,2.8,-4.06,Graduate,Low,Agronomy
STD260762,1,5,1,171,1,1,137.0,1,3,19,1,10,144.7,1,0,0,1,1,0,20,0,0,0,0,0,0.0,0,0,0,0,0,0.0,0,16.2,0.3,-0.92,Enrolled,High,Animation and Multimedia Design
STD260763,2,43,3,8014,0,19,100.0,1,37,37,9,9,120.0,1,0,0,1,1,0,41,0,5,9,11,9,12.0,0,3,7,8,6,12.0,0,9.4,-0.8,-3.12,Graduate,Low,Social Service (evening attendance)
STD260764,1,15,1,9147,1,1,133.1,21,1,3,192,3,100.0,0,0,1,1,1,0,40,1,0,5,10,1,11.0,0,0,5,10,1,10.0,0,11.1,0.6,2.02,Enrolled,High,Management
STD260765,2,44,1,8014,0,39,150.0,1,1,1,5,5,154.0,0,0,0,1,1,0,37,0,12,16,17,16,14.125,0,6,11,14,10,13.0,0,12.4,0.5,1.79,Graduate,Low,Social Service (evening attendance)
STD260766,1,1,4,9147,1,1,120.0,1,38,38,5,10,111.3,0,0,0,1,1,0,20,0,0,5,8,5,10.2,0,0,5,7,5,11.2,0,12.4,0.5,1.79,Enrolled,Low,Management
STD260767,1,44,1,9130,1,39,150.0,1,1,1,4,4,150.0,1,0,0,1,0,0,20,0,0,5,7,4,12.0,1,0,5,6,4,12.4,0,10.8,1.4,1.74,Enrolled,Low,Equinculture
STD260768,1,7,1,9991,0,40,133.1,1,1,37,4,1,100.0,0,0,0,1,0,0,26,0,8,9,11,9,12.333333333333334,0,4,7,7,7,12.571428571428571,0,12.4,0.5,1.79,Graduate,Low,Management (evening attendance)
STD260769,2,39,1,8014,0,1,133.1,1,37,37,9,7,162.5,0,0,0,1,1,0,54,0,4,9,9,9,14.333333333333334,0,2,7,7,7,13.857142857142858,0,8.9,1.4,3.51,Graduate,Low,Social Service (evening attendance)
STD260770,1,17,5,9670,1,1,132.0,1,19,19,5,5,134.1,1,0,0,1,1,0,21,0,0,6,6,6,15.166666666666666,0,0,6,9,6,14.0,0,10.8,1.4,1.74,Graduate,Low,Advertising and Marketing Management
STD260771,1,1,1,9085,1,1,134.0,1,1,1,9,9,133.0,1,0,0,1,0,1,20,0,0,6,8,6,15.142857142857142,0,0,6,8,6,15.142857142857142,0,11.1,0.6,2.02,Graduate,Low,Veterinary Nursing
STD260772,1,17,6,9773,1,1,126.0,1,1,19,5,5,119.0,1,0,0,1,0,0,18,0,0,6,0,0,0.0,0,0,6,0,0,0.0,0,12.4,0.5,1.79,Dropout,High,Journalism and Communication
STD260773,1,1,3,9500,1,1,136.0,1,1,19,4,9,131.1,1,0,0,1,0,0,19,0,0,7,9,6,13.411428571428573,0,0,8,12,7,13.294444444444444,0,15.5,2.8,-4.06,Enrolled,Low,Nursing
STD260774,1,1,2,9238,1,1,129.0,1,38,1,4,10,129.4,1,0,0,1,0,0,18,0,0,6,7,6,12.333333333333334,0,0,6,7,6,12.166666666666666,0,9.4,-0.8,-3.12,Graduate,Low,Social Service
STD260775,1,1,1,9085,1,1,126.0,1,3,1,2,8,123.9,1,0,0,1,0,0,19,0,0,6,13,4,11.8,0,0,6,18,4,12.2,0,12.4,0.5,1.79,Enrolled,Medium,Veterinary Nursing
STD260776,1,44,1,9085,1,39,140.0,1,1,1,4,7,140.0,1,0,1,1,0,0,22,0,2,6,9,6,12.0,0,1,6,12,3,12.0,0,13.9,-0.3,0.79,Dropout,Low,Veterinary Nursing
STD260777,1,43,1,9085,1,1,162.0,1,2,1,4,4,162.0,0,0,0,1,0,0,19,0,0,6,7,6,15.0,0,0,6,8,6,15.625,0,12.4,0.5,1.79,Graduate,Low,Veterinary Nursing
STD260778,1,1,1,171,1,1,148.0,1,3,2,4,2,131.6,1,0,0,1,0,0,21,0,6,12,12,8,13.875,0,4,11,13,9,12.7,1,8.9,1.4,3.51,Dropout,Medium,Animation and Multimedia Design
STD260779,1,17,1,9853,1,1,119.0,1,3,3,132,132,110.6,0,0,0,1,0,0,20,0,0,7,9,6,11.833333333333334,0,0,7,7,6,14.333333333333334,0,11.1,0.6,2.02,Enrolled,Low,Basic Education
STD260780,1,17,3,9773,1,1,123.0,1,1,19,5,5,117.4,1,0,0,1,0,1,18,0,0,6,6,6,12.5,0,0,6,6,6,13.833333333333334,0,16.2,0.3,-0.92,Graduate,Low,Journalism and Communication
STD260781,1,17,1,9773,1,1,150.0,1,38,38,7,7,137.8,1,0,0,1,0,1,18,0,0,6,6,6,15.0,0,0,6,6,6,15.5,0,8.9,1.4,3.51,Graduate,Low,Journalism and Communication
STD260782,1,17,1,9670,1,1,113.0,1,1,1,5,4,106.7,1,0,1,1,0,0,20,0,0,6,10,2,11.666666666666666,0,0,6,10,4,10.5,0,15.5,2.8,-4.06,Dropout,High,Advertising and Marketing Management
STD260783,1,1,1,9500,1,1,152.0,1,19,37,3,8,156.9,0,0,0,1,0,1,18,0,0,7,10,7,14.668,0,0,8,8,8,14.63375,0,15.5,2.8,-4.06,Graduate,Low,Nursing
STD260784,1,1,3,9500,1,1,154.0,1,3,3,1,3,129.0,1,0,0,1,0,0,18,0,0,8,9,6,13.345,2,0,8,9,6,13.345,2,9.4,-0.8,-3.12,Enrolled,Low,Nursing
STD260785,1,1,2,9773,1,1,130.0,1,1,34,9,9,124.8,1,0,0,1,0,1,20,0,0,6,7,5,12.8,0,0,6,6,6,12.333333333333334,0,12.4,0.5,1.79,Graduate,Low,Journalism and Communication
STD260786,1,1,1,9238,1,1,121.0,1,1,1,1,1,115.1,1,0,0,1,0,0,19,0,0,6,10,6,10.833333333333334,0,0,6,7,6,12.142857142857142,0,11.1,0.6,2.02,Graduate,Low,Social Service
STD260787,1,1,1,9070,1,1,153.0,1,3,3,1,2,146.7,1,0,0,1,0,0,18,0,0,6,6,6,13.666666666666666,0,0,6,6,5,14.0,0,12.7,3.7,-1.7,Graduate,Low,Communication Design
STD260788,1,1,1,9500,1,1,148.0,1,3,1,4,5,132.8,0,0,0,1,0,0,18,0,0,8,8,7,14.537142857142856,0,0,8,8,7,14.537142857142856,0,10.8,1.4,1.74,Graduate,Low,Nursing
STD260789,1,5,3,9085,1,1,143.0,1,37,37,0,90,159.1,0,0,1,1,0,1,18,0,0,5,5,5,14.4,0,0,5,5,5,14.0,0,7.6,2.6,0.32,Dropout,Low,Veterinary Nursing
STD260790,1,17,3,171,1,1,147.0,1,19,1,5,4,137.6,1,0,0,1,0,1,20,0,0,0,0,0,0.0,0,0,0,0,0,0.0,0,12.7,3.7,-1.7,Graduate,High,Animation and Multimedia Design
STD260791,1,17,1,9773,1,1,138.0,1,1,19,9,9,124.0,0,0,0,1,0,1,19,0,0,6,6,6,13.166666666666666,0,0,6,6,6,13.833333333333334,0,11.1,0.6,2.02,Graduate,Low,Journalism and Communication
STD260792,1,39,1,9500,1,1,120.0,1,3,3,2,2,149.0,0,0,0,0,1,0,36,0,0,6,15,2,11.5,0,0,7,9,0,0.0,0,15.5,2.8,-4.06,Dropout,High,Nursing
STD260793,1,17,1,9238,1,1,145.0,1,1,40,9,2,129.6,0,0,0,1,0,1,19,0,0,6,7,6,11.333333333333334,0,0,6,7,6,12.428571428571429,0,11.1,0.6,2.02,Graduate,Low,Social Service
STD260794,1,17,3,9238,1,1,118.0,1,3,1,2,5,110.0,1,0,0,1,0,0,18,0,0,6,6,6,12.0,0,0,6,6,5,13.6,0,8.9,1.4,3.51,Graduate,Low,Social Service
STD260795,1,1,3,9773,1,1,121.0,1,19,19,3,3,116.1,0,0,0,1,0,1,18,0,0,6,6,6,13.166666666666666,0,0,6,6,6,12.166666666666666,0,12.4,0.5,1.79,Graduate,Low,Journalism and Communication
STD260796,1,1,3,9773,1,1,135.0,1,38,38,5,8,133.3,1,0,0,1,0,1,18,0,0,6,6,6,14.833333333333334,0,0,6,6,6,14.166666666666666,0,8.9,1.4,3.51,Graduate,Low,Journalism and Communication
STD260797,1,44,1,9070,1,1,140.0,1,1,1,9,8,144.3,1,0,0,1,0,0,19,0,2,7,7,7,13.0,0,5,9,9,9,13.22222222222222,0,12.4,0.5,1.79,Graduate,Low,Communication Design
STD260798,1,18,3,9500,1,1,145.0,1,1,1,4,8,133.6,1,0,0,1,0,0,18,0,0,7,8,7,13.087142857142856,0,0,8,8,8,12.95,0,11.1,0.6,2.02,Graduate,Low,Nursing
STD260799,1,1,1,9130,1,1,133.0,1,1,37,9,9,123.2,1,0,0,1,0,1,19,0,0,6,8,6,13.333333333333334,0,0,6,7,6,13.666666666666666,0,8.9,1.4,3.51,Graduate,Low,Equinculture
STD260800,1,1,1,9853,1,1,127.0,1,3,1,3,7,137.2,1,0,0,1,0,0,18,0,0,6,7,6,12.166666666666666,0,0,6,10,4,12.75,0,10.8,1.4,1.74,Enrolled,Low,Basic Education
STD260801,1,53,1,9070,1,42,130.0,1,40,19,3,5,130.0,1,0,0,0,0,1,22,0,0,6,8,6,11.0,0,0,6,10,4,12.0,0,8.9,1.4,3.51,Enrolled,High,Communication Design
STD260802,1,1,2,9238,1,1,117.0,1,19,1,9,8,110.0,1,0,1,0,0,0,18,0,0,6,0,0,0.0,0,0,6,0,0,0.0,0,11.1,0.6,2.02,Dropout,High,Social Service
STD260803,1,17,4,9147,1,1,125.0,1,19,19,5,5,118.0,1,0,0,1,0,0,19,0,0,5,7,5,13.6,0,0,5,6,5,12.2,0,8.9,1.4,3.51,Graduate,Low,Management
STD260804,1,1,1,9773,1,1,141.0,1,38,38,9,9,128.4,1,0,0,1,0,0,18,0,0,6,6,6,15.5,0,0,6,6,6,14.0,0,11.1,0.6,2.02,Graduate,Low,Journalism and Communication
STD260805,1,1,3,9853,1,1,122.0,1,1,3,5,3,113.6,0,0,0,1,0,0,19,0,0,7,7,7,13.857142857142858,0,0,7,7,7,14.285714285714286,0,11.1,0.6,2.02,Graduate,Low,Basic Education
STD260806,1,17,2,9147,1,1,118.0,1,19,1,9,3,113.5,1,0,1,1,0,0,20,0,0,5,10,2,11.5,0,0,5,8,3,10.0,0,11.1,0.6,2.02,Enrolled,High,Management
STD260807,1,17,3,9070,1,1,142.0,1,1,38,3,5,146.9,1,0,0,1,0,1,18,0,0,6,6,6,13.0,0,0,6,6,6,12.166666666666666,0,16.2,0.3,-0.92,Graduate,Low,Communication Design
STD260808,1,1,1,9130,1,1,143.0,1,3,3,2,10,141.3,0,0,1,0,0,0,23,0,0,6,10,6,14.0,0,0,6,11,4,13.0,0,11.1,0.6,2.02,Enrolled,High,Equinculture
STD260809,1,1,4,9773,1,1,143.0,1,1,3,4,7,129.7,1,0,0,1,0,0,20,0,0,4,4,0,0.0,0,0,6,0,0,0.0,0,8.9,1.4,3.51,Dropout,High,Journalism and Communication
STD260810,1,1,5,9070,1,1,123.0,1,3,1,9,3,121.3,1,0,0,1,0,0,20,0,0,6,6,6,11.166666666666666,0,0,6,9,6,11.5,0,12.4,0.5,1.79,Enrolled,Low,Communication Design
STD260811,1,1,1,9238,1,1,115.0,1,1,1,9,4,109.1,1,0,1,0,0,1,22,0,0,6,0,0,0.0,0,0,6,0,0,0.0,0,12.4,0.5,1.79,Dropout,High,Social Service
STD260812,1,17,2,9853,1,1,112.0,1,19,38,5,7,107.1,1,0,0,1,0,1,18,0,0,7,8,7,12.142857142857142,0,0,7,9,6,13.666666666666666,0,11.1,0.6,2.02,Graduate,Low,Basic Education
STD260813,1,17,1,9500,1,1,135.0,1,19,38,9,9,129.2,0,0,0,1,0,1,18,0,0,7,7,7,14.145714285714286,0,0,8,9,8,13.627777777777778,0,11.1,0.6,2.02,Graduate,Low,Nursing
STD260814,1,1,1,9500,1,1,162.0,1,3,4,3,3,154.1,0,0,0,1,0,0,18,0,0,7,7,7,14.45,0,0,8,9,8,14.144444444444444,0,11.1,0.6,2.02,Graduate,Low,Nursing
STD260815,1,1,1,9853,1,1,143.0,1,19,3,4,4,147.2,0,0,0,1,0,0,18,0,0,7,7,7,15.714285714285714,0,0,7,7,7,15.0,0,11.1,0.6,2.02,Graduate,Low,Basic Education
STD260816,1,51,1,9147,1,1,130.0,1,1,1,4,4,120.0,0,0,0,1,0,0,21,0,0,5,9,5,12.8,0,0,5,11,3,12.666666666666666,0,11.1,0.6,2.02,Enrolled,Low,Management
STD260817,1,17,1,9070,1,1,136.0,1,1,37,4,5,130.8,0,0,0,1,0,0,20,0,0,6,6,6,12.5,0,0,6,8,6,11.5,0,10.8,1.4,1.74,Enrolled,Low,Communication Design
STD260818,1,16,1,9070,1,1,125.0,1,1,1,4,4,120.8,1,0,0,1,0,0,18,0,0,6,6,6,14.5,0,0,6,6,6,12.833333333333334,0,12.4,0.5,1.79,Graduate,Low,Communication Design
STD260819,1,17,2,9500,1,1,132.0,1,19,37,3,5,125.4,1,0,0,0,0,1,20,0,0,7,7,7,13.462857142857144,0,0,8,10,7,13.164285714285716,0,11.1,0.6,2.02,Enrolled,High,Nursing
STD260820,1,1,1,8014,0,1,123.0,1,34,37,9,90,121.3,1,0,0,1,0,0,25,0,0,6,6,6,12.833333333333334,0,0,6,6,6,12.833333333333334,0,7.6,2.6,0.32,Graduate,Low,Social Service (evening attendance)
STD260821,1,1,1,9147,1,1,142.0,1,19,19,9,9,127.0,1,0,0,1,0,1,18,0,0,5,10,5,12.0,0,0,5,8,4,11.6,0,13.9,-0.3,0.79,Graduate,Low,Management
STD260822,1,1,3,171,1,1,147.0,1,12,19,9,3,151.6,1,0,0,1,0,0,19,0,0,0,0,0,0.0,0,0,0,0,0,0.0,0,13.9,-0.3,0.79,Graduate,High,Animation and Multimedia Design
STD260823,1,1,1,9085,1,1,140.0,6,1,19,4,7,131.6,1,0,0,1,0,0,20,1,0,7,9,6,14.714285714285714,0,1,7,16,6,13.2,0,12.4,0.5,1.79,Enrolled,Low,Veterinary Nursing
STD260824,1,1,2,9238,1,1,133.1,1,19,19,9,9,106.0,1,0,0,1,0,1,20,0,0,6,7,6,12.571428571428571,0,0,6,7,6,13.285714285714286,0,12.4,0.5,1.79,Graduate,Low,Social Service
STD260825,1,18,4,9773,1,1,114.0,1,1,1,9,9,111.6,1,0,0,1,0,1,21,0,0,6,6,6,12.5,0,0,6,6,6,11.5,0,11.1,0.6,2.02,Graduate,Low,Journalism and Communication
STD260826,1,17,3,9670,1,1,125.0,1,1,3,4,3,117.3,1,0,0,1,0,0,18,0,0,6,8,6,14.0,0,0,6,9,5,14.0,0,8.9,1.4,3.51,Graduate,Low,Advertising and Marketing Management
STD260827,1,17,1,9853,1,1,127.0,1,1,1,5,7,121.4,1,0,0,1,0,0,18,0,0,7,8,7,11.571428571428571,0,0,7,9,6,13.166666666666666,0,11.1,0.6,2.02,Dropout,Low,Basic Education
STD260828,1,1,3,9070,1,1,132.0,1,1,3,9,7,126.1,1,0,0,1,0,1,18,0,0,6,6,6,15.833333333333334,0,0,6,6,6,15.333333333333334,0,11.1,0.6,2.02,Graduate,Low,Communication Design
STD260829,1,1,4,9500,1,1,148.0,1,19,19,4,5,137.0,1,0,0,1,0,0,18,0,0,8,8,8,14.25,0,0,8,8,8,14.25,0,9.4,-0.8,-3.12,Graduate,Low,Nursing
STD260830,1,43,1,9670,1,1,139.0,1,3,19,3,5,120.8,0,0,0,1,0,0,19,0,0,6,0,0,0.0,0,0,6,0,0,0.0,0,15.5,2.8,-4.06,Dropout,High,Advertising and Marketing Management
STD260831,1,17,1,9254,1,1,136.0,1,39,3,3,3,128.7,1,0,0,1,0,0,20,0,0,6,8,6,11.666666666666666,0,0,6,10,6,11.0,0,13.9,-0.3,0.79,Dropout,Low,Tourism
STD260832,1,39,1,9238,1,9,133.1,1,34,34,0,0,118.0,0,0,0,1,0,0,47,0,0,6,12,0,0.0,0,0,5,10,0,0.0,0,7.6,2.6,0.32,Dropout,High,Social Service
STD260833,1,43,1,9130,1,1,120.0,6,1,3,9,2,120.0,0,0,1,1,0,0,21,1,2,5,9,5,13.2,2,0,5,7,2,12.5,2,10.8,1.4,1.74,Enrolled,Low,Equinculture
STD260834,2,39,1,9130,1,1,130.0,1,37,37,9,6,160.0,0,0,0,1,1,0,31,0,1,6,11,2,12.0,1,1,6,12,1,10.0,1,16.2,0.3,-0.92,Dropout,High,Equinculture
STD260835,2,39,1,9119,1,1,110.0,1,37,37,90,5,150.0,1,0,0,1,1,0,46,0,0,5,6,0,0.0,0,0,5,5,0,0.0,0,7.6,2.6,0.32,Dropout,High,Informatics Engineering
STD260836,1,1,3,9119,1,1,133.0,1,3,1,3,4,121.8,1,0,0,1,1,0,18,0,0,5,9,4,12.0,0,0,5,10,2,11.0,0,8.9,1.4,3.51,Enrolled,Low,Informatics Engineering
STD260837,1,17,3,9119,1,1,138.0,1,3,3,3,4,125.4,1,1,0,1,1,0,19,0,0,5,10,3,13.333333333333334,0,0,5,9,4,10.75,0,8.9,1.4,3.51,Dropout,Medium,Informatics Engineering
STD260838,1,51,1,9556,1,1,131.0,1,1,37,152,193,126.6,1,0,0,1,1,0,23,0,0,7,11,5,12.414285714285713,0,0,7,13,2,13.5,0,8.9,1.4,3.51,Enrolled,Medium,Oral Hygiene
STD260839,1,44,1,9130,1,39,150.0,1,3,1,2,8,150.0,0,0,0,0,1,0,22,0,0,5,5,0,0.0,0,0,5,5,0,0.0,0,12.7,3.7,-1.7,Dropout,High,Equinculture
STD260840,1,1,1,9147,1,1,125.0,1,38,1,3,10,114.5,1,0,0,1,1,0,19,0,0,5,5,5,13.8,0,0,5,7,5,12.4,0,9.4,-0.8,-3.12,Graduate,Low,Management
STD260841,1,1,1,9147,1,1,108.0,41,3,3,9,9,107.0,0,0,1,0,0,0,19,1,0,5,14,0,0.0,0,0,5,5,0,0.0,0,8.9,1.4,3.51,Dropout,High,Management
STD260842,1,17,1,9147,1,1,116.0,1,3,1,3,4,115.7,0,0,0,0,1,0,22,0,0,5,10,4,11.5,0,0,5,11,4,14.0,0,8.9,1.4,3.51,Enrolled,High,Management
STD260843,1,39,1,9130,1,1,133.1,1,3,34,3,0,120.0,0,0,1,0,1,0,29,0,0,5,11,0,0.0,4,0,5,6,0,0.0,1,9.4,-0.8,-3.12,Dropout,High,Equinculture
STD260844,1,1,3,9500,1,1,147.0,1,37,38,9,5,134.8,1,0,0,1,0,0,18,0,0,7,7,6,14.016666666666666,0,0,7,7,6,14.016666666666666,0,7.6,2.6,0.32,Graduate,Low,Nursing
STD260845,1,1,1,9238,1,1,143.0,1,38,34,9,9,133.6,1,0,0,1,0,0,18,0,0,6,9,5,11.4,0,0,6,8,5,10.8,0,9.4,-0.8,-3.12,Graduate,Low,Social Service
STD260846,1,1,1,171,1,1,115.0,1,37,37,9,8,129.0,1,0,1,0,0,1,23,0,0,0,0,0,0.0,0,0,0,0,0,0.0,0,9.4,-0.8,-3.12,Dropout,High,Animation and Multimedia Design
STD260847,2,39,1,9991,0,1,160.0,1,1,1,194,131,128.4,0,0,0,1,0,0,34,0,0,5,12,5,10.4,0,0,5,11,5,12.0,0,12.4,0.5,1.79,Graduate,Low,Management (evening attendance)
STD260848,1,17,1,9147,1,1,118.0,1,19,19,9,9,122.2,0,0,0,1,0,0,19,0,0,5,11,3,10.666666666666666,0,0,5,9,4,10.25,0,11.1,0.6,2.02,Graduate,Medium,Management
STD260849,1,1,1,9085,1,1,122.0,1,1,1,2,5,113.3,1,0,0,1,0,0,18,0,0,5,9,4,14.25,0,0,5,8,5,12.714285714285714,0,10.8,1.4,1.74,Enrolled,Low,Veterinary Nursing
STD260850,1,17,6,9500,1,1,143.0,1,1,19,4,4,129.9,0,0,0,1,0,1,20,0,3,7,7,7,13.914285714285713,0,5,8,8,8,14.10625,0,11.1,0.6,2.02,Graduate,Low,Nursing
STD260851,1,1,6,9500,1,1,133.0,1,3,3,1,1,126.2,1,0,0,1,0,0,19,0,0,7,9,7,13.761111111111113,0,0,8,11,7,12.82375,0,15.5,2.8,-4.06,Graduate,Low,Nursing
STD260852,1,5,2,9853,1,1,122.0,1,19,19,4,5,112.6,1,0,0,1,0,0,22,0,0,6,10,5,12.6,0,0,6,9,4,11.25,0,12.7,3.7,-1.7,Enrolled,Low,Basic Education
STD260853,1,1,1,9238,1,1,164.0,1,19,19,9,9,149.0,1,0,0,1,0,1,23,0,0,6,7,6,13.857142857142858,0,0,6,6,6,14.166666666666666,0,10.8,1.4,1.74,Graduate,Low,Social Service
STD260854,2,39,1,9500,1,1,133.1,1,1,19,9,9,120.0,0,0,0,1,1,1,34,0,0,8,8,7,13.842857142857143,0,0,8,8,7,13.842857142857143,0,12.7,3.7,-1.7,Graduate,Low,Nursing
STD260855,1,17,4,9119,1,1,127.0,1,19,19,5,5,120.4,1,0,1,0,1,0,18,0,0,5,12,0,0.0,0,0,5,8,0,0.0,0,9.4,-0.8,-3.12,Enrolled,High,Informatics Engineering
STD260856,1,1,3,9773,1,1,140.0,1,1,39,4,1,128.1,1,1,0,1,1,0,21,0,0,6,6,5,11.8,0,0,6,9,0,0.0,0,16.2,0.3,-0.92,Dropout,Low,Journalism and Communication
STD260857,1,1,1,9238,1,1,127.0,1,1,19,4,3,141.7,1,0,0,1,1,0,22,0,0,6,6,6,12.666666666666666,0,0,6,6,6,13.833333333333334,0,10.8,1.4,1.74,Dropout,Low,Social Service
STD260858,1,39,1,9003,1,12,133.1,1,37,1,9,10,130.0,0,0,0,1,1,0,28,0,0,6,6,0,0.0,0,0,6,6,0,0.0,0,11.1,0.6,2.02,Dropout,High,Agronomy
STD260859,1,5,4,9119,1,1,115.0,1,19,37,4,6,113.3,1,0,0,1,1,0,23,0,0,5,7,0,0.0,0,0,5,5,0,0.0,0,7.6,2.6,0.32,Dropout,High,Informatics Engineering
STD260860,1,1,1,9773,1,1,108.0,1,34,38,0,3,105.9,0,0,0,1,1,0,20,0,0,6,11,4,10.75,0,0,6,13,2,10.0,0,7.6,2.6,0.32,Dropout,Medium,Journalism and Communication
STD260861,1,18,2,9119,1,1,136.0,1,1,2,5,4,122.7,1,0,0,1,1,0,18,0,0,5,7,5,12.6,0,0,5,9,3,13.25,0,13.9,-0.3,0.79,Dropout,Low,Informatics Engineering
STD260862,1,39,2,9147,1,12,133.1,1,19,38,9,9,120.0,1,0,1,0,1,0,28,0,0,5,5,0,0.0,0,0,5,5,0,0.0,0,9.4,-0.8,-3.12,Dropout,High,Management
STD260863,1,44,1,9070,1,39,120.0,1,1,19,5,8,119.8,0,0,0,1,1,0,21,0,2,7,7,2,12.0,0,5,9,10,7,12.142857142857142,0,12.4,0.5,1.79,Dropout,High,Communication Design
STD260864,1,39,1,9670,1,1,133.1,1,38,19,9,8,122.9,0,0,1,0,1,0,25,0,0,6,7,3,14.0,0,0,6,9,2,14.5,0,13.9,-0.3,0.79,Dropout,High,Advertising and Marketing Management
STD260865,1,44,1,9085,1,39,160.0,1,1,1,5,4,160.0,1,1,0,0,1,0,19,0,2,6,6,6,14.0,0,1,6,11,6,13.5,0,12.4,0.5,1.79,Dropout,High,Veterinary Nursing
STD260866,1,1,4,9500,1,1,128.0,1,1,1,4,10,125.2,1,0,0,1,1,1,18,0,0,7,7,7,14.682857142857143,0,0,8,9,8,15.055555555555555,0,12.4,0.5,1.79,Graduate,Low,Nursing
STD260867,1,39,1,9119,1,3,130.0,1,1,38,90,90,143.4,0,0,0,1,1,0,29,0,0,3,3,0,0.0,3,0,5,0,0,0.0,0,10.8,1.4,1.74,Dropout,High,Informatics Engineering
STD260868,1,39,1,9119,1,19,133.1,1,37,38,3,7,96.7,0,0,0,1,1,1,29,0,0,5,6,0,0.0,0,0,5,7,0,0.0,0,12.4,0.5,1.79,Dropout,High,Informatics Engineering
STD260869,1,18,1,9254,1,1,137.0,1,19,19,4,5,126.9,0,0,0,1,1,0,20,0,0,6,7,6,13.857142857142858,0,0,6,7,5,12.8,0,16.2,0.3,-0.92,Graduate,Low,Tourism
STD260870,1,1,1,171,1,1,163.0,1,19,1,9,7,143.1,0,0,0,1,1,0,18,0,0,0,0,0,0.0,0,0,0,0,0,0.0,0,9.4,-0.8,-3.12,Graduate,High,Animation and Multimedia Design
STD260871,1,1,1,9254,1,1,125.0,1,1,1,191,193,114.5,0,0,0,1,1,0,20,0,0,6,8,6,13.142857142857142,0,0,6,7,6,12.5,0,8.9,1.4,3.51,Graduate,Low,Tourism
STD260872,2,39,1,9119,1,1,120.0,1,34,34,0,0,140.0,1,0,0,1,1,0,33,0,0,5,14,1,18.0,0,0,5,9,2,13.0,0,9.4,-0.8,-3.12,Dropout,High,Informatics Engineering
STD260873,1,42,1,9991,0,1,150.0,1,19,19,5,5,113.7,0,0,0,1,1,0,30,0,11,15,15,13,11.461538461538462,0,6,11,15,10,11.583333333333334,1,16.2,0.3,-0.92,Graduate,Low,Management (evening attendance)
STD260874,1,1,1,9556,1,1,135.0,1,1,1,1,1,131.5,0,0,0,1,1,1,21,0,0,7,14,5,11.2,0,0,8,11,6,11.583333333333334,0,16.2,0.3,-0.92,Enrolled,Medium,Oral Hygiene
STD260875,1,1,1,9003,1,1,148.0,1,1,19,194,194,143.5,0,0,1,1,1,0,18,0,0,6,6,5,15.0,0,0,6,8,4,14.5,0,8.9,1.4,3.51,Graduate,Low,Agronomy
STD260876,1,1,1,9500,1,1,138.0,1,38,38,9,9,126.8,0,0,0,1,1,1,19,0,0,7,9,7,14.244444444444444,0,0,8,12,8,12.233333333333333,0,15.5,2.8,-4.06,Graduate,Low,Nursing
STD260877,1,17,1,9070,1,1,119.0,1,38,19,9,9,115.2,0,0,0,1,1,1,21,0,0,6,8,4,11.5,0,0,6,7,5,11.0,0,15.5,2.8,-4.06,Dropout,Medium,Communication Design
STD260878,1,39,2,9556,1,1,130.0,1,19,19,4,5,100.0,0,0,0,1,1,1,25,0,0,7,7,2,10.0,0,0,7,7,0,0.0,0,15.5,2.8,-4.06,Dropout,High,Oral Hygiene
STD260879,1,1,2,9670,1,1,135.0,1,19,19,7,10,121.4,0,0,0,1,1,0,19,0,0,5,7,3,12.333333333333334,0,0,5,5,5,11.6,0,9.4,-0.8,-3.12,Graduate,Medium,Advertising and Marketing Management
STD260880,1,44,1,9070,1,39,120.0,1,19,1,9,3,120.0,1,0,0,1,1,0,23,0,2,7,8,5,12.2,0,5,9,10,7,12.142857142857142,1,16.2,0.3,-0.92,Dropout,Medium,Communication Design
STD260881,1,17,2,9070,1,1,126.0,1,38,38,9,8,129.9,1,0,0,1,1,1,19,0,0,6,6,6,13.666666666666666,0,0,6,7,5,13.2,0,12.4,0.5,1.79,Graduate,Low,Communication Design
STD260882,1,1,1,171,1,1,149.0,1,3,2,2,5,151.1,1,0,0,1,1,0,19,0,0,0,0,0,0.0,0,0,0,0,0,0.0,0,9.4,-0.8,-3.12,Graduate,High,Animation and Multimedia Design
STD260883,1,39,1,9003,1,1,110.0,1,19,37,9,6,120.0,0,0,1,0,1,0,31,0,0,6,15,1,11.0,0,0,6,10,0,0.0,0,16.2,0.3,-0.92,Dropout,High,Agronomy
STD260884,1,39,1,9003,1,1,133.1,1,37,37,4,7,130.0,0,0,1,0,1,0,32,0,0,6,8,3,13.0,0,4,10,14,6,11.428571428571429,0,16.2,0.3,-0.92,Dropout,High,Agronomy
STD260885,1,16,2,9500,1,1,127.0,1,2,38,4,9,119.0,1,0,0,1,0,1,19,0,0,8,12,7,12.599999999999998,0,0,8,12,7,12.599999999999998,0,10.8,1.4,1.74,Graduate,Low,Nursing
STD260886,1,42,1,9773,1,6,120.0,1,34,34,0,0,122.0,1,0,0,1,0,0,34,0,8,10,11,10,12.2,0,5,10,12,9,12.333333333333334,0,7.6,2.6,0.32,Graduate,Low,Journalism and Communication
STD260887,1,16,6,9773,1,1,136.0,1,38,14,0,0,129.7,1,0,0,1,0,0,21,0,0,6,6,6,13.166666666666666,0,0,6,6,6,13.0,0,7.6,2.6,0.32,Graduate,Low,Journalism and Communication
STD260888,1,43,2,9238,1,1,110.0,1,37,37,9,7,112.5,1,0,0,1,0,1,53,0,4,7,16,6,11.0,0,2,7,9,7,11.0,0,9.4,-0.8,-3.12,Graduate,Low,Social Service
STD260889,1,1,1,9500,1,1,136.0,1,19,19,4,7,136.0,0,0,0,1,0,1,19,0,0,7,7,7,14.014285714285714,0,0,8,8,8,15.35,0,13.9,-0.3,0.79,Graduate,Low,Nursing
STD260890,1,1,3,9773,1,1,145.0,1,38,38,9,5,133.1,0,0,0,1,0,1,20,0,0,6,9,4,13.0,0,0,6,13,4,11.25,0,10.8,1.4,1.74,Graduate,Medium,Journalism and Communication
STD260891,1,1,2,9773,1,1,159.0,1,1,19,9,9,151.3,1,0,0,1,0,0,18,0,0,6,6,6,14.0,0,0,6,6,6,14.666666666666666,0,10.8,1.4,1.74,Graduate,Low,Journalism and Communication
STD260892,1,39,1,171,1,1,147.0,1,37,38,175,193,133.3,0,0,0,0,0,0,32,0,0,0,0,0,0.0,0,0,0,0,0,0.0,0,16.2,0.3,-0.92,Dropout,High,Animation and Multimedia Design
STD260893,1,43,1,9500,1,1,150.0,1,37,37,9,9,130.8,1,0,0,1,0,1,21,0,0,8,8,7,14.428571428571429,0,0,8,8,7,14.428571428571429,0,12.7,3.7,-1.7,Graduate,Low,Nursing
STD260894,1,7,1,8014,0,3,140.0,1,37,12,9,4,140.0,0,0,0,0,0,0,26,0,0,5,9,0,0.0,0,0,5,10,0,0.0,0,9.4,-0.8,-3.12,Dropout,High,Social Service (evening attendance)
STD260895,1,42,1,9085,1,39,150.0,1,1,1,4,7,150.0,1,0,0,1,0,0,26,0,11,18,45,18,11.833333333333334,10,9,13,27,13,12.461538461538462,5,15.5,2.8,-4.06,Graduate,Low,Veterinary Nursing
STD260896,2,44,1,9991,0,39,130.0,1,1,37,4,9,130.0,0,0,0,0,0,0,21,0,0,5,12,3,11.333333333333334,0,0,5,10,1,13.0,0,15.5,2.8,-4.06,Dropout,High,Management (evening attendance)
STD260897,1,17,1,9773,1,1,120.0,1,37,37,5,5,125.3,0,0,0,1,0,0,18,0,0,6,9,6,12.5,0,0,6,9,6,13.0,0,7.6,2.6,0.32,Graduate,Low,Journalism and Communication
STD260898,1,43,1,9070,1,39,130.0,1,19,37,5,9,124.0,1,0,0,1,0,1,21,0,4,12,12,12,13.333333333333334,0,5,12,12,11,12.545454545454543,0,15.5,2.8,-4.06,Graduate,Low,Communication Design
STD260899,1,1,1,9254,1,1,112.0,1,38,19,9,5,113.8,1,0,0,1,0,0,21,0,0,6,10,6,10.833333333333334,0,0,6,10,4,11.0,0,7.6,2.6,0.32,Enrolled,Low,Tourism
STD260900,1,17,1,9670,1,1,128.0,1,19,19,7,7,124.4,0,0,0,1,0,1,19,0,0,6,6,6,13.0,0,0,6,6,6,14.0,0,13.9,-0.3,0.79,Graduate,Low,Advertising and Marketing Management
STD260901,1,17,1,9147,1,1,114.0,1,19,19,9,7,107.7,0,0,0,1,0,0,19,0,0,5,7,2,10.0,0,0,5,11,2,14.0,0,10.8,1.4,1.74,Dropout,High,Management
STD260902,1,43,2,9238,1,1,118.0,1,38,38,5,5,110.0,0,0,0,1,0,1,19,0,0,6,8,6,11.428571428571429,0,0,6,11,5,11.2,0,10.8,1.4,1.74,Graduate,Low,Social Service
STD260903,1,7,1,9500,1,3,130.0,1,37,38,7,7,130.0,1,0,0,1,0,0,27,0,0,8,8,8,12.8875,0,0,8,8,8,12.8875,0,9.4,-0.8,-3.12,Graduate,Low,Nursing
STD260904,1,1,2,9500,1,1,145.0,1,37,1,9,4,138.8,1,0,0,1,0,1,18,0,0,7,7,6,12.95,0,0,7,7,6,12.95,0,7.6,2.6,0.32,Graduate,Low,Nursing
STD260905,1,1,2,9147,1,1,121.0,1,19,19,9,9,126.3,1,0,0,1,0,0,20,0,0,5,12,1,10.0,2,0,5,5,0,0.0,0,12.7,3.7,-1.7,Dropout,High,Management
STD260906,1,1,3,9500,1,1,114.0,1,1,1,5,5,114.5,1,0,0,1,0,1,19,0,0,7,7,7,13.094285714285714,0,0,8,8,8,12.55,0,12.4,0.5,1.79,Graduate,Low,Nursing
STD260907,1,1,4,9670,1,1,127.0,1,1,1,7,7,116.5,1,0,0,1,0,0,20,0,0,6,7,0,0.0,0,0,6,6,0,0.0,0,16.2,0.3,-0.92,Dropout,High,Advertising and Marketing Management
STD260908,1,17,2,9238,1,1,145.0,1,19,38,7,6,128.6,1,0,0,1,0,1,19,0,0,6,12,5,11.714285714285714,0,0,6,11,6,11.0,0,12.7,3.7,-1.7,Graduate,Low,Social Service
STD260909,1,17,5,9238,1,1,130.0,1,19,1,5,5,130.0,1,0,0,1,0,0,20,0,0,6,8,4,11.25,0,0,6,15,3,10.0,0,9.4,-0.8,-3.12,Enrolled,Medium,Social Service
STD260910,1,1,1,171,1,1,150.0,1,38,19,7,10,134.6,0,0,0,1,0,0,20,0,0,0,0,0,0.0,0,0,0,0,0,0.0,0,15.5,2.8,-4.06,Dropout,High,Animation and Multimedia Design
STD260911,1,1,1,9853,1,1,145.0,1,37,37,9,5,146.8,0,0,0,1,0,0,18,0,0,6,6,6,13.166666666666666,0,0,6,6,6,13.333333333333334,0,7.6,2.6,0.32,Graduate,Low,Basic Education
STD260912,1,1,1,9085,1,1,128.0,1,19,1,5,4,135.7,1,0,0,1,0,0,20,0,0,5,7,4,12.75,0,0,5,5,5,13.4,0,10.8,1.4,1.74,Graduate,Low,Veterinary Nursing
STD260913,2,39,1,9991,0,1,140.0,1,37,37,9,9,120.0,0,0,0,0,0,0,38,0,0,5,6,5,10.6,0,0,5,9,2,11.0,0,12.7,3.7,-1.7,Dropout,High,Management (evening attendance)
STD260914,4,39,1,8014,0,1,130.0,1,37,37,9,7,138.0,0,0,0,1,0,0,42,0,0,6,8,5,11.2,0,0,6,6,6,12.0,0,8.9,1.4,3.51,Graduate,Low,Social Service (evening attendance)
STD260915,1,39,1,9500,1,1,140.0,1,37,37,9,6,135.5,0,0,0,1,0,0,32,0,0,7,0,0,0.0,0,0,8,0,0,0.0,0,13.9,-0.3,0.79,Dropout,High,Nursing
STD260916,1,15,1,9773,1,1,120.0,26,19,19,4,5,120.0,1,0,0,1,0,0,22,1,0,6,6,6,13.0,0,0,6,6,6,13.666666666666666,0,12.4,0.5,1.79,Graduate,Low,Journalism and Communication
STD260917,2,39,1,9991,0,1,147.0,1,34,34,90,90,111.7,1,0,0,1,0,0,28,0,0,5,10,0,0.0,0,0,5,5,0,0.0,0,7.6,2.6,0.32,Dropout,High,Management (evening attendance)
STD260918,2,39,1,8014,0,9,133.1,1,37,37,8,10,100.0,1,0,0,1,0,0,37,0,0,6,0,0,0.0,0,0,6,0,0,0.0,0,9.4,-0.8,-3.12,Dropout,High,Social Service (evening attendance)
STD260919,2,44,1,9003,1,39,160.0,1,37,38,9,4,160.0,0,0,0,1,0,0,43,0,0,6,8,6,14.166666666666666,0,0,6,9,6,15.0,0,15.5,2.8,-4.06,Graduate,Low,Agronomy
STD260920,6,39,1,8014,0,1,133.1,1,37,1,9,7,114.8,0,0,0,1,0,1,41,0,0,6,10,5,12.833333333333334,0,0,6,6,6,12.333333333333334,0,13.9,-0.3,0.79,Graduate,Low,Social Service (evening attendance)
STD260921,4,39,1,8014,0,19,140.0,1,37,37,9,3,131.0,0,0,0,1,0,1,29,0,0,6,11,4,11.75,0,0,6,9,5,10.4,0,10.8,1.4,1.74,Graduate,Medium,Social Service (evening attendance)
STD260922,1,39,1,8014,0,1,133.1,1,37,37,9,9,97.0,0,0,0,1,0,1,35,0,0,6,8,6,10.833333333333334,0,0,6,7,6,11.5,0,10.8,1.4,1.74,Graduate,Low,Social Service (evening attendance)
STD260923,1,17,6,9238,1,1,131.0,1,1,3,4,2,131.7,1,0,0,1,0,0,18,0,0,6,8,4,11.75,0,0,6,8,4,12.25,0,9.4,-0.8,-3.12,Dropout,Medium,Social Service
STD260924,1,39,1,9500,1,19,133.1,1,37,37,9,6,120.0,0,0,0,0,0,1,39,0,0,7,14,3,11.5,0,0,7,9,2,10.5,0,16.2,0.3,-0.92,Dropout,High,Nursing
STD260925,4,39,1,9991,0,1,120.0,1,37,37,9,9,110.0,0,0,0,1,0,0,37,0,0,5,14,2,10.0,0,0,5,7,3,11.333333333333334,0,12.7,3.7,-1.7,Enrolled,High,Management (evening attendance)
STD260926,1,39,1,9500,1,1,130.0,1,37,37,9,7,133.0,1,0,0,1,0,1,26,0,0,7,7,6,13.7,0,0,7,7,6,13.7,0,7.6,2.6,0.32,Graduate,Low,Nursing
STD260927,1,7,1,9085,1,3,140.0,1,19,20,4,90,140.0,1,0,0,1,0,0,32,0,0,5,8,1,14.0,2,0,5,12,0,0.0,4,10.8,1.4,1.74,Dropout,High,Veterinary Nursing
STD260928,2,39,1,8014,0,1,133.1,1,37,37,6,8,100.0,0,0,1,1,0,0,37,0,3,8,12,7,11.375,0,2,7,10,6,12.166666666666666,0,13.9,-0.3,0.79,Enrolled,Low,Social Service (evening attendance)
STD260929,1,39,1,9085,1,1,140.0,1,37,19,191,163,129.3,1,0,1,1,0,0,28,0,0,6,17,0,0.0,0,0,6,6,0,0.0,0,8.9,1.4,3.51,Enrolled,High,Veterinary Nursing
STD260930,1,1,1,9238,1,1,133.1,1,19,37,0,0,137.0,1,0,0,1,0,0,19,0,0,6,10,0,0.0,4,0,6,0,0,0.0,0,7.6,2.6,0.32,Dropout,High,Social Service
STD260931,1,1,5,9147,1,1,125.0,1,37,38,7,7,122.2,1,0,0,1,0,0,18,0,0,5,9,1,11.0,0,0,5,9,2,12.5,0,7.6,2.6,0.32,Enrolled,High,Management
STD260932,1,1,1,9853,1,1,115.0,1,19,38,9,9,108.0,0,0,0,1,0,1,19,0,0,7,10,6,13.0,0,0,7,7,7,13.285714285714286,0,12.4,0.5,1.79,Graduate,Low,Basic Education
STD260933,2,7,1,9670,1,3,110.0,1,37,37,7,7,110.0,0,0,0,1,0,0,32,0,4,11,15,8,13.6,0,2,8,10,8,15.11111111111111,0,13.9,-0.3,0.79,Graduate,Medium,Advertising and Marketing Management
STD260934,2,39,1,9147,1,1,140.0,1,37,37,9,9,127.7,1,0,0,1,0,0,31,0,0,5,8,3,11.0,0,0,5,9,2,11.5,0,7.6,2.6,0.32,Dropout,Medium,Management
STD260935,1,39,1,9500,1,1,100.0,1,3,1,2,5,121.3,1,0,0,1,0,0,34,0,0,8,11,7,11.705714285714285,0,0,8,11,7,11.705714285714285,0,10.8,1.4,1.74,Enrolled,Low,Nursing
STD260936,1,1,3,171,1,1,145.0,1,1,1,3,3,140.1,1,0,0,1,0,0,20,0,6,12,12,12,13.25,0,4,11,14,11,14.333333333333334,0,8.9,1.4,3.51,Graduate,Low,Animation and Multimedia Design
STD260937,1,39,1,9500,1,19,133.1,1,38,38,9,9,114.8,0,0,0,1,0,0,28,0,0,7,15,1,10.75,0,0,7,10,1,10.0,0,13.9,-0.3,0.79,Dropout,High,Nursing
STD260938,1,44,1,9991,0,39,150.0,1,37,37,6,6,150.0,0,0,0,1,0,0,31,0,2,6,8,6,12.0,0,2,7,8,7,13.428571428571429,0,9.4,-0.8,-3.12,Enrolled,Low,Management (evening attendance)
STD260939,1,1,1,9773,1,1,145.0,1,19,38,4,10,131.7,1,0,0,1,0,0,18,0,0,6,7,6,12.666666666666666,0,0,6,8,4,12.25,0,7.6,2.6,0.32,Enrolled,Low,Journalism and Communication
STD260940,4,39,1,8014,0,19,133.1,1,37,37,90,7,110.0,0,0,0,0,0,0,31,0,0,6,8,5,11.4,0,0,6,9,3,11.0,0,9.4,-0.8,-3.12,Dropout,High,Social Service (evening attendance)
STD260941,1,1,3,9773,1,1,110.0,1,19,19,5,5,105.5,1,0,0,1,0,0,19,0,0,6,6,6,13.0,0,0,6,8,5,12.4,0,12.4,0.5,1.79,Graduate,Low,Journalism and Communication
STD260942,1,1,1,9238,1,1,128.0,1,37,19,9,4,127.3,1,0,0,1,0,1,19,0,0,6,8,6,14.0,0,0,6,8,6,12.285714285714286,0,16.2,0.3,-0.92,Graduate,Low,Social Service
STD260943,2,39,1,9238,1,19,133.1,1,37,37,9,9,130.0,1,0,0,1,0,0,31,0,0,6,11,0,0.0,0,0,5,10,0,0.0,0,9.4,-0.8,-3.12,Enrolled,High,Social Service
STD260944,1,7,1,9085,1,3,130.0,1,1,19,9,10,130.0,0,0,0,1,0,0,34,0,0,6,0,0,0.0,0,0,6,0,0,0.0,0,15.5,2.8,-4.06,Dropout,High,Veterinary Nursing
STD260945,1,16,1,9556,1,1,137.0,1,37,37,9,7,122.7,1,0,0,1,0,1,18,0,0,7,7,7,15.285714285714286,0,0,8,8,8,16.075,0,12.4,0.5,1.79,Graduate,Low,Oral Hygiene
STD260946,1,17,2,9254,1,1,123.0,1,37,37,7,7,113.9,1,0,0,1,0,0,18,0,0,6,6,6,13.166666666666666,0,0,6,6,6,12.666666666666666,0,11.1,0.6,2.02,Graduate,Low,Tourism
STD260947,1,1,1,9147,1,1,156.0,1,3,19,3,3,151.1,0,0,1,1,1,0,19,0,0,5,7,5,13.6,0,0,5,11,5,12.833333333333334,5,16.2,0.3,-0.92,Graduate,Low,Management
STD260948,1,17,2,9773,1,1,133.1,1,3,5,0,2,125.8,1,0,0,0,1,1,22,0,0,4,8,0,0.0,0,0,4,8,0,0.0,0,7.6,2.6,0.32,Dropout,High,Journalism and Communication
STD260949,2,43,1,9670,1,1,100.0,1,34,34,0,0,128.2,0,0,0,1,1,0,32,0,6,10,12,10,11.4,0,4,9,9,4,11.5,0,7.6,2.6,0.32,Graduate,Low,Advertising and Marketing Management
STD260950,1,39,1,9147,1,1,140.0,1,37,3,9,2,135.1,0,0,0,1,1,0,61,0,0,5,0,0,0.0,0,0,5,0,0,0.0,0,15.5,2.8,-4.06,Dropout,High,Management
STD260951,1,39,1,9991,0,1,130.0,1,37,37,9,9,120.2,1,0,0,1,1,0,30,0,0,5,7,5,11.0,0,0,5,5,5,11.6,0,7.6,2.6,0.32,Graduate,Low,Management (evening attendance)
STD260952,2,39,1,9991,0,1,133.1,1,37,37,9,9,132.8,0,0,1,0,1,0,45,0,0,5,9,0,0.0,0,0,5,11,0,0.0,0,12.4,0.5,1.79,Dropout,High,Management (evening attendance)
STD260953,1,44,1,9003,1,39,140.0,1,1,19,4,8,140.0,0,0,0,1,1,0,20,0,0,6,7,6,13.571428571428571,0,0,6,6,6,12.666666666666666,0,12.4,0.5,1.79,Graduate,Low,Agronomy
STD260954,1,18,5,9500,1,1,137.0,1,19,1,1,10,129.3,0,0,0,1,0,0,19,0,0,7,0,0,0.0,0,0,8,0,0,0.0,0,9.4,-0.8,-3.12,Dropout,High,Nursing
STD260955,1,42,1,9119,1,1,120.0,1,3,1,2,9,108.2,1,0,0,1,1,0,26,0,4,10,14,4,11.25,0,4,11,11,4,12.0,0,7.6,2.6,0.32,Dropout,High,Informatics Engineering
STD260956,1,17,4,9670,1,1,125.0,1,1,1,4,90,125.4,1,0,0,1,1,0,19,0,0,5,6,3,13.333333333333334,0,0,5,5,1,11.0,0,7.6,2.6,0.32,Dropout,Medium,Advertising and Marketing Management
STD260957,1,17,1,9773,1,1,130.0,1,19,37,9,9,140.2,0,0,0,1,1,1,19,0,0,6,6,6,12.0,0,0,6,7,6,11.666666666666666,0,16.2,0.3,-0.92,Graduate,Low,Journalism and Communication
STD260958,1,1,3,9773,1,1,115.0,1,38,1,9,4,116.1,1,0,0,1,1,0,19,0,0,6,6,6,12.5,0,0,6,7,5,13.0,0,12.4,0.5,1.79,Graduate,Low,Journalism and Communication
STD260959,1,1,1,9147,1,1,150.0,1,1,19,5,5,137.8,1,0,0,1,1,1,19,0,0,5,6,5,13.2,0,0,5,6,5,12.666666666666666,0,16.2,0.3,-0.92,Graduate,Low,Management
STD260960,1,1,3,9670,1,1,134.0,1,14,11,0,0,128.4,1,0,0,0,1,0,19,0,0,5,5,0,0.0,0,0,4,4,0,0.0,0,7.6,2.6,0.32,Dropout,High,Advertising and Marketing Management
STD260961,1,39,1,9670,1,1,120.0,1,34,34,0,0,106.0,1,0,0,0,1,0,28,0,0,5,7,3,11.666666666666666,0,0,5,8,2,11.5,1,7.6,2.6,0.32,Dropout,High,Advertising and Marketing Management
STD260962,1,43,1,9147,1,1,141.0,1,37,37,9,9,130.2,0,0,0,1,1,0,24,0,10,15,16,15,13.466666666666669,1,10,14,14,14,13.642857142857142,0,9.4,-0.8,-3.12,Graduate,Low,Management
STD260963,1,1,1,9130,1,1,133.0,1,3,1,2,4,126.0,0,0,0,1,1,0,18,0,0,5,7,3,13.666666666666666,0,0,5,5,5,13.2,0,7.6,2.6,0.32,Graduate,Medium,Equinculture
STD260964,1,1,2,9119,1,1,149.0,1,38,38,5,5,141.0,0,0,0,1,1,0,18,0,0,5,9,2,11.666666666666666,0,0,5,9,2,12.5,2,7.6,2.6,0.32,Enrolled,High,Informatics Engineering
STD260965,1,1,1,9773,1,1,121.0,1,1,3,3,7,113.0,1,0,0,1,1,1,18,0,0,6,7,6,11.666666666666666,0,0,6,12,5,10.2,0,12.4,0.5,1.79,Graduate,Low,Journalism and Communication
STD260966,1,44,1,9003,1,39,120.0,1,4,1,2,8,120.0,0,0,0,1,1,0,21,0,0,6,9,5,13.4,0,0,6,9,5,12.4,0,8.9,1.4,3.51,Graduate,Low,Agronomy
STD260967,2,39,1,9991,0,1,148.0,1,19,37,9,5,130.9,0,0,0,0,1,0,28,0,0,5,5,0,0.0,0,0,5,6,0,0.0,0,12.4,0.5,1.79,Dropout,High,Management (evening attendance)
STD260968,1,39,1,9003,1,12,133.1,1,37,19,9,10,120.0,0,0,0,1,1,0,58,0,0,6,9,0,0.0,0,0,6,6,0,0.0,0,13.9,-0.3,0.79,Dropout,High,Agronomy
STD260969,2,39,1,9991,0,1,135.0,1,34,34,0,0,134.1,1,0,0,0,1,0,49,0,0,5,5,0,0.0,0,0,5,5,0,0.0,0,7.6,2.6,0.32,Dropout,High,Management (evening attendance)
STD260970,1,39,1,9119,1,1,150.0,1,1,38,3,5,120.0,0,0,0,1,1,0,24,0,0,5,6,3,10.666666666666666,0,0,5,9,2,10.5,0,15.5,2.8,-4.06,Enrolled,Medium,Informatics Engineering
STD260971,1,43,1,9670,1,1,130.0,1,34,34,0,0,114.8,0,0,0,1,1,0,25,0,0,5,5,4,13.75,0,0,5,5,4,14.75,0,7.6,2.6,0.32,Graduate,Low,Advertising and Marketing Management
STD260972,4,42,1,9147,1,1,133.1,1,37,38,7,3,123.0,1,0,0,1,1,0,33,0,0,5,5,1,10.0,0,0,5,5,0,0.0,0,7.6,2.6,0.32,Dropout,High,Management
STD260973,2,39,2,9119,1,19,133.1,1,37,37,7,7,118.0,0,0,0,0,1,0,33,0,0,5,11,0,0.0,0,0,5,5,0,0.0,0,9.4,-0.8,-3.12,Dropout,High,Informatics Engineering
STD260974,2,43,1,9853,1,1,110.0,1,37,37,7,7,100.0,0,0,0,1,1,0,40,0,0,2,4,1,16.0,0,0,4,5,4,15.5,0,13.9,-0.3,0.79,Graduate,Medium,Basic Education
STD260975,2,39,1,9991,0,1,170.0,1,37,19,9,3,151.1,0,0,0,1,1,0,48,0,0,5,9,5,12.285714285714286,0,0,5,8,5,11.125,0,16.2,0.3,-0.92,Graduate,Low,Management (evening attendance)
STD260976,1,17,3,9119,1,1,120.0,1,1,19,9,3,116.9,1,0,1,0,1,0,18,0,0,5,10,3,12.0,0,0,5,8,3,10.333333333333334,0,8.9,1.4,3.51,Enrolled,High,Informatics Engineering
STD260977,1,39,1,9500,1,19,133.1,1,38,38,9,8,106.0,1,0,0,1,1,0,24,0,0,7,7,6,12.666666666666666,1,0,7,7,6,12.666666666666666,1,7.6,2.6,0.32,Graduate,Low,Nursing
STD260978,2,1,1,9085,1,1,139.0,1,19,19,192,144,127.1,0,0,0,1,1,1,23,0,0,5,6,5,11.8,0,0,5,7,4,13.25,1,10.8,1.4,1.74,Graduate,Low,Veterinary Nursing
STD260979,1,39,1,9991,0,19,133.1,1,19,37,7,5,155.5,1,0,1,0,1,0,39,0,0,5,6,5,10.6,0,0,5,7,5,14.666666666666666,0,10.8,1.4,1.74,Dropout,High,Management (evening attendance)
STD260980,1,18,1,9003,1,1,133.1,1,1,38,9,6,101.0,0,0,0,1,1,0,21,0,5,11,16,9,11.9,0,3,9,14,8,12.25,0,15.5,2.8,-4.06,Graduate,Low,Agronomy
STD260981,1,42,1,9119,1,6,120.0,1,35,35,6,6,128.2,1,0,0,1,1,0,34,0,4,6,8,4,11.25,0,1,5,8,2,10.5,0,7.6,2.6,0.32,Dropout,Medium,Informatics Engineering
STD260982,2,39,1,9991,0,1,100.0,1,19,19,4,4,113.0,0,0,0,1,1,1,41,0,0,5,9,4,11.0,0,0,5,6,5,11.4,0,8.9,1.4,3.51,Enrolled,Low,Management (evening attendance)
STD260983,1,1,1,9773,1,1,134.0,1,1,38,4,5,122.8,0,0,0,1,1,0,18,0,0,6,6,6,12.0,0,0,6,6,6,12.5,0,12.7,3.7,-1.7,Graduate,Low,Journalism and Communication
STD260984,2,39,1,9991,0,1,130.0,1,38,38,9,3,145.6,0,0,0,1,1,0,34,0,0,5,10,4,11.75,0,0,5,10,4,10.833333333333334,0,13.9,-0.3,0.79,Enrolled,Low,Management (evening attendance)
STD260985,1,1,1,9147,1,1,128.0,1,1,1,2,10,116.5,0,0,0,1,1,0,19,0,0,5,8,2,10.0,0,0,5,8,1,16.0,0,7.6,2.6,0.32,Dropout,High,Management
STD260986,1,1,1,9500,1,1,154.0,1,19,19,3,3,142.0,0,0,0,1,1,0,19,0,0,8,8,7,13.714285714285714,0,0,8,8,7,13.714285714285714,0,12.7,3.7,-1.7,Graduate,Low,Nursing
STD260987,1,7,1,9003,1,4,150.0,1,1,1,4,6,150.0,0,0,0,1,1,0,28,0,0,6,14,6,14.875,0,0,6,12,6,15.8,0,16.2,0.3,-0.92,Graduate,Low,Agronomy
STD260988,1,17,1,9070,1,1,134.0,1,1,1,5,0,133.3,1,0,0,1,1,0,18,0,0,6,7,5,10.8,1,0,6,6,0,0.0,0,7.6,2.6,0.32,Dropout,Low,Communication Design
STD260989,1,1,1,9238,1,1,127.0,1,2,2,3,4,115.8,1,0,0,1,1,0,19,0,0,6,11,3,12.0,0,0,6,12,2,10.0,0,11.1,0.6,2.02,Dropout,Medium,Social Service
STD260990,1,17,2,9085,1,1,133.1,1,19,38,9,1,100.0,1,0,1,0,1,0,19,0,0,6,10,5,12.5,0,0,6,19,2,13.5,0,12.4,0.5,1.79,Dropout,High,Veterinary Nursing
STD260991,1,17,1,9500,1,1,130.0,1,1,3,9,2,128.6,1,0,0,1,0,0,18,0,0,7,7,7,14.728571428571428,0,0,8,11,8,16.327272727272728,0,16.2,0.3,-0.92,Graduate,Low,Nursing
STD260992,1,1,1,9130,1,1,135.0,1,3,3,2,2,137.1,1,0,0,1,0,0,18,0,0,6,8,6,12.0,0,0,6,8,5,14.8,0,12.4,0.5,1.79,Graduate,Low,Equinculture
STD260993,1,1,1,9773,1,1,143.0,1,1,3,3,3,149.0,1,0,0,1,0,0,18,0,0,6,8,6,11.428571428571429,0,0,6,7,6,11.0,0,11.1,0.6,2.02,Dropout,Low,Journalism and Communication
STD260994,1,44,2,9238,1,39,150.0,1,3,19,4,9,147.0,1,0,0,1,0,0,19,0,3,6,6,6,14.166666666666666,0,2,6,6,6,13.5,0,12.4,0.5,1.79,Graduate,Low,Social Service
STD260995,2,7,1,9238,1,3,150.0,1,37,37,191,192,150.0,0,0,0,1,0,0,31,0,1,6,12,5,12.5,0,0,6,10,5,14.6,0,12.7,3.7,-1.7,Graduate,Low,Social Service
STD260996,1,39,1,8014,0,1,130.0,1,37,37,9,8,103.5,0,0,0,1,0,1,33,0,0,6,6,6,14.166666666666666,0,0,6,6,6,14.333333333333334,0,12.7,3.7,-1.7,Graduate,Low,Social Service (evening attendance)
STD260997,1,1,3,9500,1,1,113.0,1,3,1,134,135,107.8,1,0,0,1,0,1,20,0,0,7,10,5,14.46,0,0,7,8,6,13.55,0,12.4,0.5,1.79,Enrolled,Medium,Nursing
STD260998,1,44,1,9085,1,39,130.0,6,19,1,6,4,130.0,1,0,0,1,0,0,22,1,0,6,12,5,12.8,0,0,6,19,2,11.5,0,12.4,0.5,1.79,Enrolled,Low,Veterinary Nursing
STD260999,1,17,1,9254,1,1,115.0,1,1,19,3,3,109.4,1,0,0,1,0,0,19,0,0,6,8,6,12.666666666666666,0,0,6,8,5,13.4,0,11.1,0.6,2.02,Graduate,Low,Tourism
STD261000,1,1,3,9070,1,1,146.0,1,34,34,0,0,143.6,1,0,0,1,0,0,18,0,0,6,6,6,12.5,0,0,6,6,6,13.0,0,7.6,2.6,0.32,Dropout,Low,Communication Design
STD261001,1,17,3,9070,1,1,132.0,1,38,1,5,5,124.3,0,1,0,1,0,0,18,0,0,6,0,0,0.0,0,0,6,0,0,0.0,0,15.5,2.8,-4.06,Dropout,High,Communication Design
STD261002,1,1,5,9670,1,1,116.0,1,19,38,9,9,119.5,1,0,0,0,0,0,18,0,0,6,0,0,0.0,0,0,6,0,0,0.0,0,8.9,1.4,3.51,Dropout,High,Advertising and Marketing Management
STD261003,1,1,1,171,1,1,163.0,1,3,4,2,5,175.6,1,0,0,1,0,0,18,0,0,0,0,0,0.0,0,0,0,0,0,0.0,0,11.1,0.6,2.02,Graduate,High,Animation and Multimedia Design
STD261004,1,17,2,9147,1,1,122.0,1,19,19,7,7,116.1,1,0,0,1,0,1,19,0,0,5,8,5,11.2,0,0,5,5,3,11.0,0,12.4,0.5,1.79,Graduate,Low,Management
STD261005,1,17,2,9238,1,1,136.0,1,1,3,3,4,126.6,1,0,0,1,0,0,18,0,0,6,6,6,16.5,0,0,6,7,6,17.428571428571427,0,11.1,0.6,2.02,Dropout,Low,Social Service
STD261006,1,17,1,9085,1,1,142.0,1,3,19,5,5,130.8,1,0,0,1,0,0,18,0,0,5,9,3,13.666666666666666,1,0,5,5,5,12.0,0,12.7,3.7,-1.7,Graduate,Medium,Veterinary Nursing
STD261007,1,17,6,9500,1,1,139.0,1,37,37,9,6,133.5,1,0,0,1,0,1,18,0,0,8,8,7,15.228571428571428,0,0,8,8,7,15.228571428571428,0,12.7,3.7,-1.7,Graduate,Low,Nursing
STD261008,1,53,1,9238,1,42,140.0,1,37,37,9,10,136.9,1,0,0,1,0,0,21,0,5,9,10,9,12.77777777777778,0,4,9,9,9,13.22222222222222,0,8.9,1.4,3.51,Graduate,Low,Social Service
STD261009,1,1,1,9500,1,1,165.0,1,19,37,5,5,142.3,0,0,0,1,0,1,18,0,0,8,8,7,14.428571428571429,0,0,8,8,7,14.428571428571429,0,12.7,3.7,-1.7,Graduate,Low,Nursing
STD261010,1,17,3,9670,1,1,122.0,1,1,38,3,3,114.3,1,0,0,1,0,0,18,0,0,6,8,6,13.875,0,0,6,7,6,13.714285714285714,0,11.1,0.6,2.02,Graduate,Low,Advertising and Marketing Management
STD261011,1,1,2,9500,1,1,135.0,1,19,19,9,10,122.9,1,0,0,1,0,0,18,0,0,7,10,7,13.128,0,0,8,13,6,13.193333333333332,0,15.5,2.8,-4.06,Graduate,Low,Nursing
STD261012,1,17,1,9500,1,1,128.0,1,19,1,4,3,117.2,1,0,0,1,0,0,20,0,0,7,9,6,11.605,0,0,8,10,7,12.4125,0,16.2,0.3,-0.92,Graduate,Low,Nursing
STD261013,1,17,1,9147,1,1,139.0,1,1,38,4,5,152.0,0,0,0,1,0,1,18,0,0,5,5,5,14.6,0,0,5,8,5,12.0,0,12.7,3.7,-1.7,Graduate,Low,Management
STD261014,1,1,2,9773,1,1,125.0,1,19,1,4,5,122.2,1,0,0,1,0,0,18,0,0,6,0,0,0.0,0,0,6,0,0,0.0,0,11.1,0.6,2.02,Dropout,High,Journalism and Communication
STD261015,1,18,2,9147,1,1,102.0,1,37,38,191,143,101.7,1,0,0,1,0,1,20,0,0,5,6,5,11.8,0,0,5,6,5,11.6,0,8.9,1.4,3.51,Graduate,Low,Management
STD261016,1,17,1,9254,1,1,116.0,1,19,19,9,8,119.9,1,0,0,1,0,0,20,0,0,6,6,6,12.333333333333334,0,0,6,6,6,12.333333333333334,0,12.4,0.5,1.79,Graduate,Low,Tourism
STD261017,1,17,1,9147,1,1,138.0,1,37,1,9,9,123.7,1,0,1,1,0,1,19,0,0,5,5,4,11.0,0,0,5,5,0,0.0,0,11.1,0.6,2.02,Dropout,Low,Management
STD261018,1,51,1,9070,1,1,135.0,1,3,1,3,5,121.8,0,0,0,1,0,1,19,0,5,11,11,11,13.181818181818182,0,5,11,11,11,12.909090909090908,0,11.1,0.6,2.02,Graduate,Low,Communication Design
STD261019,1,17,4,9670,1,1,110.0,1,19,37,9,99,106.1,1,1,1,0,0,1,18,0,0,6,6,1,11.0,0,0,6,0,0,0.0,0,12.7,3.7,-1.7,Dropout,High,Advertising and Marketing Management
STD261020,1,17,3,9773,1,1,132.0,1,1,1,4,9,124.3,1,0,1,1,0,1,19,0,0,6,6,6,11.833333333333334,0,0,6,7,6,12.285714285714286,0,15.5,2.8,-4.06,Graduate,Low,Journalism and Communication
STD261021,1,1,2,9500,1,1,126.0,1,1,38,4,7,124.3,1,0,0,1,0,1,20,0,0,8,8,8,12.98125,0,0,8,8,8,12.98125,0,9.4,-0.8,-3.12,Graduate,Low,Nursing
STD261022,1,44,1,9147,1,39,117.4,1,19,1,4,9,117.4,1,0,0,1,0,0,21,0,4,7,10,6,11.333333333333334,0,1,5,6,5,11.2,0,11.1,0.6,2.02,Graduate,Low,Management
STD261023,1,43,2,9500,1,1,120.0,1,41,3,2,2,112.7,0,0,0,1,0,0,21,0,0,8,12,6,11.68,0,0,8,12,6,11.68,0,10.8,1.4,1.74,Graduate,Low,Nursing
STD261024,1,17,1,9070,1,1,116.0,1,38,38,9,9,123.7,0,0,0,1,0,0,20,0,0,6,6,6,14.5,0,0,6,7,6,13.5,0,11.1,0.6,2.02,Graduate,Low,Communication Design
STD261025,1,18,2,9853,1,1,111.0,1,38,38,191,171,105.8,1,0,0,1,0,0,19,0,0,7,7,7,13.142857142857142,0,0,7,8,7,12.857142857142858,0,8.9,1.4,3.51,Graduate,Low,Basic Education
STD261026,1,17,3,9085,1,1,128.0,1,1,19,4,90,124.2,0,0,0,0,0,0,21,0,0,5,8,2,11.5,0,0,5,7,2,10.5,0,7.6,2.6,0.32,Dropout,High,Veterinary Nursing
STD261027,1,1,1,9085,1,1,123.0,1,30,19,4,90,122.3,0,0,0,1,0,0,18,0,0,5,6,5,14.2,0,0,5,7,5,11.8,0,7.6,2.6,0.32,Graduate,Low,Veterinary Nursing
STD261028,1,1,5,9254,1,1,131.0,1,19,37,9,9,123.7,0,0,0,1,0,1,19,0,0,6,8,5,11.666666666666666,0,0,6,7,5,12.2,0,8.9,1.4,3.51,Graduate,Low,Tourism
STD261029,1,17,2,9500,1,1,135.0,1,19,19,9,4,129.8,1,0,0,1,0,0,18,0,0,7,8,7,13.175,0,0,8,8,8,14.875,0,13.9,-0.3,0.79,Graduate,Low,Nursing
STD261030,1,1,4,9500,1,1,136.0,1,1,1,9,9,123.8,1,0,0,1,0,1,19,0,0,8,8,7,13.314285714285717,0,0,8,8,7,13.314285714285717,0,12.7,3.7,-1.7,Graduate,Low,Nursing
STD261031,1,1,2,9147,1,1,132.0,1,1,19,4,3,126.4,1,0,0,1,0,1,18,0,0,5,13,3,10.6,0,0,5,12,3,10.5,0,13.9,-0.3,0.79,Graduate,Medium,Management
STD261032,1,1,1,9853,1,1,120.0,1,19,37,5,7,115.1,0,0,0,1,0,1,18,0,0,6,11,4,12.0,0,0,6,8,4,10.75,0,15.5,2.8,-4.06,Enrolled,Medium,Basic Education
STD261033,1,1,1,9773,1,1,144.0,1,37,37,8,8,138.4,0,0,0,1,0,0,18,0,0,6,7,6,13.428571428571429,0,0,6,7,6,14.142857142857142,0,13.9,-0.3,0.79,Graduate,Low,Journalism and Communication
STD261034,1,17,1,9085,1,1,129.0,1,1,37,9,9,118.2,1,0,0,1,0,1,18,0,0,5,7,4,13.25,0,0,5,8,5,15.571428571428571,0,10.8,1.4,1.74,Graduate,Low,Veterinary Nursing
STD261035,1,17,1,9070,1,1,136.0,1,38,19,7,7,121.7,1,0,0,1,0,0,18,0,0,6,6,2,13.0,0,0,6,6,0,0.0,0,12.4,0.5,1.79,Dropout,High,Communication Design
STD261036,1,1,3,9070,1,1,125.0,1,1,38,9,7,118.0,0,0,0,1,0,1,18,0,0,6,6,6,14.333333333333334,0,0,6,7,6,14.0,0,11.1,0.6,2.02,Enrolled,Low,Communication Design
STD261037,1,17,1,9238,1,1,125.0,1,1,38,9,7,119.8,0,0,0,1,0,0,18,0,0,6,0,0,0.0,0,0,6,0,0,0.0,0,11.1,0.6,2.02,Dropout,High,Social Service
STD261038,1,1,1,9238,1,1,154.0,1,1,3,4,2,164.9,0,0,0,1,0,0,18,0,0,6,6,6,14.0,0,0,6,6,6,13.166666666666666,0,10.8,1.4,1.74,Graduate,Low,Social Service
STD261039,1,42,1,9085,1,1,100.0,1,1,38,4,9,100.0,1,0,0,1,0,1,20,0,1,2,2,2,12.0,0,1,6,11,6,12.833333333333334,0,13.9,-0.3,0.79,Graduate,Low,Veterinary Nursing
STD261040,1,1,1,9853,1,1,124.0,1,3,1,2,5,121.6,0,0,0,1,0,0,18,0,0,6,9,5,12.333333333333334,0,0,6,10,5,10.6,0,15.5,2.8,-4.06,Enrolled,Low,Basic Education
STD261041,1,17,4,9070,1,1,126.0,1,1,19,4,5,120.4,1,0,0,1,0,0,18,0,0,6,8,5,11.8,0,0,6,7,5,10.4,1,16.2,0.3,-0.92,Graduate,Low,Communication Design
STD261042,1,18,6,9500,1,1,124.0,1,37,37,9,7,117.8,0,0,0,1,0,1,20,0,0,8,8,7,12.791428571428572,1,0,8,8,7,12.791428571428572,1,10.8,1.4,1.74,Graduate,Low,Nursing
STD261043,4,43,1,9670,1,1,150.0,1,37,37,9,6,110.0,0,0,0,1,0,0,40,0,4,8,8,8,11.625,0,3,7,12,5,11.2,0,9.4,-0.8,-3.12,Graduate,Low,Advertising and Marketing Management
STD261044,1,1,6,9500,1,1,133.0,1,38,38,9,9,128.8,1,0,0,1,0,1,18,0,0,7,11,6,11.994444444444444,0,0,8,11,7,12.43142857142857,0,15.5,2.8,-4.06,Graduate,Low,Nursing
STD261045,1,1,5,9254,1,1,126.0,1,19,19,4,7,116.6,1,0,0,1,0,0,19,0,0,6,9,5,11.6,0,0,6,12,5,12.2,0,13.9,-0.3,0.79,Graduate,Low,Tourism
STD261046,1,7,1,9991,0,40,120.0,1,1,19,4,9,120.0,0,0,0,1,0,0,24,0,0,5,5,0,0.0,0,0,5,6,0,0.0,0,12.4,0.5,1.79,Dropout,High,Management (evening attendance)
STD261047,1,1,3,9773,1,1,175.0,1,3,38,2,10,157.5,1,0,0,1,0,0,19,0,0,6,8,6,13.166666666666666,0,0,6,7,6,13.166666666666666,0,10.8,1.4,1.74,Dropout,Low,Journalism and Communication
STD261048,1,1,6,9500,1,1,141.0,1,2,1,4,4,136.3,1,0,0,1,0,0,19,0,0,8,8,7,14.1,0,0,8,8,7,14.1,0,10.8,1.4,1.74,Graduate,Low,Nursing
STD261049,1,1,1,9500,1,1,133.0,1,1,19,9,6,121.5,1,0,0,1,0,1,20,0,0,7,8,6,12.396666666666668,0,0,8,9,7,12.94285714285714,0,11.1,0.6,2.02,Graduate,Low,Nursing
STD261050,1,1,1,9500,1,1,143.0,1,38,38,5,5,133.9,0,0,0,1,0,0,18,0,0,7,7,7,15.014285714285714,0,0,8,8,8,16.0875,0,12.4,0.5,1.79,Graduate,Low,Nursing
STD261051,1,1,1,171,1,1,141.0,1,1,38,4,8,136.8,1,0,0,1,0,1,18,0,0,0,0,0,0.0,0,0,0,0,0,0.0,0,13.9,-0.3,0.79,Graduate,High,Animation and Multimedia Design
STD261052,1,17,2,9500,1,1,134.0,1,19,37,4,7,133.5,1,0,0,1,0,0,19,0,0,7,8,7,14.05,0,0,8,8,8,15.1,0,13.9,-0.3,0.79,Graduate,Low,Nursing
STD261053,1,17,3,9500,1,1,138.0,1,3,3,4,5,130.0,1,0,0,1,0,0,18,0,0,7,8,7,14.85,0,0,8,8,8,15.2,0,13.9,-0.3,0.79,Dropout,Low,Nursing
STD261054,1,44,1,9085,1,39,140.0,1,3,3,2,2,140.0,1,0,0,1,0,0,19,0,0,6,10,6,13.0,0,0,6,19,5,13.0,0,12.4,0.5,1.79,Graduate,Low,Veterinary Nursing
STD261055,1,1,2,9500,1,1,142.0,1,37,37,9,7,132.7,1,0,0,1,0,1,19,0,0,7,8,7,14.7875,0,0,8,8,8,15.8625,0,13.9,-0.3,0.79,Graduate,Low,Nursing
STD261056,1,1,1,9500,1,1,118.0,1,19,19,5,7,117.8,0,0,0,1,0,1,19,0,0,7,7,7,13.7,0,0,8,9,7,14.671428571428574,0,12.4,0.5,1.79,Graduate,Low,Nursing
STD261057,1,1,2,9500,1,1,131.0,1,1,37,4,4,126.1,1,0,0,1,0,1,19,0,0,7,7,7,12.495714285714286,0,0,8,9,7,12.242857142857144,0,11.1,0.6,2.02,Dropout,Low,Nursing
STD261058,1,1,1,9500,1,1,130.0,1,1,38,1,7,120.0,0,0,0,1,0,0,19,0,0,7,7,6,14.566666666666668,0,0,7,7,6,14.566666666666668,0,7.6,2.6,0.32,Graduate,Low,Nursing
STD261059,1,39,1,9670,1,12,133.1,1,1,19,1,5,100.0,1,0,1,0,0,0,25,0,0,5,5,5,11.2,0,0,5,5,4,11.25,0,9.4,-0.8,-3.12,Dropout,High,Advertising and Marketing Management
STD261060,1,1,1,9500,1,1,130.0,1,19,19,4,10,116.8,0,0,0,1,0,0,20,0,0,8,8,7,12.685714285714283,0,0,8,8,7,12.685714285714283,0,12.7,3.7,-1.7,Graduate,Low,Nursing
STD261061,1,53,1,9238,1,42,130.0,1,1,19,5,5,128.3,0,0,1,0,0,0,23,0,5,9,12,7,13.571428571428571,0,4,9,14,4,13.25,0,8.9,1.4,3.51,Dropout,High,Social Service
STD261062,1,1,1,9070,1,1,133.1,1,19,19,7,7,117.0,0,0,0,1,0,0,20,0,0,6,0,0,0.0,0,0,6,0,0,0.0,0,15.5,2.8,-4.06,Dropout,High,Communication Design
STD261063,1,39,1,8014,0,1,130.0,1,37,11,9,10,131.5,0,0,0,1,0,0,27,0,0,6,8,5,11.0,0,0,6,7,6,11.166666666666666,0,11.1,0.6,2.02,Graduate,Low,Social Service (evening attendance)
STD261064,1,1,1,9500,1,1,149.0,1,19,1,4,4,134.8,0,0,0,1,0,0,18,0,0,8,8,8,14.445,0,0,8,8,8,14.445,0,9.4,-0.8,-3.12,Graduate,Low,Nursing
STD261065,1,1,1,9853,1,1,163.0,1,19,1,5,10,146.6,1,0,1,1,0,0,18,0,0,6,9,5,13.6,0,0,6,10,4,11.75,0,9.4,-0.8,-3.12,Enrolled,Low,Basic Education
STD261066,1,7,1,8014,0,40,130.0,1,19,1,5,10,130.0,1,0,1,0,0,0,23,0,7,12,12,11,14.0,0,4,10,11,8,14.625,0,13.9,-0.3,0.79,Dropout,High,Social Service (evening attendance)
STD261067,1,1,6,9500,1,1,145.0,1,38,37,5,6,127.5,1,0,0,1,0,1,19,0,0,7,7,6,13.416666666666666,0,0,7,7,6,13.416666666666666,0,7.6,2.6,0.32,Graduate,Low,Nursing
STD261068,1,1,1,9147,1,1,130.0,1,37,38,3,3,123.0,0,0,0,1,0,0,18,0,0,5,8,5,12.333333333333334,2,0,5,7,5,11.4,0,15.5,2.8,-4.06,Graduate,Low,Management
STD261069,1,43,1,9500,1,1,128.0,1,1,19,9,8,100.0,1,0,0,1,0,0,20,0,0,7,8,7,13.1,0,0,8,8,8,14.8125,0,13.9,-0.3,0.79,Graduate,Low,Nursing
STD261070,1,1,2,9670,1,1,111.0,1,19,19,9,9,114.2,1,0,0,1,0,0,18,0,0,6,9,4,13.2,0,0,6,10,5,12.8,0,12.4,0.5,1.79,Graduate,Medium,Advertising and Marketing Management
STD261071,1,1,1,9500,1,1,140.0,1,1,1,4,4,123.5,1,0,0,1,0,1,19,0,0,8,8,8,14.75,0,0,8,8,8,14.75,0,9.4,-0.8,-3.12,Graduate,Low,Nursing
STD261072,1,44,1,9238,1,39,140.0,1,19,19,8,8,144.3,1,0,0,1,0,1,19,0,3,6,7,6,13.142857142857142,0,2,6,6,6,14.333333333333334,0,12.4,0.5,1.79,Graduate,Low,Social Service
STD261073,1,1,1,9853,1,1,145.0,1,38,37,5,5,142.2,0,0,0,1,0,0,19,0,0,6,9,4,12.5,0,0,6,9,5,12.5,0,9.4,-0.8,-3.12,Enrolled,Medium,Basic Education
STD261074,1,1,1,9085,1,1,151.0,1,3,3,1,90,161.9,0,0,0,1,0,0,18,0,0,5,6,4,13.75,0,0,5,8,5,14.857142857142858,0,7.6,2.6,0.32,Graduate,Low,Veterinary Nursing
STD261075,1,1,1,9238,1,1,132.0,1,37,37,9,5,135.9,0,0,0,1,0,0,18,0,0,6,11,5,12.4,0,0,6,7,6,13.0,0,9.4,-0.8,-3.12,Graduate,Low,Social Service
STD261076,1,1,2,9773,1,1,116.0,1,19,19,4,7,110.1,1,0,0,1,0,0,18,0,0,6,6,6,13.333333333333334,0,0,6,6,6,12.0,0,11.1,0.6,2.02,Graduate,Low,Journalism and Communication
STD261077,1,2,1,9853,1,1,120.0,1,19,38,9,9,122.5,0,0,0,0,0,0,28,0,11,11,11,11,11.727272727272728,0,8,8,8,8,12.0,0,15.5,2.8,-4.06,Dropout,High,Basic Education
STD261078,1,17,1,9254,1,1,158.0,1,37,37,5,9,138.1,1,0,0,1,0,0,19,0,0,6,8,4,12.5,0,0,6,11,1,14.0,0,7.6,2.6,0.32,Dropout,Medium,Tourism
STD261079,1,43,1,171,1,1,116.0,1,3,1,2,3,117.3,1,0,1,1,0,0,20,0,0,0,0,0,0.0,0,0,0,0,0,0.0,0,13.9,-0.3,0.79,Dropout,High,Animation and Multimedia Design
STD261080,1,1,2,9500,1,1,112.0,1,1,37,4,9,106.8,1,0,0,1,0,1,19,0,0,7,8,6,13.533333333333331,0,0,8,9,7,13.614285714285714,0,12.4,0.5,1.79,Graduate,Low,Nursing
STD261081,1,1,1,9070,1,1,126.0,1,1,19,4,0,120.1,0,1,0,1,0,1,20,0,0,6,6,6,13.166666666666666,0,0,6,6,6,12.666666666666666,0,11.1,0.6,2.02,Graduate,Low,Communication Design
STD261082,1,1,2,9254,1,1,120.0,1,19,19,9,9,116.5,1,0,0,1,0,1,19,0,0,6,9,5,13.2,0,0,6,8,5,11.0,0,12.4,0.5,1.79,Graduate,Low,Tourism
STD261083,1,51,1,9070,1,1,117.0,1,5,1,2,10,120.0,1,0,0,1,0,0,21,0,0,6,7,5,12.2,0,0,6,7,4,12.6,0,8.9,1.4,3.51,Enrolled,Low,Communication Design
STD261084,1,1,1,9853,1,1,153.0,1,1,19,9,4,139.7,1,0,0,1,0,1,19,0,0,7,7,7,13.428571428571429,0,0,7,7,7,14.857142857142858,0,11.1,0.6,2.02,Graduate,Low,Basic Education
STD261085,1,1,2,9070,1,1,124.0,1,19,1,9,3,123.7,1,0,0,1,0,1,18,0,1,6,8,6,12.714285714285714,1,0,6,8,6,12.625,0,13.9,-0.3,0.79,Graduate,Low,Communication Design
STD261086,1,17,2,9130,1,1,127.0,1,3,1,2,1,116.5,0,0,0,1,0,0,19,0,0,6,0,0,0.0,0,0,6,0,0,0.0,0,15.5,2.8,-4.06,Dropout,High,Equinculture
STD261087,1,17,1,9670,1,1,126.0,1,12,38,9,5,122.2,0,0,0,1,0,1,19,0,0,6,6,6,13.666666666666666,0,0,6,9,6,13.666666666666666,0,8.9,1.4,3.51,Graduate,Low,Advertising and Marketing Management
STD261088,1,1,1,9773,1,1,133.1,1,38,19,132,103,146.0,0,0,1,1,0,0,20,0,0,6,6,5,11.0,0,0,6,6,6,13.166666666666666,0,16.2,0.3,-0.92,Graduate,Low,Journalism and Communication
STD261089,1,17,2,9853,1,1,114.0,1,1,1,4,0,108.8,1,0,0,1,0,0,18,0,0,7,11,5,11.4,0,0,7,9,6,13.333333333333334,0,13.9,-0.3,0.79,Enrolled,Medium,Basic Education
STD261090,1,43,1,171,1,1,133.0,1,19,19,5,7,133.0,0,0,0,1,0,0,18,0,0,0,0,0,0.0,0,0,0,0,0,0.0,0,15.5,2.8,-4.06,Enrolled,High,Animation and Multimedia Design
STD261091,1,17,1,9130,1,1,130.0,1,1,1,4,5,123.8,0,0,0,1,0,0,18,0,0,5,7,4,12.0,0,0,5,6,5,12.0,0,7.6,2.6,0.32,Graduate,Low,Equinculture
STD261092,1,17,3,9773,1,1,127.0,1,19,19,5,8,120.0,0,0,0,1,0,0,18,0,0,6,6,0,0.0,0,0,6,0,0,0.0,0,8.9,1.4,3.51,Dropout,High,Journalism and Communication
STD261093,1,17,3,9238,1,1,143.0,1,37,38,0,7,126.9,1,0,0,1,0,0,18,0,0,6,14,5,11.0,0,0,6,6,6,11.666666666666666,0,7.6,2.6,0.32,Graduate,Low,Social Service
STD261094,1,18,4,9773,1,1,130.0,1,19,19,4,4,121.3,1,0,0,1,0,0,20,0,0,6,12,5,12.0,0,0,6,8,6,11.571428571428571,0,15.5,2.8,-4.06,Dropout,Low,Journalism and Communication
STD261095,1,17,3,9500,1,1,136.0,1,19,1,9,9,129.0,1,0,0,1,0,1,19,0,0,7,7,7,13.308571428571428,0,0,8,10,8,12.55,0,12.4,0.5,1.79,Graduate,Low,Nursing
STD261096,1,1,1,9853,1,1,125.0,1,37,37,9,9,114.9,1,0,1,0,0,0,21,0,0,6,8,3,13.666666666666666,0,0,6,7,3,10.666666666666666,0,15.5,2.8,-4.06,Dropout,High,Basic Education
STD261097,1,17,1,9670,1,3,110.0,1,12,3,5,8,106.5,1,0,1,0,0,0,20,0,0,6,6,0,0.0,0,0,6,9,0,0.0,0,10.8,1.4,1.74,Dropout,High,Advertising and Marketing Management
STD261098,1,1,1,9254,1,1,130.0,1,37,38,9,9,133.9,1,0,0,1,0,0,18,0,0,6,10,5,12.2,0,0,6,8,4,11.25,0,9.4,-0.8,-3.12,Graduate,Low,Tourism
STD261099,1,1,1,9773,1,1,135.0,1,1,4,5,3,124.9,0,0,0,1,0,1,20,0,0,6,7,6,12.666666666666666,0,0,6,6,6,12.833333333333334,0,10.8,1.4,1.74,Graduate,Low,Journalism and Communication
STD261100,1,1,2,9500,1,1,133.0,1,19,37,1,9,128.5,1,0,0,1,0,1,19,0,0,8,8,8,14.07125,0,0,8,8,8,14.07125,0,9.4,-0.8,-3.12,Graduate,Low,Nursing
STD261101,1,1,1,9085,1,6,122.0,1,19,19,9,9,126.2,1,0,0,1,0,0,22,0,0,5,14,4,14.25,3,0,5,9,5,13.2,4,9.4,-0.8,-3.12,Dropout,Low,Veterinary Nursing
STD261102,1,17,1,9130,1,1,122.0,1,19,19,9,9,121.7,1,0,0,0,0,0,22,0,0,6,0,0,0.0,0,0,2,2,0,0.0,2,9.4,-0.8,-3.12,Dropout,High,Equinculture
STD261103,1,1,2,9853,1,1,121.0,1,38,38,7,5,120.0,1,0,0,1,0,0,18,0,0,6,10,3,12.0,0,0,6,8,4,10.25,0,10.8,1.4,1.74,Enrolled,Medium,Basic Education
STD261104,1,43,1,9147,1,1,123.0,1,3,19,9,9,113.2,0,0,0,1,0,0,21,0,3,10,18,6,11.166666666666666,2,4,10,16,7,10.571428571428571,0,7.6,2.6,0.32,Enrolled,Medium,Management
STD261105,1,1,1,9238,1,1,128.0,1,19,19,0,5,120.3,1,0,0,1,0,0,19,0,0,6,12,2,13.0,0,0,6,8,5,11.6,0,7.6,2.6,0.32,Graduate,High,Social Service
STD261106,1,1,4,171,1,1,139.0,1,37,38,9,9,127.8,1,0,0,1,0,0,19,0,0,0,0,0,0.0,0,0,0,0,0,0.0,0,10.8,1.4,1.74,Dropout,High,Animation and Multimedia Design
STD261107,1,1,2,9500,1,1,124.0,1,34,34,0,0,123.3,1,0,0,1,0,1,20,0,0,8,8,7,14.901428571428571,1,0,8,8,7,14.901428571428571,1,9.4,-0.8,-3.12,Dropout,Low,Nursing
STD261108,1,1,3,9500,1,1,135.0,1,38,19,8,8,126.3,1,0,1,1,0,1,18,0,0,7,8,7,12.65,0,0,8,9,8,12.445555555555554,0,15.5,2.8,-4.06,Graduate,Low,Nursing
STD261109,1,51,1,9991,0,42,110.0,1,19,37,5,9,128.2,0,0,0,0,0,0,22,0,7,12,12,7,11.0,0,5,5,5,5,10.6,0,8.9,1.4,3.51,Dropout,High,Management (evening attendance)
STD261110,1,17,4,9085,1,1,138.0,1,19,36,90,7,134.9,1,0,0,1,0,0,20,0,0,5,7,4,12.4,0,0,5,9,5,12.666666666666666,0,7.6,2.6,0.32,Graduate,Low,Veterinary Nursing
STD261111,1,44,1,9003,1,39,140.0,1,38,38,6,6,140.0,0,0,0,1,0,0,19,0,0,6,7,6,12.0,0,0,6,7,6,12.666666666666666,0,12.4,0.5,1.79,Graduate,Low,Agronomy
STD261112,1,1,5,9500,1,1,126.0,1,1,19,6,7,115.5,1,0,0,1,0,1,19,0,0,7,8,7,12.135714285714286,0,0,8,10,7,13.328571428571427,0,12.4,0.5,1.79,Graduate,Low,Nursing
STD261113,1,1,2,9500,1,1,113.0,1,38,19,9,7,106.7,1,0,0,1,0,1,20,0,0,7,10,5,12.62,0,0,7,8,6,12.5,0,11.1,0.6,2.02,Enrolled,Medium,Nursing
STD261114,1,39,1,9991,0,1,120.0,1,38,38,3,3,140.0,0,0,0,1,0,0,25,0,0,5,11,3,10.666666666666666,0,0,5,11,3,11.333333333333334,0,15.5,2.8,-4.06,Enrolled,Medium,Management (evening attendance)
STD261115,1,1,1,9500,1,1,145.0,1,19,19,9,7,136.6,0,0,0,1,0,1,19,0,0,7,12,6,13.766666666666666,0,0,8,10,7,14.051428571428572,0,15.5,2.8,-4.06,Graduate,Low,Nursing
STD261116,1,18,1,9500,1,1,124.0,1,38,37,9,7,119.3,1,0,0,1,0,0,19,0,0,8,8,8,13.11625,0,0,8,8,8,13.11625,0,9.4,-0.8,-3.12,Graduate,Low,Nursing
STD261117,1,1,1,9070,1,1,160.0,1,3,38,1,9,152.0,1,0,0,0,0,0,19,0,0,5,5,0,0.0,0,0,6,0,0,0.0,0,10.8,1.4,1.74,Dropout,High,Communication Design
STD261118,1,1,1,9500,1,1,138.0,1,38,19,9,5,144.3,0,0,0,1,0,0,20,0,0,7,9,6,12.7,0,0,8,8,7,13.571428571428571,0,13.9,-0.3,0.79,Graduate,Low,Nursing
STD261119,1,39,2,9556,1,1,130.0,1,37,37,9,9,159.0,1,0,0,1,0,0,25,0,0,7,11,7,11.857142857142858,0,0,8,21,5,11.7,0,12.4,0.5,1.79,Enrolled,Low,Oral Hygiene
STD261120,1,17,1,9500,1,1,127.0,1,19,38,5,9,129.5,1,0,0,1,0,1,20,0,0,7,7,6,12.333333333333334,0,0,7,7,6,12.333333333333334,0,7.6,2.6,0.32,Graduate,Low,Nursing
STD261121,1,39,1,9238,1,1,170.0,1,38,19,9,9,140.0,1,0,0,1,0,0,24,0,0,6,9,4,15.75,0,0,6,10,5,16.4,0,9.4,-0.8,-3.12,Enrolled,Medium,Social Service
STD261122,1,1,3,9670,1,1,111.0,1,1,1,5,5,105.4,0,0,0,1,0,0,20,0,0,5,6,5,13.333333333333334,0,0,5,6,5,13.2,0,7.6,2.6,0.32,Graduate,Low,Advertising and Marketing Management
STD261123,1,42,1,9500,1,1,100.0,1,1,19,4,8,136.0,1,0,0,1,0,0,21,0,4,7,9,7,14.355555555555554,0,5,8,8,8,13.49375,0,15.5,2.8,-4.06,Graduate,Low,Nursing
STD261124,1,44,1,9003,1,39,160.0,1,37,38,9,9,160.0,0,0,1,1,0,1,19,0,0,6,8,6,13.0,0,0,6,11,5,13.0,0,15.5,2.8,-4.06,Graduate,Low,Agronomy
STD261125,1,1,1,9773,1,1,152.0,1,38,37,9,9,139.1,0,0,0,1,0,1,19,0,0,6,6,6,12.833333333333334,0,0,6,6,6,13.5,0,16.2,0.3,-0.92,Graduate,Low,Journalism and Communication
STD261126,1,1,2,9670,1,1,144.0,1,37,38,9,9,126.9,0,0,0,1,0,1,21,0,0,5,5,5,13.2,0,0,5,5,4,13.0,0,9.4,-0.8,-3.12,Graduate,Low,Advertising and Marketing Management
STD261127,1,39,1,9500,1,3,133.8,1,3,37,2,10,184.0,0,0,0,1,0,0,28,0,0,7,9,7,17.005555555555556,0,1,8,9,8,16.582222222222224,0,15.5,2.8,-4.06,Graduate,Low,Nursing
STD261128,1,1,1,9238,1,1,125.0,1,37,38,9,9,125.0,1,0,1,0,0,1,19,0,0,6,8,5,10.6,0,0,6,8,5,11.0,0,10.8,1.4,1.74,Graduate,High,Social Service
STD261129,1,1,1,9147,1,1,150.0,1,37,37,9,6,138.5,0,0,0,1,0,1,18,0,0,5,5,5,14.0,0,0,5,6,5,13.6,0,12.4,0.5,1.79,Graduate,Low,Management
STD261130,5,17,5,9500,1,1,143.0,1,37,38,5,8,133.5,1,0,0,1,0,1,18,0,0,8,8,7,12.114285714285714,0,0,8,8,7,12.114285714285714,0,12.7,3.7,-1.7,Graduate,Low,Nursing
STD261131,1,1,3,9500,1,1,145.0,1,19,37,7,7,141.5,1,0,0,1,0,1,18,0,0,8,8,8,13.05875,0,0,8,8,8,13.05875,0,9.4,-0.8,-3.12,Graduate,Low,Nursing
STD261132,1,42,1,9500,1,1,120.0,1,1,2,9,3,130.0,1,0,0,1,0,0,22,0,4,8,8,7,13.285714285714286,0,4,8,8,7,13.285714285714286,0,12.7,3.7,-1.7,Graduate,Low,Nursing
STD261133,1,1,1,9147,1,1,138.0,1,37,37,194,171,131.0,1,0,0,1,0,0,19,0,0,5,9,4,11.0,0,0,5,8,3,10.666666666666666,0,12.4,0.5,1.79,Enrolled,Low,Management
STD261134,1,1,1,9500,1,1,145.0,1,19,1,9,5,145.0,0,0,0,1,0,1,18,0,0,7,7,7,14.071428571428571,0,0,8,8,8,15.1625,0,13.9,-0.3,0.79,Graduate,Low,Nursing
STD261135,1,17,1,9254,1,1,122.0,1,37,37,5,6,114.3,0,0,0,0,0,0,20,0,0,6,0,0,0.0,0,0,6,0,0,0.0,0,15.5,2.8,-4.06,Dropout,High,Tourism
STD261136,1,44,1,171,1,39,110.0,1,37,37,5,6,108.3,0,0,0,0,0,0,26,0,4,9,9,4,11.25,0,3,10,12,3,11.0,0,12.4,0.5,1.79,Dropout,High,Animation and Multimedia Design
STD261137,1,1,3,9070,1,1,136.0,1,37,38,9,9,125.2,1,0,0,1,0,1,18,0,0,6,6,6,14.0,0,0,6,8,6,13.625,0,10.8,1.4,1.74,Graduate,Low,Communication Design
STD261138,1,1,1,9254,1,1,145.0,1,1,38,4,9,131.7,1,0,0,1,0,1,21,0,0,6,8,6,12.166666666666666,0,0,6,11,3,11.666666666666666,0,10.8,1.4,1.74,Dropout,Low,Tourism
STD261139,1,17,4,9500,1,1,141.0,1,38,37,3,3,126.3,1,0,0,1,0,0,18,0,0,8,8,7,13.297142857142855,0,0,8,8,7,13.297142857142855,0,10.8,1.4,1.74,Graduate,Low,Nursing
STD261140,1,1,1,9085,1,1,149.0,1,19,19,4,6,147.6,1,0,0,1,0,0,20,0,0,6,14,6,13.923076923076923,0,0,6,9,6,14.25,0,15.5,2.8,-4.06,Graduate,Low,Veterinary Nursing
STD261141,1,1,6,9500,1,1,130.0,1,38,19,5,6,125.1,1,0,0,1,0,0,18,0,0,7,11,7,13.37,0,0,8,13,7,12.833333333333334,0,15.5,2.8,-4.06,Graduate,Low,Nursing
STD261142,1,17,6,9147,1,1,121.0,1,19,38,7,9,123.8,0,0,0,1,0,1,19,0,0,5,5,5,12.4,0,0,5,8,3,11.0,0,12.7,3.7,-1.7,Enrolled,Low,Management
STD261143,1,1,1,9670,1,1,128.0,1,1,1,2,2,130.8,1,0,0,1,0,0,20,0,0,5,5,4,15.0,0,0,5,5,4,13.75,0,7.6,2.6,0.32,Dropout,Low,Advertising and Marketing Management
STD261144,1,1,1,9853,1,1,152.0,1,19,19,9,5,154.1,0,0,1,1,0,1,18,0,0,6,6,6,13.333333333333334,0,0,6,7,6,12.571428571428571,0,12.7,3.7,-1.7,Graduate,Low,Basic Education
STD261145,1,16,2,9147,1,1,132.0,1,37,37,9,9,122.6,1,0,0,1,0,1,20,0,0,5,8,3,12.0,0,0,5,9,4,12.625,0,10.8,1.4,1.74,Enrolled,Medium,Management
STD261146,1,1,2,8014,0,1,107.0,1,19,11,0,0,103.5,1,0,0,1,0,0,22,0,0,6,7,5,13.4,0,0,6,9,5,12.2,0,7.6,2.6,0.32,Graduate,Low,Social Service (evening attendance)
STD261147,1,1,1,171,1,1,131.0,1,19,38,4,5,132.8,1,0,0,1,0,0,18,0,0,0,0,0,0.0,0,0,0,0,0,0.0,0,7.6,2.6,0.32,Enrolled,High,Animation and Multimedia Design
STD261148,1,51,1,9991,0,1,141.0,1,19,38,5,7,100.0,0,0,0,1,0,0,21,0,1,5,9,4,11.5,0,1,5,5,5,11.4,0,8.9,1.4,3.51,Graduate,Low,Management (evening attendance)
STD261149,1,18,2,9853,1,1,120.0,1,1,1,9,0,115.8,0,0,0,1,0,0,18,0,0,7,12,6,12.0,0,0,7,11,6,12.166666666666666,0,13.9,-0.3,0.79,Enrolled,Low,Basic Education
STD261150,1,1,1,9500,1,1,148.0,1,19,19,4,4,133.8,0,0,0,1,0,0,18,0,0,8,8,7,13.485714285714284,0,0,8,8,7,13.485714285714284,0,12.7,3.7,-1.7,Graduate,Low,Nursing
STD261151,1,1,1,9070,1,1,130.0,1,12,19,4,5,118.5,0,1,0,1,0,1,18,0,0,6,6,6,12.0,0,0,6,8,6,11.285714285714286,0,8.9,1.4,3.51,Graduate,Low,Communication Design
STD261152,1,17,1,171,1,1,145.0,1,37,37,9,1,150.3,1,0,0,1,0,0,19,0,0,0,0,0,0.0,0,0,0,0,0,0.0,0,15.5,2.8,-4.06,Dropout,High,Animation and Multimedia Design
STD261153,1,17,3,9147,1,1,112.0,1,1,19,3,5,107.8,1,0,0,1,0,0,19,0,0,5,7,3,10.333333333333334,0,0,5,11,3,14.428571428571429,0,10.8,1.4,1.74,Enrolled,Medium,Management
STD261154,1,1,1,9500,1,1,138.0,1,38,1,9,4,127.5,1,0,0,1,0,0,19,0,0,7,10,5,12.94,0,0,7,7,5,13.76,0,16.2,0.3,-0.92,Enrolled,Medium,Nursing
STD261155,1,1,3,9500,1,1,135.0,1,1,37,7,7,120.5,1,0,0,1,0,0,19,0,0,8,11,7,13.258571428571427,0,0,8,11,7,13.258571428571427,0,10.8,1.4,1.74,Graduate,Low,Nursing
STD261156,1,1,1,9147,1,1,118.0,1,1,2,10,10,117.3,1,0,0,1,0,0,19,0,0,5,9,4,12.25,0,0,5,10,4,12.0,0,8.9,1.4,3.51,Enrolled,Low,Management
STD261157,1,17,1,9254,1,1,123.0,1,38,37,9,7,120.6,1,0,0,0,0,0,19,0,0,6,9,3,11.666666666666666,0,0,6,15,1,10.0,0,10.8,1.4,1.74,Dropout,High,Tourism
STD261158,1,16,4,9254,1,1,126.0,1,38,37,9,7,118.7,1,0,0,1,0,1,21,0,0,6,7,6,13.571428571428571,0,0,6,6,6,12.5,0,8.9,1.4,3.51,Graduate,Low,Tourism
STD261159,1,1,2,9773,1,1,150.0,41,1,37,9,7,130.8,0,0,0,1,0,1,20,1,0,6,9,5,11.8,0,0,6,9,5,11.833333333333334,0,15.5,2.8,-4.06,Graduate,Low,Journalism and Communication
STD261160,1,1,1,9147,1,1,121.0,1,19,19,3,9,112.6,1,0,0,1,0,1,20,0,0,5,7,5,14.2,0,0,5,7,5,13.285714285714286,0,11.1,0.6,2.02,Graduate,Low,Management
STD261161,1,39,1,9991,0,19,133.1,1,37,37,9,9,117.2,0,0,0,1,0,0,41,0,0,5,8,5,11.0,0,0,5,6,5,11.8,1,7.6,2.6,0.32,Graduate,Low,Management (evening attendance)
STD261162,4,7,1,9500,1,40,130.0,1,37,37,3,3,130.0,1,0,0,1,0,0,32,0,0,7,16,4,13.625,0,0,7,8,7,12.6375,0,12.4,0.5,1.79,Enrolled,Medium,Nursing
STD261163,1,17,3,9500,1,1,139.0,1,38,1,9,5,131.8,1,0,0,1,0,0,18,0,0,8,8,7,14.652857142857142,0,0,8,8,7,14.652857142857142,0,10.8,1.4,1.74,Graduate,Low,Nursing
STD261164,4,39,1,8014,0,1,160.0,1,37,37,3,4,97.0,0,0,0,1,0,1,35,0,0,6,9,6,11.333333333333334,0,0,6,6,6,11.333333333333334,0,15.5,2.8,-4.06,Graduate,Low,Social Service (evening attendance)
STD261165,1,39,1,9500,1,1,110.0,1,37,37,9,9,130.0,0,0,1,0,0,0,32,0,0,7,12,4,13.7,0,0,7,7,0,0.0,0,16.2,0.3,-0.92,Dropout,High,Nursing
STD261166,1,39,1,8014,0,40,140.0,1,19,37,5,9,148.0,0,0,0,1,0,0,37,0,7,11,11,11,13.727272727272728,0,4,8,8,8,14.75,0,12.4,0.5,1.79,Graduate,Low,Social Service (evening attendance)
STD261167,2,39,2,9147,1,3,130.0,1,3,37,9,9,103.4,0,0,0,1,0,0,30,0,4,7,9,7,11.75,0,3,8,12,7,11.142857142857142,0,12.7,3.7,-1.7,Dropout,Low,Management
STD261168,1,43,2,9773,1,1,132.0,1,19,19,0,0,127.1,0,0,0,1,1,0,23,0,0,6,9,6,12.333333333333334,0,0,6,11,5,13.0,0,7.6,2.6,0.32,Graduate,Low,Journalism and Communication
STD261169,1,17,2,9773,1,1,139.0,1,3,1,2,7,124.0,1,0,0,1,0,1,20,0,0,6,6,6,14.0,0,0,6,7,6,13.857142857142858,0,15.5,2.8,-4.06,Dropout,Low,Journalism and Communication
STD261170,1,1,1,9670,1,1,135.0,1,19,37,5,7,121.4,0,0,0,1,1,0,21,0,0,5,7,4,11.5,0,0,5,6,4,11.75,0,9.4,-0.8,-3.12,Graduate,Low,Advertising and Marketing Management
STD261171,1,1,1,9147,1,1,117.0,1,38,19,5,7,118.1,0,0,0,1,1,0,19,0,0,5,6,5,11.2,0,0,5,5,5,13.2,0,12.4,0.5,1.79,Graduate,Low,Management
STD261172,1,17,4,9500,1,1,137.0,1,1,19,4,3,121.3,1,0,0,1,1,1,18,0,0,8,8,7,15.07,0,0,8,8,7,15.07,0,10.8,1.4,1.74,Graduate,Low,Nursing
STD261173,1,42,1,9119,1,1,144.0,1,34,34,0,0,119.5,0,0,0,1,1,0,18,0,0,5,6,1,10.0,0,0,5,7,1,12.0,0,10.8,1.4,1.74,Dropout,High,Informatics Engineering
STD261174,1,39,1,9991,0,1,130.0,1,1,1,4,10,115.2,0,0,0,1,1,0,24,0,0,5,5,4,12.0,0,0,5,6,5,12.666666666666666,0,12.4,0.5,1.79,Enrolled,Low,Management (evening attendance)
STD261175,1,18,1,9670,1,1,140.0,1,1,37,9,9,130.2,1,0,0,1,1,0,22,0,0,6,11,4,13.0,0,0,6,11,4,12.6,0,12.7,3.7,-1.7,Graduate,Medium,Advertising and Marketing Management
STD261176,1,17,4,9254,1,1,130.0,1,19,1,5,5,130.0,1,0,0,1,1,0,18,0,0,6,7,4,11.0,0,0,6,7,3,11.25,0,16.2,0.3,-0.92,Dropout,Medium,Tourism
STD261177,1,16,2,9238,1,1,130.0,1,37,37,5,6,126.9,1,0,0,1,0,0,18,0,0,6,8,6,13.571428571428571,0,0,6,11,5,12.166666666666666,0,9.4,-0.8,-3.12,Graduate,Low,Social Service
STD261178,1,1,2,9070,1,1,152.0,101,2,1,9,1,168.5,1,0,0,1,1,0,21,1,0,6,7,5,14.6,0,0,6,6,5,14.2,0,16.2,0.3,-0.92,Graduate,Low,Communication Design
STD261179,4,39,1,9500,1,1,133.1,1,37,37,9,9,130.0,0,0,1,1,0,0,38,0,0,7,13,3,11.833333333333334,0,0,7,14,2,10.0,0,16.2,0.3,-0.92,Dropout,High,Nursing
STD261180,1,18,1,9556,1,1,140.0,1,38,37,9,9,122.8,0,0,0,1,0,1,19,0,0,7,11,7,12.625,0,0,8,11,8,12.5125,0,12.7,3.7,-1.7,Graduate,Low,Oral Hygiene
STD261181,6,39,1,9500,1,1,133.1,1,37,37,9,9,110.0,0,0,0,1,0,0,36,0,0,7,12,4,11.5,0,0,7,14,3,12.333333333333334,0,16.2,0.3,-0.92,Dropout,Medium,Nursing
STD261182,1,16,1,9085,1,1,140.0,1,1,1,9,9,127.1,1,0,0,1,0,0,18,0,0,5,8,4,13.25,1,0,5,10,4,10.5,0,12.7,3.7,-1.7,Graduate,Low,Veterinary Nursing
STD261183,1,1,3,9500,1,1,133.1,1,19,19,5,5,108.5,1,0,0,1,0,0,19,0,0,7,9,7,12.60625,0,0,8,12,6,11.9,0,12.4,0.5,1.79,Graduate,Low,Nursing
STD261184,1,53,1,9085,1,42,140.0,1,19,38,9,9,138.2,0,0,1,0,0,0,21,0,7,10,15,8,13.75,0,4,9,17,5,13.2,0,8.9,1.4,3.51,Dropout,High,Veterinary Nursing
STD261185,1,1,2,9500,1,1,133.1,1,19,38,192,192,96.0,1,0,0,1,0,0,19,0,0,7,10,6,13.598333333333334,0,0,8,11,6,11.933333333333332,0,11.1,0.6,2.02,Enrolled,Low,Nursing
STD261186,1,1,1,9238,1,1,135.0,1,19,19,9,9,124.5,0,0,0,1,0,1,18,0,0,6,11,5,11.142857142857142,0,0,6,8,6,12.285714285714286,0,16.2,0.3,-0.92,Graduate,Low,Social Service
STD261187,2,7,1,9500,1,3,120.0,1,37,19,9,7,120.0,1,0,0,1,0,0,45,0,7,11,11,11,12.7,0,6,10,12,10,12.96818181818182,0,13.9,-0.3,0.79,Enrolled,Low,Nursing
STD261188,1,17,1,9147,1,1,140.0,1,37,37,9,7,132.3,1,0,0,1,0,0,20,0,0,5,9,1,10.0,0,0,5,10,1,11.0,0,7.6,2.6,0.32,Dropout,High,Management
STD261189,1,17,1,9254,1,1,128.0,1,19,1,5,7,120.7,1,0,1,1,0,0,18,0,0,6,8,6,11.666666666666666,0,0,6,10,4,11.5,0,13.9,-0.3,0.79,Graduate,Low,Tourism
STD261190,1,1,1,9670,1,1,141.0,1,1,19,4,4,132.6,0,0,0,1,0,1,18,0,0,6,8,6,14.0,0,0,6,7,6,13.142857142857142,0,11.1,0.6,2.02,Graduate,Low,Advertising and Marketing Management
STD261191,1,7,2,9130,1,3,140.0,1,34,34,0,0,140.0,0,0,0,1,0,0,25,0,0,5,9,0,0.0,4,0,5,9,0,0.0,3,10.8,1.4,1.74,Dropout,High,Equinculture
STD261192,1,1,6,9500,1,1,139.0,1,1,1,4,4,124.5,1,0,0,1,0,0,19,0,0,8,9,7,12.04142857142857,0,0,8,9,7,12.04142857142857,0,10.8,1.4,1.74,Graduate,Low,Nursing
STD261193,1,1,1,171,1,1,142.0,1,19,19,7,7,142.0,1,0,0,1,0,1,18,0,0,0,0,0,0.0,0,0,0,0,0,0.0,0,13.9,-0.3,0.79,Graduate,High,Animation and Multimedia Design
STD261194,1,7,1,9254,1,40,130.0,1,1,1,3,6,130.0,0,0,0,1,0,0,39,0,12,13,14,13,13.76923076923077,0,9,12,16,12,14.583333333333334,0,13.9,-0.3,0.79,Graduate,Low,Tourism
STD261195,2,39,1,9003,1,1,130.0,1,38,37,9,9,144.0,0,0,0,1,0,0,29,0,13,18,20,18,15.444444444444445,0,11,13,13,13,15.307692307692308,0,15.5,2.8,-4.06,Graduate,Low,Agronomy
STD261196,1,17,1,9853,1,1,125.0,1,19,19,4,7,128.5,1,0,0,1,0,0,18,0,0,7,9,6,11.5,0,0,7,8,7,12.714285714285714,0,13.9,-0.3,0.79,Enrolled,Low,Basic Education
STD261197,1,7,1,9070,1,3,140.0,1,37,2,9,3,140.0,0,0,0,0,0,0,23,0,0,3,3,2,10.0,0,0,6,0,0,0.0,0,10.8,1.4,1.74,Dropout,High,Communication Design
STD261198,1,42,1,9853,1,1,120.0,1,1,37,5,5,113.9,1,0,0,1,0,0,21,0,0,6,8,4,12.25,0,0,6,13,3,10.333333333333334,0,12.7,3.7,-1.7,Dropout,Medium,Basic Education
STD261199,1,1,1,9238,1,1,147.0,1,1,19,4,4,137.2,0,0,0,0,0,0,18,0,0,6,6,6,14.5,0,0,6,6,6,15.166666666666666,0,10.8,1.4,1.74,Graduate,High,Social Service
STD261200,1,7,1,9085,1,40,140.0,1,1,19,5,5,140.0,1,0,0,1,0,0,23,0,0,6,7,6,15.571428571428571,0,0,6,8,6,16.375,0,12.4,0.5,1.79,Graduate,Low,Veterinary Nursing
STD261201,1,1,1,9130,1,1,161.0,1,1,19,4,4,152.3,0,0,0,1,0,0,18,0,0,6,7,6,15.571428571428571,0,0,6,7,6,14.714285714285714,0,11.1,0.6,2.02,Graduate,Low,Equinculture
STD261202,2,39,1,8014,0,19,133.1,1,37,37,4,8,112.5,0,0,0,1,0,0,32,0,0,6,8,5,13.8,0,0,6,7,6,12.166666666666666,0,9.4,-0.8,-3.12,Graduate,Low,Social Service (evening attendance)
STD261203,2,39,2,9147,1,1,150.0,1,19,37,9,7,101.0,0,0,1,0,0,0,29,0,0,5,8,3,10.666666666666666,0,0,5,14,2,14.8,0,10.8,1.4,1.74,Dropout,High,Management
STD261204,1,1,6,9238,1,1,113.0,1,1,38,194,163,112.3,1,0,1,1,0,1,20,0,0,6,8,5,11.6,0,0,6,8,4,11.75,0,8.9,1.4,3.51,Graduate,Low,Social Service
STD261205,1,39,1,9238,1,1,140.0,1,34,34,0,0,114.0,1,0,0,0,0,0,28,0,0,6,11,1,13.0,0,0,6,12,0,0.0,0,9.4,-0.8,-3.12,Dropout,High,Social Service
STD261206,1,7,1,9147,1,3,130.0,1,38,38,1,9,130.0,0,0,0,1,0,0,27,0,0,5,9,3,12.0,0,0,5,11,4,13.625,0,10.8,1.4,1.74,Graduate,Medium,Management
STD261207,1,43,2,9500,1,1,120.0,1,37,34,90,0,121.5,0,0,1,1,0,0,22,0,11,14,14,12,12.333333333333334,2,11,14,14,12,12.333333333333334,2,7.6,2.6,0.32,Graduate,Low,Nursing
STD261208,2,39,1,9003,1,19,133.1,1,19,37,9,10,120.0,0,0,1,1,0,0,37,0,0,6,10,6,12.875,0,0,6,12,6,12.9,0,16.2,0.3,-0.92,Enrolled,Low,Agronomy
STD261209,1,7,1,8014,0,3,130.0,1,37,38,0,5,130.0,0,0,0,0,0,0,28,0,0,6,12,1,11.0,0,0,6,0,0,0.0,0,12.7,3.7,-1.7,Dropout,High,Social Service (evening attendance)
STD261210,2,39,1,9003,1,1,120.0,1,37,37,9,9,125.7,0,0,1,0,0,0,43,0,0,6,10,4,12.25,0,0,6,13,4,10.5,0,8.9,1.4,3.51,Dropout,High,Agronomy
STD261211,1,43,1,9556,1,1,140.0,1,37,37,9,9,128.0,1,0,0,0,0,0,32,0,0,7,7,0,0.0,7,0,8,8,0,0.0,7,10.8,1.4,1.74,Dropout,High,Oral Hygiene
STD261212,1,17,1,9238,1,1,123.0,1,1,1,9,9,113.2,0,0,0,1,0,1,20,0,0,6,11,4,10.75,0,0,6,13,5,11.5,0,15.5,2.8,-4.06,Enrolled,Medium,Social Service
STD261213,4,39,1,9500,1,19,133.1,1,38,1,9,4,120.0,0,0,0,1,0,1,35,0,0,8,9,8,13.63,1,0,8,9,8,13.63,1,9.4,-0.8,-3.12,Graduate,Low,Nursing
STD261214,1,1,1,9670,1,1,130.0,1,37,37,0,0,117.8,1,0,0,1,0,0,21,0,0,5,8,3,13.0,0,0,5,7,4,11.5,1,7.6,2.6,0.32,Graduate,Medium,Advertising and Marketing Management
STD261215,1,1,4,9500,1,1,126.0,1,19,19,7,9,121.3,1,0,0,1,0,1,18,0,0,7,9,6,13.533333333333331,0,0,7,7,7,12.228571428571428,0,12.4,0.5,1.79,Enrolled,Low,Nursing
STD261216,1,1,1,9500,1,1,176.0,1,3,38,3,7,169.7,0,0,0,1,0,1,18,0,0,7,7,7,16.9,0,0,8,9,8,16.37777777777778,0,16.2,0.3,-0.92,Graduate,Low,Nursing
STD261217,1,17,4,9238,1,1,124.0,1,19,19,5,8,117.7,1,0,0,1,0,0,18,0,0,6,10,5,12.0,0,0,6,11,4,12.0,0,16.2,0.3,-0.92,Graduate,Low,Social Service
STD261218,1,44,1,8014,0,39,120.0,1,19,37,7,6,121.8,1,0,0,1,0,0,22,0,3,6,6,6,12.5,0,2,6,7,6,13.285714285714286,0,12.4,0.5,1.79,Graduate,Low,Social Service (evening attendance)
STD261219,1,1,2,9500,1,1,140.0,1,1,1,4,10,128.3,1,0,0,1,0,0,19,0,0,8,8,7,12.764285714285714,0,0,8,8,7,12.764285714285714,0,10.8,1.4,1.74,Graduate,Low,Nursing
STD261220,1,18,2,9147,1,1,143.0,1,19,38,9,7,132.2,1,0,0,1,0,1,18,0,0,5,8,5,13.75,0,0,5,6,5,12.166666666666666,0,13.9,-0.3,0.79,Graduate,Low,Management
STD261221,1,1,2,171,1,1,136.0,1,39,1,3,4,134.3,1,0,1,1,0,0,19,0,0,0,0,0,0.0,0,0,0,0,0,0.0,0,12.4,0.5,1.79,Dropout,High,Animation and Multimedia Design
STD261222,1,1,1,9500,1,1,132.0,1,19,1,9,5,123.4,0,0,0,1,0,1,18,0,0,7,7,7,14.604285714285712,0,0,8,9,8,15.68333333333333,0,11.1,0.6,2.02,Graduate,Low,Nursing
STD261223,2,39,1,9991,0,19,133.1,1,19,39,5,3,121.7,0,0,1,0,0,0,31,0,0,5,7,0,0.0,0,0,5,7,0,0.0,0,16.2,0.3,-0.92,Dropout,High,Management (evening attendance)
STD261224,2,39,1,8014,0,19,100.0,1,1,19,1,5,130.0,0,0,1,1,0,1,33,0,0,6,9,5,13.833333333333334,0,0,6,7,6,12.5,0,9.4,-0.8,-3.12,Graduate,Low,Social Service (evening attendance)
STD261225,1,1,3,9500,1,1,137.0,1,19,38,7,7,126.5,1,0,0,1,0,1,19,0,0,8,8,8,13.57625,0,0,8,8,8,13.57625,0,9.4,-0.8,-3.12,Graduate,Low,Nursing
STD261226,1,17,1,9238,1,1,153.0,1,38,38,7,7,159.7,1,0,0,1,0,1,18,0,0,6,7,6,15.142857142857142,0,0,6,6,6,15.833333333333334,0,12.7,3.7,-1.7,Graduate,Low,Social Service
STD261227,1,1,1,9147,1,1,160.0,1,9,19,4,3,151.3,0,0,0,1,0,0,23,0,0,5,8,3,10.666666666666666,0,0,5,8,5,11.6,0,7.6,2.6,0.32,Graduate,Medium,Management
STD261228,1,17,1,9238,1,1,145.0,1,38,38,5,7,138.0,1,0,0,1,0,0,20,0,0,6,11,5,11.2,0,0,6,6,6,12.0,0,9.4,-0.8,-3.12,Graduate,Low,Social Service
STD261229,1,1,5,9500,1,1,137.0,1,38,38,4,8,126.5,1,0,0,1,0,0,18,0,0,8,8,8,13.76375,0,0,8,8,8,13.76375,0,9.4,-0.8,-3.12,Graduate,Low,Nursing
STD261230,1,53,1,9085,1,42,140.0,1,1,1,4,3,140.0,1,0,1,1,0,0,21,0,7,9,10,8,13.25,0,4,9,14,5,12.2,0,8.9,1.4,3.51,Enrolled,Low,Veterinary Nursing
STD261231,1,1,1,9238,1,1,120.0,1,19,38,5,6,112.3,0,0,0,1,0,1,22,0,0,6,10,5,10.714285714285714,0,0,6,10,5,12.2,0,12.7,3.7,-1.7,Graduate,Low,Social Service
STD261232,1,1,1,9238,1,1,122.0,1,1,19,4,4,127.3,1,0,1,1,0,0,20,0,0,6,6,6,12.166666666666666,0,0,6,7,6,11.666666666666666,0,9.4,-0.8,-3.12,Graduate,Low,Social Service
STD261233,1,7,1,9500,1,3,130.0,1,19,38,4,10,130.0,1,0,0,1,0,0,23,0,1,7,8,6,14.357142857142858,0,1,7,8,6,14.357142857142858,0,7.6,2.6,0.32,Graduate,Low,Nursing
STD261234,1,17,2,9773,1,1,133.1,1,3,1,4,5,115.0,1,0,0,1,0,0,19,0,0,6,6,6,12.833333333333334,0,0,6,6,6,12.666666666666666,0,16.2,0.3,-0.92,Graduate,Low,Journalism and Communication
STD261235,1,17,6,9500,1,1,150.0,1,1,37,1,1,131.5,1,0,0,1,0,0,19,0,0,8,8,7,13.925714285714283,0,0,8,8,7,13.925714285714283,0,10.8,1.4,1.74,Graduate,Low,Nursing
STD261236,1,39,1,9991,0,1,133.1,1,19,38,7,4,125.7,0,0,0,1,0,0,26,0,0,5,9,2,12.0,0,0,5,9,3,11.0,0,10.8,1.4,1.74,Dropout,High,Management (evening attendance)
STD261237,1,1,6,9500,1,1,141.0,1,1,37,4,3,126.8,1,0,0,1,0,0,18,0,0,7,7,7,13.44285714285714,0,0,8,9,8,13.744444444444444,0,16.2,0.3,-0.92,Graduate,Low,Nursing
STD261238,1,18,1,9119,1,1,146.0,1,1,37,7,7,132.4,1,0,0,1,1,0,18,0,0,5,5,1,16.0,0,0,5,5,0,0.0,0,9.4,-0.8,-3.12,Dropout,High,Informatics Engineering
STD261239,1,44,1,9003,1,39,150.0,1,38,37,9,9,150.0,1,0,0,1,1,0,20,0,0,6,8,6,13.125,0,0,6,10,6,13.2,0,16.2,0.3,-0.92,Graduate,Low,Agronomy
STD261240,1,1,1,9670,1,1,133.1,1,3,1,4,4,95.0,0,0,0,1,1,0,19,0,0,6,7,0,0.0,0,0,6,6,0,0.0,0,15.5,2.8,-4.06,Dropout,High,Advertising and Marketing Management
STD261241,1,43,1,9991,0,1,120.0,1,37,37,9,9,128.2,0,0,0,0,1,0,32,0,5,9,9,5,11.4,0,4,4,4,4,11.0,0,10.8,1.4,1.74,Dropout,High,Management (evening attendance)
STD261242,2,39,1,9130,1,1,150.0,1,19,19,4,4,130.0,0,0,0,0,1,0,31,0,0,4,12,2,11.0,2,0,5,9,3,11.666666666666666,0,9.4,-0.8,-3.12,Dropout,High,Equinculture
STD261243,1,39,1,9119,1,19,133.1,1,1,19,4,5,100.0,0,0,0,1,1,0,25,0,0,5,13,1,11.0,0,0,5,11,1,10.0,0,13.9,-0.3,0.79,Enrolled,High,Informatics Engineering
STD261244,1,42,1,9085,1,39,140.0,1,19,3,9,1,159.9,1,0,0,1,0,0,21,0,2,6,14,5,13.666666666666666,0,2,6,10,5,13.0,0,16.2,0.3,-0.92,Graduate,Low,Veterinary Nursing
STD261245,2,43,1,9991,0,1,140.0,1,37,37,4,9,100.0,0,0,0,0,0,0,31,0,2,6,10,4,11.75,0,0,5,6,1,10.0,0,12.7,3.7,-1.7,Dropout,High,Management (evening attendance)
STD261246,2,39,1,9853,1,1,133.1,1,37,37,5,5,116.5,0,0,0,1,0,0,34,0,0,7,11,1,10.0,0,0,7,7,1,13.0,0,16.2,0.3,-0.92,Dropout,High,Basic Education
STD261247,1,1,1,9238,1,1,128.0,1,19,19,9,9,120.0,0,0,0,1,0,1,18,0,0,6,8,6,13.5,0,0,6,9,6,12.833333333333334,0,11.1,0.6,2.02,Graduate,Low,Social Service
STD261248,1,1,3,9238,1,1,117.0,1,19,19,9,9,117.0,1,0,1,1,0,0,19,0,0,6,0,0,0.0,0,0,6,0,0,0.0,0,12.4,0.5,1.79,Dropout,High,Social Service
STD261249,1,53,1,9670,1,42,140.0,1,19,37,3,6,140.0,1,0,1,1,0,0,21,0,0,6,12,1,12.0,0,0,6,11,1,11.0,0,8.9,1.4,3.51,Enrolled,High,Advertising and Marketing Management
STD261250,1,1,2,9853,1,1,124.0,1,38,37,5,3,118.1,1,0,0,0,0,0,18,0,0,6,11,3,13.0,0,0,6,10,5,11.8,0,9.4,-0.8,-3.12,Dropout,High,Basic Education
STD261251,1,1,1,9254,1,1,158.0,1,19,39,4,8,153.5,1,0,0,1,0,0,20,0,0,6,7,6,14.833333333333334,0,0,6,6,6,16.0,0,11.1,0.6,2.02,Graduate,Low,Tourism
STD261252,1,43,1,9773,1,1,137.0,1,38,37,9,5,127.9,1,0,0,1,0,0,20,0,0,6,6,6,11.833333333333334,0,0,6,7,6,12.857142857142858,0,15.5,2.8,-4.06,Graduate,Low,Journalism and Communication
STD261253,1,17,3,9670,1,1,123.0,1,38,38,7,8,118.8,1,1,0,1,0,1,18,0,0,6,10,5,12.0,0,0,6,11,5,12.333333333333334,0,11.1,0.6,2.02,Graduate,Low,Advertising and Marketing Management
STD261254,1,1,1,9238,1,1,126.0,1,38,38,7,8,126.7,1,0,0,1,0,0,19,0,0,6,11,4,12.75,0,0,6,7,6,11.333333333333334,0,7.6,2.6,0.32,Graduate,Medium,Social Service
STD261255,1,43,1,9085,1,1,170.0,1,19,19,5,1,170.0,1,0,0,1,0,0,19,0,0,5,5,0,0.0,5,0,5,7,4,14.75,1,12.7,3.7,-1.7,Enrolled,High,Veterinary Nursing
STD261256,4,39,1,9130,1,1,133.1,1,3,1,5,5,110.0,1,0,0,1,0,1,30,0,0,6,7,0,0.0,0,0,6,16,1,10.0,0,11.1,0.6,2.02,Dropout,High,Equinculture
STD261257,1,17,1,9238,1,1,115.0,1,19,38,5,5,115.0,1,0,0,1,0,0,19,0,0,6,6,6,12.0,0,0,6,7,6,12.857142857142858,0,11.1,0.6,2.02,Graduate,Low,Social Service
STD261258,1,1,3,9556,1,1,132.0,1,38,37,7,7,119.0,1,0,0,1,0,0,19,0,0,7,9,7,11.677777777777775,0,0,8,8,8,13.8,0,12.7,3.7,-1.7,Graduate,Low,Oral Hygiene
STD261259,1,1,4,9500,1,1,132.0,1,1,37,4,7,121.8,1,0,0,1,0,1,19,0,0,8,8,7,13.6,0,0,8,8,7,13.6,0,12.7,3.7,-1.7,Graduate,Low,Nursing
STD261260,1,1,1,9085,1,1,143.0,1,19,38,9,9,133.4,1,0,0,1,0,0,19,0,0,6,7,6,16.0,0,0,6,8,6,15.875,0,12.4,0.5,1.79,Graduate,Low,Veterinary Nursing
STD261261,1,1,3,9238,1,1,137.0,1,1,1,3,3,131.4,1,0,0,1,0,0,20,0,0,6,9,5,11.8,0,0,6,7,6,11.5,0,7.6,2.6,0.32,Graduate,Low,Social Service
STD261262,1,42,1,9119,1,1,130.0,1,19,37,9,3,135.0,0,0,1,1,1,0,25,0,0,5,5,0,0.0,0,2,6,7,2,14.0,0,13.9,-0.3,0.79,Dropout,High,Informatics Engineering
STD261263,1,1,2,9773,1,1,121.0,1,19,19,9,9,122.8,0,0,0,1,1,0,19,0,0,6,0,0,0.0,0,0,6,0,0,0.0,0,12.4,0.5,1.79,Dropout,High,Journalism and Communication
STD261264,2,39,1,9853,1,1,130.0,1,37,19,7,3,140.0,0,0,1,1,0,1,34,0,0,6,7,6,16.142857142857142,0,0,6,10,6,16.2,0,9.4,-0.8,-3.12,Graduate,Low,Basic Education
STD261265,1,18,2,9500,1,1,135.0,1,38,37,9,5,125.3,1,0,0,1,0,1,18,0,0,8,8,7,11.785714285714286,0,0,8,8,7,11.785714285714286,0,12.7,3.7,-1.7,Graduate,Low,Nursing
STD261266,1,1,6,9500,1,1,137.0,1,1,1,4,5,126.3,1,0,0,1,0,1,18,0,0,8,8,8,13.42375,0,0,8,8,8,13.42375,0,9.4,-0.8,-3.12,Graduate,Low,Nursing
STD261267,1,1,1,9670,1,1,100.0,1,38,38,9,10,100.0,0,0,0,1,0,0,20,0,0,6,8,6,12.5,0,0,6,10,5,14.166666666666666,0,11.1,0.6,2.02,Graduate,Low,Advertising and Marketing Management
STD261268,1,17,2,9500,1,1,127.0,1,19,37,9,7,121.3,1,0,0,1,0,1,20,0,0,8,8,7,12.464285714285714,0,0,8,8,7,12.464285714285714,0,10.8,1.4,1.74,Graduate,Low,Nursing
STD261269,1,53,1,9991,0,1,140.0,1,38,38,191,193,135.0,0,0,1,1,0,0,23,0,6,11,18,8,12.375,0,3,9,15,5,12.6,0,8.9,1.4,3.51,Enrolled,Medium,Management (evening attendance)
STD261270,1,39,1,9670,1,1,140.0,1,37,37,6,6,120.0,0,0,0,1,0,0,28,0,0,6,8,1,10.0,0,0,6,9,0,0.0,0,10.8,1.4,1.74,Dropout,High,Advertising and Marketing Management
STD261271,1,17,1,9773,1,1,121.0,1,37,19,9,10,113.7,0,0,0,1,0,0,18,0,0,6,8,5,12.6,0,0,6,10,6,12.428571428571429,0,15.5,2.8,-4.06,Enrolled,Low,Journalism and Communication
STD261272,1,43,1,9147,1,1,131.0,1,19,38,9,9,129.7,1,0,0,1,0,0,19,0,0,5,5,5,12.6,0,0,5,6,4,12.4,0,16.2,0.3,-0.92,Graduate,Low,Management
STD261273,2,1,1,9147,1,1,151.0,1,38,37,9,8,132.1,1,0,0,1,0,0,34,0,0,5,7,2,10.0,0,0,5,6,4,12.0,0,7.6,2.6,0.32,Dropout,High,Management
STD261274,2,51,1,9853,1,1,130.0,1,37,37,7,8,120.3,0,0,0,1,0,0,35,0,0,7,7,0,0.0,0,0,6,0,0,0.0,0,8.9,1.4,3.51,Dropout,High,Basic Education
STD261275,1,7,1,9991,0,40,120.0,1,37,37,9,7,120.0,0,0,0,1,0,0,32,0,0,5,7,5,11.6,0,0,5,8,5,12.333333333333334,0,12.4,0.5,1.79,Graduate,Low,Management (evening attendance)
STD261276,1,17,2,9254,1,1,136.0,1,19,19,4,7,123.1,1,0,0,1,0,0,19,0,0,6,8,6,12.166666666666666,0,0,6,6,6,13.5,0,11.1,0.6,2.02,Graduate,Low,Tourism
STD261277,1,17,5,9670,1,1,125.0,1,1,19,9,7,119.4,1,0,0,1,0,0,18,0,0,6,10,4,13.6,0,0,6,7,5,12.666666666666666,0,11.1,0.6,2.02,Graduate,Medium,Advertising and Marketing Management
STD261278,2,39,1,9147,1,1,133.1,1,37,37,9,9,140.0,0,0,0,0,0,0,35,0,0,5,8,4,12.5,1,0,5,8,5,11.8,0,9.4,-0.8,-3.12,Dropout,High,Management
STD261279,1,39,1,8014,0,1,133.1,1,1,12,4,5,116.5,0,0,0,1,1,1,24,0,0,6,6,4,12.25,0,0,6,10,4,11.5,0,12.4,0.5,1.79,Enrolled,Medium,Social Service (evening attendance)
STD261280,1,17,1,9238,1,1,120.0,1,19,37,9,9,113.0,1,0,0,1,0,1,20,0,0,6,7,6,11.714285714285714,0,0,6,8,6,12.625,0,13.9,-0.3,0.79,Graduate,Low,Social Service
STD261281,1,1,3,9773,1,1,143.0,11,19,19,4,9,133.9,1,0,0,1,1,1,18,1,0,6,7,6,13.5,0,0,6,7,6,13.0,0,16.2,0.3,-0.92,Graduate,Low,Journalism and Communication
STD261282,1,1,3,9500,1,1,133.1,1,38,19,7,9,115.5,1,0,0,1,1,1,20,0,0,8,8,7,13.024285714285714,0,0,8,8,7,13.024285714285714,0,10.8,1.4,1.74,Graduate,Low,Nursing
STD261283,1,17,5,9254,1,1,121.0,1,1,19,4,7,116.5,1,0,0,0,1,0,18,0,0,6,12,0,0.0,0,0,6,0,0,0.0,0,9.4,-0.8,-3.12,Dropout,High,Tourism
STD261284,1,1,1,9119,1,1,168.0,1,19,19,4,4,171.2,0,0,0,1,1,1,18,0,0,5,6,5,17.333333333333332,0,0,5,8,5,18.571428571428573,0,12.4,0.5,1.79,Graduate,Low,Informatics Engineering
STD261285,1,1,1,9670,1,1,124.0,1,19,37,5,7,119.1,0,0,0,1,1,1,20,0,0,5,7,4,11.0,0,0,5,7,4,11.5,0,9.4,-0.8,-3.12,Graduate,Low,Advertising and Marketing Management
STD261286,1,17,2,9853,1,1,127.0,1,19,38,3,3,121.1,1,0,0,1,1,0,19,0,0,7,10,6,13.666666666666666,0,0,7,9,6,12.5,0,12.4,0.5,1.79,Dropout,Low,Basic Education
STD261287,1,1,2,9070,1,1,129.0,1,1,1,4,9,132.9,1,0,0,1,1,1,20,0,0,6,9,6,11.375,0,0,6,6,5,13.8,0,7.6,2.6,0.32,Enrolled,Low,Communication Design
STD261288,1,1,1,9238,1,1,137.0,1,19,1,9,9,132.8,0,0,0,1,1,0,19,0,0,6,6,6,12.833333333333334,0,0,6,8,6,11.833333333333334,0,10.8,1.4,1.74,Graduate,Low,Social Service
STD261289,1,1,1,9773,1,1,120.0,1,36,37,0,0,126.7,1,0,0,1,1,0,20,0,0,6,9,5,12.6,0,0,6,11,4,11.5,0,7.6,2.6,0.32,Graduate,Low,Journalism and Communication
STD261290,1,1,1,9500,1,1,110.0,1,19,19,9,7,105.8,1,0,0,1,1,0,22,0,0,7,8,6,14.333333333333334,0,0,8,9,7,13.771428571428572,0,11.1,0.6,2.02,Graduate,Low,Nursing
STD261291,1,17,2,9119,1,1,120.0,1,1,19,9,8,117.2,0,0,0,1,1,1,18,0,0,5,8,4,13.5,0,0,6,10,6,13.625,0,11.1,0.6,2.02,Enrolled,Low,Informatics Engineering
STD261292,1,1,1,9500,1,1,143.0,1,38,38,9,9,140.0,0,0,0,1,1,0,19,0,0,8,8,7,14.285714285714286,0,0,8,8,7,14.285714285714286,0,12.7,3.7,-1.7,Graduate,Low,Nursing
STD261293,1,44,1,9003,1,39,120.0,1,1,19,9,7,120.0,0,0,0,1,1,0,22,0,2,6,15,3,11.75,0,0,6,12,2,10.0,0,13.9,-0.3,0.79,Dropout,Medium,Agronomy
STD261294,1,17,5,9119,1,1,124.0,11,4,12,2,9,119.5,1,0,0,1,1,0,20,1,0,5,5,5,14.8,0,0,5,5,5,17.6,0,8.9,1.4,3.51,Graduate,Low,Informatics Engineering
STD261295,2,39,1,9003,1,1,168.0,1,1,41,9,3,153.9,0,0,1,0,1,0,34,0,0,6,7,0,0.0,0,0,6,0,0,0.0,0,12.4,0.5,1.79,Dropout,High,Agronomy
STD261296,2,39,1,8014,0,19,133.1,1,1,1,4,4,130.0,0,0,0,1,1,0,24,0,0,6,14,1,10.0,0,0,5,5,0,0.0,0,16.2,0.3,-0.92,Dropout,High,Social Service (evening attendance)
STD261297,1,39,2,9670,1,1,150.0,1,34,34,0,0,107.0,1,0,0,1,1,0,26,0,0,5,5,0,0.0,0,0,5,5,0,0.0,0,7.6,2.6,0.32,Dropout,High,Advertising and Marketing Management
STD261298,1,39,1,9500,1,1,140.0,1,37,37,9,6,132.8,0,0,0,1,1,0,35,0,0,7,10,4,12.6,0,0,7,9,5,12.38,0,12.4,0.5,1.79,Dropout,Medium,Nursing
STD261299,1,1,1,9991,0,1,145.0,1,2,37,4,9,127.5,1,0,0,1,1,0,22,0,0,5,9,5,12.428571428571429,1,0,5,7,5,11.8,0,7.6,2.6,0.32,Graduate,Low,Management (evening attendance)
STD261300,1,18,1,9254,1,1,118.0,1,38,38,5,5,123.3,1,0,0,1,1,0,26,0,0,6,10,4,10.0,0,0,6,11,3,12.0,0,9.4,-0.8,-3.12,Enrolled,Medium,Tourism
STD261301,1,17,1,9147,1,1,123.0,1,1,19,3,4,122.0,0,0,0,1,1,0,19,0,0,5,7,3,12.333333333333334,0,0,5,5,0,0.0,0,8.9,1.4,3.51,Dropout,Medium,Management
STD261302,1,1,5,9254,1,1,120.0,1,3,19,3,9,114.8,1,0,0,0,1,0,19,0,0,6,0,0,0.0,0,0,6,0,0,0.0,0,8.9,1.4,3.51,Dropout,High,Tourism
STD261303,1,44,1,171,1,39,140.0,1,3,3,2,2,140.0,0,0,1,1,1,0,20,0,0,0,0,0,0.0,0,0,0,0,0,0.0,0,15.5,2.8,-4.06,Graduate,High,Animation and Multimedia Design
STD261304,1,51,1,9670,1,1,126.0,1,3,3,1,10,111.0,0,0,1,1,1,0,21,0,5,11,12,10,12.1,0,2,8,9,8,13.333333333333334,0,11.1,0.6,2.02,Graduate,Low,Advertising and Marketing Management
STD261305,1,1,2,9773,1,1,137.0,1,1,19,7,7,133.2,1,0,0,1,0,1,19,0,0,6,7,6,14.714285714285714,0,0,6,6,6,15.0,0,13.9,-0.3,0.79,Graduate,Low,Journalism and Communication
STD261306,1,1,3,9773,1,1,130.0,1,19,19,9,9,123.0,1,0,0,1,0,0,18,0,0,6,6,6,12.666666666666666,0,0,6,7,6,12.833333333333334,0,12.7,3.7,-1.7,Graduate,Low,Journalism and Communication
STD261307,1,53,1,9003,1,42,150.0,1,1,38,8,8,150.0,0,0,0,1,0,1,23,0,7,12,14,12,14.384615384615383,0,5,10,12,10,13.3,0,8.9,1.4,3.51,Graduate,Low,Agronomy
STD261308,1,17,3,9147,1,1,147.0,1,19,38,5,7,132.3,1,0,0,1,0,1,18,0,0,5,5,5,13.4,0,0,5,6,5,12.2,0,12.7,3.7,-1.7,Graduate,Low,Management
STD261309,1,18,1,9500,1,1,140.0,1,37,38,5,7,126.0,1,0,0,1,0,0,18,0,0,8,8,7,13.314285714285717,0,0,8,8,7,13.314285714285717,0,12.7,3.7,-1.7,Graduate,Low,Nursing
STD261310,1,1,3,9500,1,1,132.0,1,38,38,9,9,119.3,1,0,0,1,0,0,19,0,0,8,8,7,11.98857142857143,0,0,8,8,7,11.98857142857143,0,10.8,1.4,1.74,Graduate,Low,Nursing
STD261311,1,53,1,9147,1,42,130.0,1,1,19,143,172,133.8,1,0,0,1,0,0,21,0,6,11,17,11,11.545454545454543,0,3,9,13,8,12.88888888888889,0,8.9,1.4,3.51,Graduate,Low,Management
STD261312,1,1,1,9085,1,1,130.0,1,37,37,9,6,126.5,1,0,0,1,0,1,18,0,0,6,13,6,16.46153846153846,0,0,6,8,6,13.875,0,15.5,2.8,-4.06,Graduate,Low,Veterinary Nursing
STD261313,1,1,1,9773,1,1,151.0,1,38,37,9,5,138.4,1,0,0,1,0,1,24,0,0,6,7,6,13.666666666666666,0,0,6,6,6,12.833333333333334,0,10.8,1.4,1.74,Graduate,Low,Journalism and Communication
STD261314,1,1,4,9500,1,1,144.0,1,3,39,2,3,129.0,1,0,0,1,0,0,18,0,0,7,8,7,12.65,0,0,8,9,8,13.411111111111111,0,16.2,0.3,-0.92,Dropout,Low,Nursing
STD261315,1,1,1,9670,1,1,127.0,1,19,1,5,7,118.3,1,0,0,1,0,0,18,0,0,6,7,6,12.333333333333334,0,0,6,10,3,12.0,0,13.9,-0.3,0.79,Enrolled,Low,Advertising and Marketing Management
STD261316,1,17,2,9500,1,1,131.0,1,19,37,9,7,129.8,1,0,0,1,0,0,20,0,0,7,8,6,14.37,0,0,8,10,7,14.65,0,12.4,0.5,1.79,Graduate,Low,Nursing
STD261317,1,17,2,9085,1,1,123.0,1,1,19,4,9,113.6,1,0,0,1,0,0,19,0,0,5,13,3,12.0,2,0,5,8,4,11.75,0,9.4,-0.8,-3.12,Enrolled,Medium,Veterinary Nursing
STD261318,1,1,5,9773,1,1,130.0,1,34,38,0,8,128.3,1,0,0,0,0,1,18,0,0,6,12,3,12.0,0,0,6,15,3,10.666666666666666,0,7.6,2.6,0.32,Dropout,High,Journalism and Communication
STD261319,1,43,1,9254,1,1,130.0,1,1,19,5,7,130.0,0,0,0,1,0,1,19,0,0,6,11,4,12.0,0,0,6,14,3,11.0,0,10.8,1.4,1.74,Dropout,Medium,Tourism
STD261320,1,17,2,9853,1,1,131.0,1,1,38,4,8,121.9,1,0,0,1,0,0,19,0,0,6,10,5,12.6,0,0,6,7,5,11.2,0,10.8,1.4,1.74,Graduate,Low,Basic Education
STD261321,1,1,5,9238,1,3,135.0,1,1,38,9,3,129.4,0,0,1,1,0,0,18,0,0,6,6,6,12.166666666666666,0,0,6,6,6,12.333333333333334,0,10.8,1.4,1.74,Graduate,Low,Social Service
STD261322,1,1,2,9853,1,1,123.0,1,19,1,194,103,115.3,1,0,0,1,0,0,20,0,0,7,8,6,13.5,0,0,7,8,6,14.0,0,11.1,0.6,2.02,Enrolled,Low,Basic Education
STD261323,1,1,5,9500,1,1,145.0,1,38,38,9,9,125.5,1,0,0,1,0,1,18,0,0,8,8,8,13.76375,0,0,8,8,8,13.76375,0,9.4,-0.8,-3.12,Graduate,Low,Nursing
STD261324,1,17,6,9556,1,1,118.0,1,38,38,5,5,117.8,1,0,0,1,0,1,19,0,0,7,11,6,12.4,0,0,7,8,6,12.8,0,11.1,0.6,2.02,Graduate,Low,Oral Hygiene
STD261325,1,17,3,9147,1,1,125.0,1,3,38,2,10,118.7,1,0,0,1,0,0,18,0,0,5,16,4,10.666666666666666,0,0,5,11,2,12.0,0,13.9,-0.3,0.79,Enrolled,Low,Management
STD261326,1,1,2,9500,1,1,152.0,1,37,37,9,9,139.0,1,0,0,1,0,0,18,0,0,7,7,6,14.333333333333334,0,0,7,7,6,14.333333333333334,0,7.6,2.6,0.32,Graduate,Low,Nursing
STD261327,1,1,1,9085,1,1,101.0,1,1,37,4,9,98.9,1,0,0,1,0,0,21,0,0,6,12,4,12.5,0,0,6,13,2,12.666666666666666,0,11.1,0.6,2.02,Enrolled,Medium,Veterinary Nursing
STD261328,1,17,1,9254,1,1,137.0,1,34,38,0,7,137.7,1,0,1,0,0,0,19,0,0,6,14,1,10.0,0,0,6,13,0,0.0,0,7.6,2.6,0.32,Dropout,High,Tourism
STD261329,1,1,4,9500,1,1,123.0,1,1,1,3,3,113.6,1,0,0,1,0,0,21,0,0,7,8,7,14.69625,0,0,8,9,8,14.622222222222224,0,12.4,0.5,1.79,Graduate,Low,Nursing
STD261330,1,1,1,9085,1,1,120.0,1,4,1,2,9,113.4,0,0,0,1,0,0,18,0,0,6,14,4,11.5,0,0,6,17,3,13.75,0,11.1,0.6,2.02,Enrolled,Medium,Veterinary Nursing
STD261331,1,17,3,9556,1,1,131.0,1,19,38,9,7,128.5,0,0,0,1,0,1,18,0,0,7,9,7,12.855555555555556,0,0,8,8,8,13.9125,0,12.7,3.7,-1.7,Graduate,Low,Oral Hygiene
STD261332,1,1,1,9500,1,1,141.0,1,1,1,3,10,142.8,0,0,0,1,0,0,18,0,0,7,7,7,13.7,0,0,8,9,8,13.994444444444444,0,11.1,0.6,2.02,Graduate,Low,Nursing
STD261333,1,1,1,9130,1,1,144.0,1,3,1,1,3,137.7,0,0,0,0,0,0,23,0,0,5,9,0,0.0,3,1,5,10,1,12.0,3,10.8,1.4,1.74,Dropout,High,Equinculture
STD261334,1,1,1,9238,1,1,107.0,1,19,37,7,7,103.5,1,0,0,1,0,0,20,0,0,6,13,3,11.2,0,0,6,9,4,12.0,0,16.2,0.3,-0.92,Enrolled,Medium,Social Service
STD261335,1,1,1,9500,1,1,133.0,1,38,38,5,5,123.2,0,0,0,1,0,0,18,0,0,7,7,7,13.285714285714286,0,0,8,9,8,13.333333333333334,0,16.2,0.3,-0.92,Graduate,Low,Nursing
STD261336,1,17,2,9853,1,1,126.0,1,1,19,2,10,126.0,1,0,0,1,0,0,19,0,0,6,9,5,13.0,0,0,6,8,5,10.4,0,7.6,2.6,0.32,Enrolled,Low,Basic Education
STD261337,1,39,1,9500,1,1,133.1,1,1,38,3,7,121.7,0,0,0,1,0,1,27,0,0,7,8,6,12.6,0,0,7,9,6,11.685714285714283,0,12.4,0.5,1.79,Enrolled,Low,Nursing
STD261338,1,17,1,9147,1,1,147.0,1,37,37,9,6,142.8,1,0,1,0,0,1,19,0,0,5,5,5,12.8,0,0,5,5,4,12.0,0,11.1,0.6,2.02,Enrolled,High,Management
STD261339,1,43,1,9130,1,1,120.0,1,1,19,9,9,120.0,1,0,0,1,0,0,21,0,0,6,14,5,11.5,1,0,6,13,5,11.0,1,15.5,2.8,-4.06,Dropout,Low,Equinculture
STD261340,1,18,1,9500,1,1,130.0,1,37,38,7,8,119.3,1,0,0,1,0,1,19,0,0,8,8,7,11.4,0,0,8,8,7,11.4,0,10.8,1.4,1.74,Graduate,Low,Nursing
STD261341,1,44,1,9238,1,1,120.0,1,37,37,6,9,121.0,0,0,0,1,0,1,21,0,3,6,6,6,12.333333333333334,0,2,6,8,6,11.333333333333334,0,13.9,-0.3,0.79,Graduate,Low,Social Service
STD261342,1,1,5,9773,1,1,138.0,1,19,19,9,9,139.4,1,0,0,1,0,0,18,0,0,6,7,5,12.8,0,0,6,10,4,12.2,0,10.8,1.4,1.74,Graduate,Low,Journalism and Communication
STD261343,1,17,1,9085,1,1,124.0,1,19,38,7,7,113.9,1,0,0,1,0,1,20,0,0,5,8,5,12.0,1,0,5,8,4,15.0,1,12.7,3.7,-1.7,Graduate,Low,Veterinary Nursing
STD261344,1,1,1,9853,1,1,133.0,1,37,37,9,7,124.6,1,0,0,1,0,1,18,0,0,6,8,5,13.0,0,0,6,9,5,13.5,0,9.4,-0.8,-3.12,Graduate,Low,Basic Education
STD261345,1,17,1,9070,1,1,122.0,1,1,1,4,8,123.8,1,0,1,0,0,1,18,0,0,6,6,6,11.833333333333334,0,0,6,8,6,11.0,0,12.7,3.7,-1.7,Dropout,High,Communication Design
STD261346,1,1,3,9085,1,1,138.0,1,1,3,4,4,126.3,1,0,0,1,0,0,18,0,0,6,8,6,14.0,0,0,6,9,6,13.333333333333334,0,8.9,1.4,3.51,Graduate,Low,Veterinary Nursing
STD261347,1,17,4,9773,1,1,134.0,1,1,1,3,3,120.4,1,0,0,1,0,1,18,0,0,6,6,6,12.333333333333334,0,0,6,6,6,13.5,0,16.2,0.3,-0.92,Graduate,Low,Journalism and Communication
STD261348,1,1,3,9500,1,1,128.0,1,1,1,7,7,120.5,1,0,0,1,0,1,19,0,0,7,10,5,13.04,0,0,7,7,7,12.5,0,12.4,0.5,1.79,Enrolled,Medium,Nursing
STD261349,1,53,1,9085,1,42,140.0,1,19,38,8,9,144.9,1,0,1,0,0,0,23,0,7,11,18,11,13.166666666666666,0,4,9,15,8,13.333333333333334,0,8.9,1.4,3.51,Enrolled,High,Veterinary Nursing
STD261350,1,39,1,9085,1,19,133.1,1,19,19,4,9,139.9,1,0,0,1,0,1,24,0,1,6,7,6,12.5,0,0,6,11,6,12.833333333333334,0,8.9,1.4,3.51,Graduate,Low,Veterinary Nursing
STD261351,1,1,1,171,1,1,142.0,1,1,1,3,3,133.3,1,0,0,1,0,0,19,0,0,0,0,0,0.0,0,0,0,0,0,0.0,0,10.8,1.4,1.74,Graduate,High,Animation and Multimedia Design
STD261352,1,1,3,9500,1,1,141.0,1,19,19,9,9,126.0,1,0,0,1,0,0,18,0,0,8,8,7,15.657142857142857,0,0,8,8,7,15.657142857142857,0,12.7,3.7,-1.7,Graduate,Low,Nursing
STD261353,1,1,2,9070,1,1,145.0,1,1,19,4,3,133.5,0,0,0,1,0,0,19,0,0,6,6,6,12.166666666666666,0,0,6,6,6,11.333333333333334,0,12.7,3.7,-1.7,Graduate,Low,Communication Design
STD261354,1,17,2,9853,1,1,145.0,1,38,19,4,9,127.9,1,0,0,1,0,0,19,0,0,6,0,0,0.0,0,0,6,0,0,0.0,0,10.8,1.4,1.74,Dropout,High,Basic Education
STD261355,1,1,1,9238,1,1,108.0,1,1,38,5,8,105.9,0,0,0,1,0,1,20,0,0,6,11,5,10.6,0,0,6,9,5,11.166666666666666,0,11.1,0.6,2.02,Enrolled,Low,Social Service
STD261356,1,1,1,9085,1,1,132.0,1,1,12,4,5,124.3,0,0,0,1,0,0,20,0,0,6,10,6,13.428571428571429,0,0,6,11,5,12.666666666666666,0,13.9,-0.3,0.79,Enrolled,Low,Veterinary Nursing
STD261357,1,39,1,9773,1,1,140.0,1,34,37,0,0,102.5,0,0,0,1,0,0,26,0,0,6,8,4,11.75,0,0,6,12,0,0.0,0,7.6,2.6,0.32,Dropout,Medium,Journalism and Communication
STD261358,1,39,1,9254,1,19,133.1,1,19,1,9,5,97.0,0,0,1,0,1,0,36,0,0,5,10,0,0.0,0,0,5,5,0,0.0,0,15.5,2.8,-4.06,Dropout,High,Tourism
STD261359,1,17,1,171,1,1,128.0,1,1,1,4,10,134.7,0,0,0,0,1,0,19,0,0,0,0,0,0.0,0,0,0,0,0,0.0,0,10.8,1.4,1.74,Dropout,High,Animation and Multimedia Design
STD261360,1,42,1,9119,1,1,120.0,1,19,37,9,9,113.8,0,0,0,0,1,0,27,0,0,5,0,0,0.0,0,0,5,0,0,0.0,0,15.5,2.8,-4.06,Dropout,High,Informatics Engineering
STD261361,1,1,4,9119,1,1,120.0,1,3,1,123,152,116.9,0,0,0,1,1,0,18,0,0,5,9,1,13.0,0,0,5,5,0,0.0,0,8.9,1.4,3.51,Dropout,High,Informatics Engineering
STD261362,1,1,4,9500,1,1,139.0,1,37,38,9,9,124.0,1,0,0,1,1,1,18,0,0,8,8,7,13.331428571428573,0,0,8,8,7,13.331428571428573,0,10.8,1.4,1.74,Graduate,Low,Nursing
STD261363,1,39,1,9070,1,1,139.3,1,38,38,5,5,117.5,0,0,0,1,1,0,28,0,0,6,0,0,0.0,0,0,6,0,0,0.0,0,12.4,0.5,1.79,Dropout,High,Communication Design
STD261364,1,44,1,171,1,39,150.0,1,19,1,9,9,154.8,1,0,0,1,1,0,21,0,0,0,0,0,0.0,0,0,0,0,0,0.0,0,12.4,0.5,1.79,Graduate,High,Animation and Multimedia Design
STD261365,1,1,1,9500,1,1,138.0,1,19,37,4,9,141.0,0,0,0,1,1,0,19,0,0,7,7,6,13.7,0,0,7,7,6,13.7,0,7.6,2.6,0.32,Graduate,Low,Nursing
STD261366,1,39,1,9670,1,9,133.1,1,6,22,3,3,120.0,0,0,1,0,1,0,26,0,0,5,5,0,0.0,0,0,5,5,0,0.0,5,9.4,-0.8,-3.12,Dropout,High,Advertising and Marketing Management
STD261367,1,51,1,9119,1,1,136.0,1,1,19,3,5,133.6,1,0,0,1,1,0,20,0,4,9,12,9,13.454545454545457,0,2,7,9,6,13.875,0,11.1,0.6,2.02,Dropout,Low,Informatics Engineering
STD261368,1,1,6,9500,1,1,134.0,1,38,38,9,9,122.0,1,0,0,1,1,0,19,0,0,8,8,7,12.2,0,0,8,8,7,12.2,0,12.7,3.7,-1.7,Graduate,Low,Nursing
STD261369,1,1,1,9147,1,1,140.0,1,19,19,7,3,120.0,1,0,0,1,1,0,21,0,0,5,8,3,10.0,0,0,5,10,4,11.0,0,12.7,3.7,-1.7,Dropout,Medium,Management
STD261370,1,53,1,9670,1,42,110.0,1,1,19,9,9,114.2,0,0,0,1,1,1,23,0,0,6,7,5,13.0,0,0,6,7,6,12.857142857142858,0,8.9,1.4,3.51,Graduate,Low,Advertising and Marketing Management
STD261371,1,39,1,8014,0,38,133.1,1,38,37,4,8,95.5,0,0,0,1,1,0,29,0,0,6,11,6,12.0,0,0,6,6,6,14.0,0,11.1,0.6,2.02,Graduate,Low,Social Service (evening attendance)
STD261372,1,1,1,9500,1,1,129.0,1,1,1,9,9,120.0,0,0,0,1,1,0,20,0,0,8,8,7,15.028571428571428,0,0,8,8,7,15.028571428571428,0,12.7,3.7,-1.7,Graduate,Low,Nursing
STD261373,1,1,1,9238,1,1,116.0,1,1,19,5,9,111.1,0,0,0,1,1,0,18,0,0,6,8,6,12.0,0,0,6,7,6,11.714285714285714,0,15.5,2.8,-4.06,Graduate,Low,Social Service
STD261374,1,1,1,9773,1,1,130.0,1,1,38,3,5,128.6,1,0,0,1,1,0,19,0,0,6,8,5,12.0,0,0,6,8,5,12.4,0,9.4,-0.8,-3.12,Graduate,Low,Journalism and Communication
STD261375,1,7,1,9556,1,3,130.0,1,1,37,4,8,130.0,0,0,0,0,1,0,23,0,3,7,7,3,13.666666666666666,0,3,8,8,3,11.333333333333334,4,10.8,1.4,1.74,Dropout,High,Oral Hygiene
STD261376,1,1,1,171,1,1,116.0,1,38,1,5,1,111.1,0,0,0,1,1,0,21,0,0,0,0,0,0.0,0,0,0,0,0,0.0,0,13.9,-0.3,0.79,Dropout,High,Animation and Multimedia Design
STD261377,1,17,1,9147,1,1,136.0,1,1,1,9,3,122.7,1,0,0,1,1,0,18,0,0,5,6,5,12.0,0,0,5,7,4,12.5,0,15.5,2.8,-4.06,Enrolled,Low,Management
STD261378,1,1,1,171,1,1,147.0,1,37,19,7,7,134.4,1,0,0,1,1,1,18,0,0,0,0,0,0.0,0,0,0,0,0,0.0,0,10.8,1.4,1.74,Graduate,High,Animation and Multimedia Design
STD261379,1,1,5,9070,1,1,117.0,1,19,37,5,5,131.0,1,0,1,0,1,0,21,0,0,6,6,1,14.0,0,0,6,7,0,0.0,7,9.4,-0.8,-3.12,Dropout,High,Communication Design
STD261380,1,51,1,9238,1,1,141.0,1,1,1,5,9,125.0,0,0,0,1,1,0,22,0,0,6,6,0,0.0,0,0,6,7,0,0.0,0,11.1,0.6,2.02,Dropout,High,Social Service
STD261381,1,18,1,9556,1,1,133.1,1,3,19,2,8,106.0,1,0,0,1,1,0,21,0,0,7,8,7,12.375,0,0,7,11,5,12.583333333333334,0,8.9,1.4,3.51,Graduate,Low,Oral Hygiene
STD261382,1,39,1,9500,1,1,133.1,1,38,19,9,9,128.0,1,0,0,0,1,0,32,0,0,7,0,0,0.0,0,0,8,0,0,0.0,0,16.2,0.3,-0.92,Dropout,High,Nursing
STD261383,1,7,1,9003,1,3,120.0,1,1,19,4,1,120.0,1,0,0,1,1,0,27,0,14,18,21,18,11.421052631578949,0,10,13,16,13,11.076923076923077,1,15.5,2.8,-4.06,Graduate,Low,Agronomy
STD261384,1,1,1,9500,1,1,148.0,1,19,38,9,8,134.8,1,0,0,1,1,0,18,0,0,7,7,6,13.35,0,0,7,7,6,13.35,0,7.6,2.6,0.32,Graduate,Low,Nursing
STD261385,1,39,1,9070,1,1,130.0,1,1,1,5,3,112.0,1,0,0,1,1,1,24,0,0,6,6,6,15.0,0,0,6,6,2,16.0,0,15.5,2.8,-4.06,Graduate,Low,Communication Design
STD261386,1,1,1,9130,1,1,120.0,1,19,37,1,9,116.1,1,0,0,1,1,0,22,0,0,5,9,2,10.5,0,0,5,5,0,0.0,0,12.7,3.7,-1.7,Dropout,High,Equinculture
STD261387,1,43,1,9130,1,1,120.0,1,2,3,3,2,120.0,1,0,0,0,1,0,22,0,0,6,0,0,0.0,0,0,4,6,0,0.0,2,10.8,1.4,1.74,Dropout,High,Equinculture
STD261388,1,1,3,9147,1,1,133.0,1,37,37,9,5,119.7,1,0,0,1,1,0,19,0,0,5,8,5,13.25,0,0,5,6,5,11.833333333333334,0,13.9,-0.3,0.79,Graduate,Low,Management
STD261389,1,17,6,9119,1,1,129.0,1,37,13,4,90,117.1,1,0,0,1,1,0,19,0,0,5,10,0,0.0,0,0,5,5,0,0.0,0,7.6,2.6,0.32,Dropout,High,Informatics Engineering
STD261390,1,1,2,9085,1,1,118.0,1,1,19,3,3,112.4,1,0,0,1,1,0,21,0,0,5,7,4,11.5,0,0,5,15,3,10.6,4,10.8,1.4,1.74,Enrolled,Low,Veterinary Nursing
STD261391,1,1,2,9500,1,1,140.0,1,1,1,2,7,131.0,1,0,0,1,0,1,18,0,0,8,8,8,13.88125,0,0,8,8,8,13.88125,0,9.4,-0.8,-3.12,Graduate,Low,Nursing
STD261392,1,1,2,9254,1,1,127.0,1,3,19,3,10,130.9,1,0,0,1,0,0,18,0,0,6,8,6,11.333333333333334,0,0,6,8,5,12.6,0,9.4,-0.8,-3.12,Graduate,Low,Tourism
STD261393,1,1,1,171,1,1,131.0,1,19,19,9,9,134.9,1,0,1,1,0,0,20,0,0,0,0,0,0.0,0,0,0,0,0,0.0,0,16.2,0.3,-0.92,Dropout,High,Animation and Multimedia Design
STD261394,1,17,1,9238,1,1,132.0,1,1,19,4,9,127.1,1,0,0,1,0,0,19,0,0,6,7,6,12.857142857142858,0,0,6,7,6,13.666666666666666,0,13.9,-0.3,0.79,Graduate,Low,Social Service
STD261395,1,17,5,9773,1,1,113.0,1,38,38,191,175,110.2,1,0,1,1,0,0,19,0,0,6,6,5,11.6,0,0,6,6,6,12.5,0,8.9,1.4,3.51,Graduate,Low,Journalism and Communication
STD261396,1,17,1,9254,1,1,115.0,1,12,1,9,3,108.7,1,0,0,1,0,1,18,0,0,6,9,5,11.4,0,0,6,6,6,11.333333333333334,0,12.4,0.5,1.79,Graduate,Low,Tourism
STD261397,1,1,1,9130,1,1,133.1,1,1,1,3,9,138.0,1,0,0,1,0,0,20,0,0,6,11,6,13.333333333333334,0,0,6,10,6,13.0,0,16.2,0.3,-0.92,Enrolled,Low,Equinculture
STD261398,1,44,1,9070,1,39,150.0,1,12,37,3,9,147.7,0,0,1,1,0,1,22,0,2,7,7,7,13.571428571428571,0,5,9,9,9,13.77777777777778,0,12.4,0.5,1.79,Graduate,Low,Communication Design
STD261399,2,39,1,9556,1,19,133.1,1,37,38,9,9,123.0,0,0,0,1,0,0,31,0,0,7,13,6,11.833333333333334,0,0,7,8,7,12.228571428571428,0,12.4,0.5,1.79,Graduate,Low,Oral Hygiene
STD261400,1,17,1,9853,1,1,141.0,1,19,19,9,8,142.8,0,0,0,1,0,1,19,0,0,7,7,7,14.428571428571429,0,0,7,7,7,14.142857142857142,0,16.2,0.3,-0.92,Graduate,Low,Basic Education
STD261401,1,1,2,171,1,1,140.0,1,1,3,3,3,138.3,1,0,0,1,0,0,18,0,0,0,0,0,0.0,0,0,0,0,0,0.0,0,12.4,0.5,1.79,Enrolled,High,Animation and Multimedia Design
STD261402,1,1,2,9254,1,1,136.0,1,38,38,9,7,125.2,1,0,0,1,0,1,18,0,0,6,8,6,12.285714285714286,0,0,6,9,5,12.4,0,8.9,1.4,3.51,Graduate,Low,Tourism
STD261403,1,1,1,9085,1,1,140.0,1,12,1,1,90,141.8,0,0,0,1,0,0,21,0,0,5,7,5,14.4,0,0,5,5,5,13.8,0,7.6,2.6,0.32,Graduate,Low,Veterinary Nursing
STD261404,1,17,5,9500,1,1,143.0,1,38,1,9,7,130.6,1,0,0,1,0,1,18,0,0,7,8,7,13.15,0,0,8,9,8,15.06875,0,13.9,-0.3,0.79,Graduate,Low,Nursing
STD261405,1,44,1,9147,1,39,130.0,22,2,37,2,8,130.0,0,0,1,0,1,0,25,1,0,5,6,0,0.0,0,0,5,5,0,0.0,0,15.5,2.8,-4.06,Dropout,High,Management
STD261406,1,15,1,9119,1,1,133.1,41,1,3,5,8,100.0,0,0,1,1,1,0,21,1,0,5,5,0,0.0,0,0,6,8,0,0.0,0,11.1,0.6,2.02,Dropout,High,Informatics Engineering
STD261407,1,18,2,9500,1,1,129.0,1,38,37,5,5,119.0,1,0,0,1,0,1,19,0,0,8,8,7,12.342857142857143,0,0,8,8,7,12.342857142857143,0,10.8,1.4,1.74,Graduate,Low,Nursing
STD261408,1,1,2,9773,1,1,132.0,1,38,1,9,9,124.3,1,0,0,1,0,0,19,0,0,6,6,5,12.2,0,0,6,7,5,10.8,0,10.8,1.4,1.74,Enrolled,Low,Journalism and Communication
STD261409,1,17,1,9254,1,1,118.0,1,11,34,5,0,122.2,1,0,0,1,0,0,22,0,0,6,10,4,10.5,0,0,6,14,1,11.0,0,7.6,2.6,0.32,Dropout,Medium,Tourism
STD261410,1,15,1,9147,1,1,150.0,1,38,1,9,1,150.0,0,0,0,1,1,0,19,0,0,5,5,5,10.6,0,0,5,8,5,11.6,0,12.4,0.5,1.79,Graduate,Low,Management
STD261411,1,39,1,8014,0,19,133.1,1,37,37,9,5,135.5,0,0,0,1,0,0,58,0,0,6,6,0,0.0,0,0,6,6,0,0.0,0,11.1,0.6,2.02,Dropout,High,Social Service (evening attendance)
STD261412,1,16,2,9238,1,1,122.0,1,19,37,9,7,127.3,1,0,0,1,0,1,19,0,0,6,8,4,11.25,0,0,6,6,6,12.0,0,10.8,1.4,1.74,Graduate,Medium,Social Service
STD261413,1,43,1,9670,1,1,127.0,22,37,37,9,9,127.0,1,0,0,1,1,0,23,1,3,9,11,6,10.5,0,4,10,10,10,11.7,0,9.4,-0.8,-3.12,Graduate,Medium,Advertising and Marketing Management
STD261414,1,1,2,9773,1,1,122.0,1,37,37,9,9,126.9,1,0,0,1,0,1,19,0,0,6,11,4,11.0,0,0,6,11,3,11.666666666666666,0,9.4,-0.8,-3.12,Enrolled,Medium,Journalism and Communication
STD261415,1,18,3,9500,1,1,131.0,1,19,1,4,7,127.5,1,0,0,1,0,0,18,0,0,7,7,7,13.457142857142856,0,0,8,8,8,14.5125,0,13.9,-0.3,0.79,Graduate,Low,Nursing
STD261416,1,1,2,9085,1,1,130.0,1,19,19,90,90,122.0,0,0,0,1,0,0,20,0,0,5,6,5,12.6,0,0,5,8,4,12.333333333333334,0,7.6,2.6,0.32,Graduate,Low,Veterinary Nursing
STD261417,1,17,5,9085,1,1,130.0,1,19,19,90,7,115.8,0,0,0,0,0,0,18,0,0,6,0,0,0.0,0,0,6,0,0,0.0,0,12.7,3.7,-1.7,Dropout,High,Veterinary Nursing
STD261418,1,17,1,9670,1,1,130.0,1,3,19,5,5,121.6,0,0,0,1,0,0,18,0,0,6,6,6,13.666666666666666,0,0,6,8,5,13.6,0,8.9,1.4,3.51,Graduate,Low,Advertising and Marketing Management
STD261419,1,17,4,9147,1,1,122.0,1,19,19,5,7,116.4,1,0,1,1,0,1,18,0,0,5,5,5,11.6,0,0,5,5,5,11.8,0,11.1,0.6,2.02,Graduate,Low,Management
STD261420,1,39,1,9130,1,1,114.0,1,38,38,9,10,120.0,0,0,0,1,0,0,24,0,0,6,9,6,12.571428571428571,0,0,6,10,5,12.833333333333334,0,11.1,0.6,2.02,Dropout,Low,Equinculture
STD261421,1,17,4,9853,1,1,143.0,1,37,37,9,5,127.3,1,0,0,1,0,0,18,0,0,6,7,5,11.8,0,0,6,7,5,11.4,0,10.8,1.4,1.74,Dropout,Low,Basic Education
STD261422,1,1,3,9147,1,1,127.0,1,1,38,5,7,123.5,1,0,0,1,0,1,19,0,0,5,5,5,11.6,0,0,5,11,3,12.666666666666666,0,9.4,-0.8,-3.12,Enrolled,Low,Management
STD261423,1,17,3,9238,1,1,141.0,1,19,38,9,7,125.6,1,0,0,1,0,1,19,0,0,6,8,6,11.333333333333334,0,0,6,6,6,11.833333333333334,0,8.9,1.4,3.51,Graduate,Low,Social Service
STD261424,1,1,1,9254,1,1,129.0,1,38,38,6,6,118.5,1,0,0,1,0,0,18,0,0,6,6,6,10.666666666666666,0,0,6,6,6,11.5,0,7.6,2.6,0.32,Graduate,Low,Tourism
STD261425,1,1,2,9130,1,1,140.0,1,19,37,9,9,129.5,1,0,0,1,0,0,18,0,0,5,10,4,13.5,1,0,5,5,5,13.4,0,12.7,3.7,-1.7,Enrolled,Low,Equinculture
STD261426,1,1,1,171,1,1,137.0,1,19,19,5,5,134.6,1,0,0,1,0,1,19,0,0,0,0,0,0.0,0,0,0,0,0,0.0,0,10.8,1.4,1.74,Graduate,High,Animation and Multimedia Design
STD261427,1,44,1,9085,1,1,140.0,1,4,4,2,6,140.0,0,0,0,1,0,0,22,0,2,6,9,6,13.333333333333334,0,1,6,9,4,11.5,0,13.9,-0.3,0.79,Graduate,Low,Veterinary Nursing
STD261428,1,1,1,9254,1,1,143.0,1,2,37,1,1,133.2,1,0,0,1,0,0,19,0,0,6,9,5,13.4,0,0,6,16,2,13.5,0,10.8,1.4,1.74,Enrolled,Low,Tourism
STD261429,3,17,1,9238,1,1,138.0,1,37,37,9,9,133.5,1,0,0,1,0,1,21,0,0,6,8,3,10.2,0,0,6,13,4,12.25,0,12.7,3.7,-1.7,Enrolled,Medium,Social Service
STD261430,1,17,1,9773,1,1,120.0,1,19,38,9,7,117.9,1,0,0,1,0,1,21,0,0,6,6,5,13.0,0,0,6,7,6,12.833333333333334,0,8.9,1.4,3.51,Graduate,Low,Journalism and Communication
STD261431,1,1,3,9500,1,1,144.0,1,38,38,5,7,128.0,1,0,0,1,0,1,18,0,0,8,11,7,12.90857142857143,0,0,8,11,7,12.90857142857143,0,10.8,1.4,1.74,Graduate,Low,Nursing
STD261432,1,1,5,9853,1,1,123.0,1,1,12,4,9,113.2,1,0,0,1,0,0,20,0,0,6,12,4,12.0,0,0,6,11,1,10.0,0,10.8,1.4,1.74,Dropout,Medium,Basic Education
STD261433,1,1,3,9254,1,1,129.0,1,37,38,7,7,122.0,1,0,0,1,0,1,18,0,0,6,9,6,10.833333333333334,0,0,6,8,5,11.0,0,7.6,2.6,0.32,Enrolled,Low,Tourism
STD261434,1,16,3,9070,1,1,152.0,1,1,38,4,8,156.9,1,0,0,1,0,0,19,0,0,6,6,6,15.333333333333334,0,0,6,9,6,15.833333333333334,0,12.7,3.7,-1.7,Graduate,Low,Communication Design
STD261435,1,1,2,9500,1,1,130.0,1,1,38,9,9,125.1,1,0,0,1,0,1,18,0,0,7,9,6,12.816666666666668,0,0,8,11,6,12.875,0,11.1,0.6,2.02,Enrolled,Low,Nursing
STD261436,1,15,1,9147,1,1,133.1,41,41,1,3,4,100.0,0,0,1,0,1,0,26,1,6,7,7,6,13.0,0,2,6,6,2,14.0,0,11.1,0.6,2.02,Dropout,High,Management
STD261437,1,15,1,9119,1,1,160.0,32,1,3,143,152,160.0,0,0,1,1,0,0,19,1,0,6,11,2,13.5,1,0,5,11,2,11.0,0,8.9,1.4,3.51,Enrolled,High,Informatics Engineering
STD261438,2,39,1,8014,0,1,140.0,1,37,37,9,9,101.0,0,0,0,1,0,0,35,0,0,6,7,6,12.5,0,0,6,6,6,12.166666666666666,0,15.5,2.8,-4.06,Graduate,Low,Social Service (evening attendance)
STD261439,1,18,1,9670,1,1,133.0,1,1,1,9,9,121.5,1,0,0,1,0,1,19,0,0,6,7,6,13.0,0,0,6,6,6,14.333333333333334,0,12.4,0.5,1.79,Graduate,Low,Advertising and Marketing Management
STD261440,1,1,1,9085,1,1,138.0,1,38,37,9,6,126.8,1,0,0,1,1,0,18,0,0,5,6,4,11.75,0,0,5,10,5,12.571428571428571,1,10.8,1.4,1.74,Graduate,Low,Veterinary Nursing
STD261441,1,1,5,9670,1,1,142.0,1,19,19,7,3,132.9,0,0,0,1,1,0,19,0,0,5,5,4,12.5,0,0,5,5,4,14.25,0,7.6,2.6,0.32,Graduate,Low,Advertising and Marketing Management
STD261442,1,1,1,171,1,1,115.0,1,1,1,9,9,134.3,1,0,0,1,1,0,25,0,16,17,19,17,11.61111111111111,0,14,17,22,17,12.055555555555555,0,12.4,0.5,1.79,Graduate,Low,Animation and Multimedia Design
STD261443,1,17,6,9254,1,1,125.0,1,1,1,4,3,120.5,1,0,0,1,1,0,18,0,0,6,6,6,14.0,0,0,6,6,6,14.666666666666666,0,11.1,0.6,2.02,Graduate,Low,Tourism
STD261444,1,17,1,9003,1,1,170.0,1,1,4,9,5,144.1,1,0,1,0,1,0,26,0,0,6,8,0,0.0,0,0,6,10,0,0.0,0,16.2,0.3,-0.92,Dropout,High,Agronomy
STD261445,1,43,1,9991,0,1,140.0,1,1,1,6,6,100.0,0,0,0,1,1,0,34,0,0,5,5,5,13.8,0,0,5,6,5,13.833333333333334,0,9.4,-0.8,-3.12,Graduate,Low,Management (evening attendance)
STD261446,1,1,2,9254,1,1,110.0,1,4,19,4,3,114.8,1,0,0,0,1,0,18,0,0,5,6,0,0.0,0,0,5,5,0,0.0,0,12.7,3.7,-1.7,Dropout,High,Tourism
STD261447,1,1,1,171,1,1,114.0,1,3,29,3,5,111.9,0,0,0,0,1,0,18,0,0,0,0,0,0.0,0,0,0,0,0,0.0,0,9.4,-0.8,-3.12,Dropout,High,Animation and Multimedia Design
STD261448,1,17,3,9119,1,1,138.0,1,1,19,4,3,125.4,1,0,0,1,1,1,18,0,0,5,9,4,12.25,0,0,5,9,3,12.333333333333334,0,8.9,1.4,3.51,Dropout,Low,Informatics Engineering
STD261449,1,44,1,9003,1,39,140.0,1,37,37,9,4,140.0,0,0,0,1,1,0,20,0,0,6,12,3,11.5,0,0,6,12,3,13.666666666666666,0,12.4,0.5,1.79,Dropout,Medium,Agronomy
STD261450,1,44,1,9070,1,39,140.0,1,1,19,4,4,140.0,0,0,0,1,1,0,25,0,2,7,9,6,12.571428571428571,0,5,9,9,9,12.555555555555555,0,16.2,0.3,-0.92,Graduate,Low,Communication Design
STD261451,1,17,1,9130,1,1,132.0,1,2,1,4,1,127.8,0,0,0,1,1,0,18,0,0,6,9,6,12.0,0,0,6,10,5,12.166666666666666,0,11.1,0.6,2.02,Dropout,Low,Equinculture
STD261452,1,1,1,9003,1,1,148.0,1,19,37,9,9,131.6,1,0,0,1,1,0,19,0,8,12,17,11,12.0,2,4,12,21,12,12.307692307692308,0,15.5,2.8,-4.06,Graduate,Low,Agronomy
STD261453,1,1,1,171,1,1,132.0,1,1,1,4,1,119.4,1,0,0,1,1,0,20,0,0,0,0,0,0.0,0,0,0,0,0,0.0,0,10.8,1.4,1.74,Dropout,High,Animation and Multimedia Design
STD261454,1,18,2,9238,1,1,126.0,1,19,37,5,7,129.9,1,0,0,1,1,1,20,0,1,7,9,6,12.0,0,2,6,6,6,11.166666666666666,0,10.8,1.4,1.74,Graduate,Low,Social Service
STD261455,1,1,1,9119,1,1,121.0,1,3,1,2,3,114.0,0,0,0,1,1,0,20,0,0,5,9,4,11.6,0,0,5,7,4,12.25,2,7.6,2.6,0.32,Enrolled,Low,Informatics Engineering
STD261456,1,1,2,9147,1,1,120.0,1,1,37,4,9,113.4,1,0,0,1,1,1,19,0,0,5,5,0,0.0,0,0,5,5,0,0.0,0,11.1,0.6,2.02,Dropout,High,Management
STD261457,1,1,1,9147,1,1,123.0,1,1,19,4,5,117.8,0,0,0,1,1,0,20,0,0,5,9,5,12.0,0,0,5,9,4,13.0,0,8.9,1.4,3.51,Enrolled,Low,Management
STD261458,1,1,6,9500,1,1,122.0,1,1,1,3,7,114.3,1,0,0,1,1,0,18,0,0,7,8,6,13.976666666666668,0,0,8,12,6,12.041666666666666,1,11.1,0.6,2.02,Enrolled,Low,Nursing
STD261459,1,1,1,9670,1,1,136.0,1,2,38,143,163,129.7,1,0,0,1,1,0,19,0,0,6,10,4,12.5,0,0,6,12,1,10.0,3,16.2,0.3,-0.92,Enrolled,Medium,Advertising and Marketing Management
STD261460,1,18,1,9147,1,1,119.0,1,37,37,7,7,112.0,1,0,0,0,1,0,20,0,0,5,5,0,0.0,0,0,5,0,0,0.0,0,9.4,-0.8,-3.12,Dropout,High,Management
STD261461,1,39,1,9670,1,1,120.0,1,38,37,7,7,140.0,0,0,0,1,1,0,24,0,0,6,15,4,10.5,0,0,6,16,4,12.5,0,15.5,2.8,-4.06,Dropout,Medium,Advertising and Marketing Management
STD261462,1,44,1,9003,1,39,150.0,1,38,38,9,8,150.0,1,0,0,1,1,0,20,0,0,6,8,5,12.857142857142858,0,0,6,11,6,12.3,0,16.2,0.3,-0.92,Graduate,Low,Agronomy
STD261463,1,1,3,9670,1,1,121.0,1,3,19,2,8,122.4,1,0,0,1,1,0,19,0,0,5,7,3,11.666666666666666,0,0,5,5,4,12.0,0,9.4,-0.8,-3.12,Enrolled,Medium,Advertising and Marketing Management
STD261464,1,51,1,9119,1,1,140.0,1,1,19,4,4,150.0,0,0,0,1,1,0,23,0,0,5,7,2,13.0,0,0,5,11,1,10.0,0,8.9,1.4,3.51,Dropout,High,Informatics Engineering
STD261465,1,17,2,9254,1,1,135.0,1,19,19,4,3,135.0,1,0,0,1,1,0,20,0,0,6,8,6,11.833333333333334,0,0,6,9,5,10.4,0,7.6,2.6,0.32,Enrolled,Low,Tourism
STD261466,1,43,4,8014,0,1,116.0,1,34,34,0,0,116.2,0,0,0,1,1,0,21,0,9,11,11,11,12.454545454545457,0,3,11,17,8,12.75,0,9.4,-0.8,-3.12,Graduate,Low,Social Service (evening attendance)
STD261467,1,17,2,9119,1,1,120.0,1,10,12,9,9,120.4,1,0,0,1,1,0,20,0,0,5,6,3,11.0,0,0,5,6,0,0.0,0,10.8,1.4,1.74,Dropout,Medium,Informatics Engineering
STD261468,2,17,5,9119,1,1,126.0,1,37,38,4,4,122.9,1,0,0,1,1,0,21,0,0,5,10,4,13.2,0,0,5,7,4,14.25,2,7.6,2.6,0.32,Enrolled,Low,Informatics Engineering
STD261469,1,1,1,9773,1,1,170.0,1,1,19,9,7,155.0,0,0,0,1,1,1,18,0,0,6,6,6,15.5,0,0,6,6,6,14.166666666666666,0,11.1,0.6,2.02,Graduate,Low,Journalism and Communication
STD261470,1,1,3,9254,1,1,123.0,1,1,1,4,3,123.4,1,0,0,1,1,0,18,0,0,6,8,6,12.333333333333334,0,0,6,6,6,13.666666666666666,0,11.1,0.6,2.02,Graduate,Low,Tourism
STD261471,1,17,1,9147,1,1,120.0,1,3,38,3,7,124.2,1,0,0,1,1,0,18,0,0,5,13,5,12.0,0,0,5,9,4,11.4,0,13.9,-0.3,0.79,Enrolled,Low,Management
STD261472,1,44,1,9003,1,39,130.0,1,3,3,7,1,130.0,1,0,0,1,1,0,20,0,0,6,12,4,11.6,0,0,6,11,5,11.5,0,15.5,2.8,-4.06,Enrolled,Medium,Agronomy
STD261473,1,17,1,9773,1,1,130.0,1,19,38,4,9,126.2,0,0,0,1,1,1,18,0,0,6,7,6,11.333333333333334,0,0,6,8,6,12.285714285714286,0,16.2,0.3,-0.92,Graduate,Low,Journalism and Communication
STD261474,1,17,1,9773,1,1,117.0,1,37,37,0,4,120.5,1,0,0,1,1,0,19,0,0,6,12,0,0.0,1,0,6,0,0,0.0,0,9.4,-0.8,-3.12,Dropout,High,Journalism and Communication
STD261475,1,17,1,9119,1,1,131.0,1,1,3,9,10,123.7,1,0,0,1,1,0,20,0,0,5,7,4,12.0,0,0,5,8,2,12.5,0,10.8,1.4,1.74,Enrolled,Low,Informatics Engineering
STD261476,1,17,1,9130,1,1,130.0,1,19,38,4,7,122.5,0,0,0,1,1,0,19,0,0,5,11,4,12.0,1,0,5,9,5,12.6,0,9.4,-0.8,-3.12,Graduate,Low,Equinculture
STD261477,1,39,1,9991,0,1,133.0,1,37,37,9,5,139.2,1,0,1,1,1,0,33,0,0,5,11,2,12.5,0,0,5,9,2,11.5,1,12.7,3.7,-1.7,Dropout,High,Management (evening attendance)
STD261478,1,51,1,171,1,1,128.0,1,2,1,3,3,131.2,1,0,0,1,1,0,21,0,6,12,12,12,13.666666666666666,0,4,11,16,11,13.0,0,8.9,1.4,3.51,Graduate,Low,Animation and Multimedia Design
STD261479,2,39,1,9003,1,1,133.1,1,1,19,4,4,120.0,0,0,1,0,1,0,25,0,0,6,17,2,14.5,2,0,6,13,0,0.0,1,15.5,2.8,-4.06,Dropout,High,Agronomy
STD261480,1,1,1,9085,1,1,123.0,1,1,1,4,9,116.7,1,0,0,1,1,1,20,0,0,6,10,4,13.2,0,0,6,8,0,0.0,0,12.4,0.5,1.79,Dropout,Medium,Veterinary Nursing
STD261481,1,53,1,9085,1,42,150.0,1,1,1,9,4,150.0,1,0,0,1,1,1,22,0,1,7,11,5,12.166666666666666,0,4,8,14,5,14.8,0,8.9,1.4,3.51,Dropout,Medium,Veterinary Nursing
STD261482,4,39,1,9773,1,19,133.1,1,37,37,9,1,117.5,0,0,0,1,0,0,39,0,0,6,10,4,11.25,0,0,6,6,6,11.333333333333334,0,10.8,1.4,1.74,Graduate,Medium,Journalism and Communication
STD261483,1,1,2,9670,1,1,140.0,1,3,1,2,6,137.6,1,0,0,1,1,1,21,0,0,6,8,6,15.166666666666666,0,0,6,7,6,14.428571428571429,0,8.9,1.4,3.51,Graduate,Low,Advertising and Marketing Management
STD261484,1,17,1,9254,1,1,126.0,1,1,1,9,9,124.3,0,0,0,1,0,1,19,0,0,6,8,6,11.166666666666666,0,0,6,7,4,13.4,0,16.2,0.3,-0.92,Graduate,Low,Tourism
STD261485,1,39,1,9500,1,19,133.1,1,37,37,9,7,116.0,0,0,0,1,0,1,26,0,0,7,8,6,10.983333333333334,0,0,7,8,6,10.983333333333334,0,7.6,2.6,0.32,Graduate,Low,Nursing
STD261486,1,18,2,9238,1,1,121.0,1,19,1,4,3,121.4,1,0,0,1,0,1,19,0,0,6,8,4,10.75,0,0,6,11,5,11.5,0,15.5,2.8,-4.06,Graduate,Medium,Social Service
STD261487,1,53,1,9085,1,42,140.0,1,1,3,4,2,142.8,1,0,0,0,0,1,20,0,7,12,15,11,13.384615384615383,0,4,9,13,7,14.285714285714286,0,8.9,1.4,3.51,Graduate,High,Veterinary Nursing
STD261488,1,17,1,9670,1,1,133.1,1,1,37,4,9,96.0,1,0,0,1,0,1,25,0,0,6,8,6,11.285714285714286,0,0,6,10,5,12.2,0,15.5,2.8,-4.06,Enrolled,Low,Advertising and Marketing Management
STD261489,1,43,1,8014,0,1,131.0,1,19,37,8,5,125.0,0,0,0,1,1,0,24,0,0,6,13,0,0.0,3,0,6,6,0,0.0,0,16.2,0.3,-0.92,Dropout,High,Social Service (evening attendance)
STD261490,1,17,6,9119,1,1,124.0,1,19,19,4,0,126.1,1,0,0,1,1,0,20,0,0,5,7,4,13.0,0,0,5,9,5,14.833333333333334,3,7.6,2.6,0.32,Graduate,Low,Informatics Engineering
STD261491,2,39,1,9003,1,1,120.0,1,37,37,9,9,155.8,0,0,0,1,1,0,29,0,0,6,9,6,16.11111111111111,0,0,6,7,6,13.5,0,13.9,-0.3,0.79,Graduate,Low,Agronomy
STD261492,1,1,1,9773,1,1,133.1,1,1,3,9,9,116.0,0,0,0,1,1,0,20,0,0,6,8,6,11.5,0,0,6,8,6,11.0,0,16.2,0.3,-0.92,Graduate,Low,Journalism and Communication
STD261493,1,44,1,9130,1,39,110.0,1,3,4,2,2,110.0,1,0,0,1,1,0,20,0,0,6,15,4,10.75,0,0,6,12,2,10.5,0,13.9,-0.3,0.79,Dropout,Medium,Equinculture
STD261494,1,39,1,9670,1,19,133.1,1,19,1,5,8,97.2,1,0,0,1,1,1,24,0,0,6,10,4,11.6,0,0,6,8,5,13.0,0,11.1,0.6,2.02,Graduate,Medium,Advertising and Marketing Management
STD261495,1,39,1,9500,1,19,133.1,1,1,3,2,2,100.0,0,0,1,1,1,0,24,0,0,7,21,0,0.0,3,0,7,7,0,0.0,0,16.2,0.3,-0.92,Dropout,High,Nursing
STD261496,1,7,1,9119,1,40,140.0,1,3,1,2,5,140.0,0,0,0,1,1,0,23,0,0,5,5,5,13.8,0,0,5,7,5,14.142857142857142,0,11.1,0.6,2.02,Graduate,Low,Informatics Engineering
STD261497,1,43,1,9556,1,1,130.0,1,1,37,5,5,128.0,1,0,0,1,1,0,20,0,0,7,8,7,13.585714285714284,0,0,8,8,8,14.6875,0,15.5,2.8,-4.06,Graduate,Low,Oral Hygiene
STD261498,1,17,2,9670,1,1,110.0,1,1,1,4,10,115.3,1,0,0,1,1,0,19,0,0,6,8,6,13.857142857142858,0,0,6,8,5,13.0,0,15.5,2.8,-4.06,Graduate,Low,Advertising and Marketing Management
STD261499,4,39,1,9003,1,1,140.0,1,37,37,9,8,150.0,0,0,0,1,1,0,28,0,0,6,12,5,12.0,0,0,6,10,6,12.333333333333334,0,11.1,0.6,2.02,Enrolled,Low,Agronomy
STD261500,1,44,1,9003,1,39,160.0,1,1,38,4,4,160.0,1,0,0,1,1,1,20,0,0,6,9,6,13.444444444444445,0,0,6,9,5,12.6,0,13.9,-0.3,0.79,Graduate,Low,Agronomy
STD261501,1,1,1,9070,1,1,138.0,1,38,37,3,3,133.1,0,0,0,1,1,0,18,0,0,6,6,6,14.0,0,0,6,7,6,13.857142857142858,0,8.9,1.4,3.51,Graduate,Low,Communication Design
STD261502,1,1,1,9670,1,1,126.0,1,1,1,90,90,119.0,1,0,1,1,1,0,20,0,0,6,10,1,12.0,1,0,6,0,0,0.0,0,10.8,1.4,1.74,Dropout,High,Advertising and Marketing Management
STD261503,2,39,1,9991,0,1,120.0,1,37,19,5,3,156.0,1,0,0,1,1,0,33,0,0,5,5,5,14.2,0,0,5,6,5,13.833333333333334,0,10.8,1.4,1.74,Graduate,Low,Management (evening attendance)
STD261504,2,39,1,9500,1,1,130.0,1,37,37,191,183,163.7,0,0,0,1,0,0,35,0,0,7,11,5,13.34,0,0,7,9,5,10.84,0,12.4,0.5,1.79,Enrolled,Medium,Nursing
STD261505,1,39,1,9500,1,40,130.0,1,37,37,9,7,130.0,0,0,0,1,0,0,27,0,3,8,12,7,12.457142857142856,0,3,8,12,7,12.457142857142856,0,12.7,3.7,-1.7,Enrolled,Low,Nursing
STD261506,1,17,5,9773,1,1,122.0,1,38,38,7,7,123.1,1,0,0,0,0,0,19,0,0,6,12,3,11.0,0,0,6,12,3,12.0,0,9.4,-0.8,-3.12,Dropout,High,Journalism and Communication
STD261507,1,39,1,9991,0,1,160.0,41,37,19,9,9,160.0,0,0,0,1,0,1,31,1,0,5,13,4,10.5,0,0,5,10,4,10.5,0,15.5,2.8,-4.06,Enrolled,Low,Management (evening attendance)
STD261508,1,1,1,171,1,1,134.0,1,19,37,7,7,136.1,1,0,0,1,1,0,19,0,0,0,0,0,0.0,0,0,0,0,0,0.0,0,9.4,-0.8,-3.12,Graduate,High,Animation and Multimedia Design
STD261509,1,43,1,9070,1,1,134.0,1,19,37,7,7,132.7,1,0,0,1,1,0,22,0,9,13,13,13,14.0,0,7,12,13,12,13.0,0,15.5,2.8,-4.06,Graduate,Low,Communication Design
STD261510,1,43,1,9500,1,1,140.0,100,1,1,6,6,128.2,0,0,0,1,0,0,39,1,0,7,0,0,0.0,0,0,8,0,0,0.0,0,12.7,3.7,-1.7,Dropout,High,Nursing
STD261511,1,17,1,9254,1,1,127.0,1,1,1,4,8,126.7,1,0,0,0,1,0,22,0,0,1,1,0,0.0,0,0,6,0,0,0.0,0,12.4,0.5,1.79,Dropout,High,Tourism
STD261512,2,39,1,9991,0,1,133.1,1,37,19,9,10,150.0,0,0,0,1,1,0,47,0,0,5,8,4,10.0,0,0,5,8,4,12.5,0,9.4,-0.8,-3.12,Enrolled,Low,Management (evening attendance)
STD261513,1,17,1,171,1,1,143.0,1,19,37,5,9,156.3,1,0,0,1,1,1,19,0,0,0,0,0,0.0,0,0,0,0,0,0.0,0,11.1,0.6,2.02,Graduate,High,Animation and Multimedia Design
STD261514,1,10,1,9254,1,1,115.0,24,3,1,9,9,116.1,1,0,0,1,0,0,19,1,0,6,6,6,13.5,0,0,6,6,6,14.333333333333334,0,12.4,0.5,1.79,Graduate,Low,Tourism
STD261515,1,17,1,9500,1,1,131.0,1,19,37,9,9,123.8,1,0,0,1,0,0,19,0,0,7,0,0,0.0,0,0,8,0,0,0.0,0,15.5,2.8,-4.06,Dropout,High,Nursing
STD261516,1,1,1,171,1,1,146.0,1,19,37,9,7,153.0,1,0,0,1,0,1,21,0,15,17,18,17,13.38888888888889,0,15,17,18,17,14.88888888888889,0,11.1,0.6,2.02,Graduate,Low,Animation and Multimedia Design
STD261517,1,7,1,9500,1,5,140.0,1,19,1,4,1,140.0,1,0,0,0,0,0,39,0,0,7,0,0,0.0,0,0,8,0,0,0.0,0,12.4,0.5,1.79,Dropout,High,Nursing
STD261518,1,17,1,171,1,1,135.0,1,19,1,4,1,131.9,1,0,0,1,1,0,19,0,6,12,12,12,13.583333333333334,0,4,11,12,11,13.583333333333334,0,8.9,1.4,3.51,Graduate,Low,Animation and Multimedia Design
STD261519,1,1,1,171,1,1,133.0,1,37,19,9,8,141.4,0,0,0,1,1,1,20,0,0,0,0,0,0.0,0,0,0,0,0,0.0,0,13.9,-0.3,0.79,Enrolled,High,Animation and Multimedia Design
STD261520,1,39,1,9147,1,12,133.1,1,1,1,9,4,140.0,1,0,1,0,1,0,24,0,0,5,5,0,0.0,0,0,5,5,0,0.0,0,12.7,3.7,-1.7,Dropout,High,Management
STD261521,1,39,1,9991,0,1,120.0,1,19,19,9,9,115.0,1,0,0,1,1,0,27,0,0,5,9,1,10.0,0,0,5,5,0,0.0,0,12.7,3.7,-1.7,Dropout,High,Management (evening attendance)
STD261522,2,39,1,9991,0,1,133.1,1,37,37,9,9,168.0,0,0,0,1,1,0,29,0,0,5,5,5,15.2,0,0,5,5,5,15.2,0,11.1,0.6,2.02,Graduate,Low,Management (evening attendance)
STD261523,1,17,1,9085,1,1,130.0,1,19,1,9,4,101.3,1,0,0,1,1,0,20,0,0,6,12,4,12.8,0,0,6,17,0,0.0,0,12.4,0.5,1.79,Dropout,Medium,Veterinary Nursing
STD261524,1,1,1,9670,1,1,125.0,1,19,1,7,4,122.6,0,0,0,1,1,0,21,0,0,5,7,5,11.166666666666666,0,0,5,5,4,11.0,0,9.4,-0.8,-3.12,Dropout,Low,Advertising and Marketing Management
STD261525,1,1,1,171,1,1,134.0,1,3,2,2,2,141.7,1,0,0,1,1,0,18,0,0,0,0,0,0.0,0,0,0,0,0,0.0,0,7.6,2.6,0.32,Enrolled,High,Animation and Multimedia Design
STD261526,1,1,1,9500,1,1,151.0,1,1,1,4,3,132.3,0,0,0,1,1,0,19,0,0,8,9,7,12.828571428571427,0,0,8,9,7,12.828571428571427,0,12.7,3.7,-1.7,Graduate,Low,Nursing
STD261527,1,17,1,9773,1,1,112.0,1,1,1,5,1,111.7,0,0,1,0,1,0,19,0,0,6,6,6,12.5,0,0,6,10,4,12.6,0,15.5,2.8,-4.06,Dropout,High,Journalism and Communication
STD261528,1,39,1,9119,1,1,120.0,1,37,37,9,9,98.7,0,0,0,1,1,1,28,0,0,5,12,3,10.0,0,0,5,10,3,12.4,0,12.4,0.5,1.79,Graduate,Medium,Informatics Engineering
STD261529,1,15,1,9254,1,1,140.0,26,19,1,9,7,140.0,1,0,0,0,0,0,21,1,0,6,6,6,11.5,0,0,6,10,4,13.25,0,13.9,-0.3,0.79,Graduate,High,Tourism
STD261530,1,10,1,9500,1,1,140.0,24,3,3,2,9,140.0,1,0,1,0,0,0,23,1,0,8,11,7,11.328571428571427,0,0,8,11,7,11.328571428571427,0,12.7,3.7,-1.7,Dropout,High,Nursing
STD261531,4,39,1,9003,1,1,133.1,1,19,19,9,4,100.7,0,0,0,1,0,0,39,0,0,6,15,2,13.0,2,0,6,13,3,13.0,1,15.5,2.8,-4.06,Enrolled,High,Agronomy
STD261532,1,17,3,9500,1,1,143.0,1,38,1,9,5,133.8,1,0,0,1,0,0,18,0,0,7,7,6,13.033333333333331,0,0,7,7,6,13.033333333333331,0,7.6,2.6,0.32,Graduate,Low,Nursing
STD261533,2,15,1,9773,1,1,133.1,41,37,37,9,6,100.0,0,0,0,1,0,0,59,1,0,6,8,6,12.166666666666666,0,0,6,7,4,11.75,0,11.1,0.6,2.02,Graduate,Low,Journalism and Communication
STD261534,1,7,1,9119,1,4,180.0,1,4,3,2,7,180.0,0,0,1,1,1,0,30,0,0,5,6,4,14.5,0,0,5,10,3,16.2,0,13.9,-0.3,0.79,Enrolled,Low,Informatics Engineering
STD261535,1,1,1,9085,1,1,136.0,1,1,38,9,9,130.8,1,0,0,1,0,0,18,0,0,5,7,5,14.4,1,0,5,5,5,13.6,0,12.7,3.7,-1.7,Graduate,Low,Veterinary Nursing
STD261536,2,44,1,9991,0,39,140.0,1,37,37,9,9,140.0,0,0,0,1,0,0,41,0,2,6,10,4,12.25,0,3,7,9,6,12.5,0,9.4,-0.8,-3.12,Enrolled,Medium,Management (evening attendance)
STD261537,1,39,1,9500,1,1,130.0,1,37,19,9,8,106.2,1,0,0,1,0,0,27,0,0,7,14,0,0.0,0,0,7,14,0,0.0,0,11.1,0.6,2.02,Dropout,High,Nursing
STD261538,1,1,1,9238,1,1,141.0,1,38,19,9,10,125.6,1,0,0,1,0,1,18,0,0,6,6,6,12.666666666666666,0,0,6,6,6,12.0,0,9.4,-0.8,-3.12,Graduate,Low,Social Service
STD261539,1,18,5,9853,1,1,121.0,1,38,19,7,7,117.5,1,0,1,0,0,0,20,0,0,6,14,2,12.0,0,0,6,14,3,11.666666666666666,0,10.8,1.4,1.74,Dropout,High,Basic Education
STD261540,2,39,1,9119,1,3,120.0,1,37,37,4,7,122.5,0,0,0,0,0,0,32,0,0,5,6,0,0.0,0,0,5,5,0,0.0,0,12.7,3.7,-1.7,Dropout,High,Informatics Engineering
STD261541,1,17,1,9147,1,1,129.0,1,38,37,3,5,132.9,1,0,0,1,0,0,19,0,0,5,5,3,11.666666666666666,0,0,5,10,4,10.8,0,9.4,-0.8,-3.12,Dropout,Medium,Management
STD261542,2,39,1,9853,1,12,133.1,1,37,37,7,8,103.0,0,0,0,1,0,0,41,0,0,6,0,0,0.0,0,0,6,0,0,0.0,0,16.2,0.3,-0.92,Dropout,High,Basic Education
STD261543,4,17,5,8014,0,1,100.0,1,19,19,90,90,107.0,0,0,0,1,0,0,38,0,0,5,12,1,10.0,0,0,5,10,0,0.0,0,10.8,1.4,1.74,Dropout,High,Social Service (evening attendance)
STD261544,1,7,1,9130,1,2,133.1,6,42,1,4,9,100.0,0,0,0,1,1,0,35,1,0,7,8,0,0.0,1,0,6,9,0,0.0,0,8.9,1.4,3.51,Dropout,High,Equinculture
STD261545,1,39,1,8014,0,1,133.1,1,34,34,0,0,100.0,1,0,0,1,0,0,27,0,0,6,11,4,12.25,0,0,6,16,3,12.0,0,7.6,2.6,0.32,Dropout,Medium,Social Service (evening attendance)
STD261546,1,17,1,9070,1,1,139.0,1,1,37,4,9,131.3,1,0,0,1,0,0,19,0,0,6,10,4,12.0,1,0,6,6,6,12.5,0,7.6,2.6,0.32,Graduate,Medium,Communication Design
STD261547,1,18,1,9773,1,1,125.0,1,19,37,9,5,122.2,0,0,0,0,0,0,18,0,0,6,7,5,12.6,0,0,6,6,5,11.8,0,11.1,0.6,2.02,Enrolled,High,Journalism and Communication
STD261548,2,39,1,9991,0,9,133.1,1,34,34,0,0,118.4,0,0,0,0,0,0,39,0,0,5,5,0,0.0,0,0,5,5,0,0.0,0,7.6,2.6,0.32,Dropout,High,Management (evening attendance)
STD261549,2,7,1,9254,1,2,100.0,1,37,37,9,9,100.0,0,0,0,0,0,0,37,0,0,5,5,0,0.0,0,0,5,10,0,0.0,0,10.8,1.4,1.74,Dropout,High,Tourism
STD261550,5,39,1,9500,1,1,110.0,1,38,38,9,9,110.0,0,0,0,0,0,0,37,0,0,8,8,0,0.0,1,0,8,8,0,0.0,1,12.7,3.7,-1.7,Dropout,High,Nursing
STD261551,2,43,1,8014,0,1,133.1,1,34,34,0,0,100.0,0,0,0,1,0,1,35,0,11,16,16,16,12.6875,0,11,13,13,13,12.0,0,9.4,-0.8,-3.12,Graduate,Low,Social Service (evening attendance)
STD261552,1,43,1,9147,1,1,123.0,1,37,37,9,9,106.2,0,0,0,1,0,0,49,0,9,13,22,10,10.4,0,4,9,18,6,10.666666666666666,0,12.7,3.7,-1.7,Graduate,Low,Management
STD261553,1,7,1,9147,1,40,110.0,1,37,37,9,9,110.0,0,0,0,1,0,0,52,0,11,15,26,14,10.466666666666669,0,9,12,16,12,10.923076923076923,0,13.9,-0.3,0.79,Graduate,Low,Management
STD261554,1,1,2,9085,1,1,130.0,1,1,38,5,5,122.3,1,0,0,1,0,0,18,0,0,5,10,5,14.333333333333334,2,0,5,8,5,13.0,1,9.4,-0.8,-3.12,Graduate,Low,Veterinary Nursing
STD261555,1,39,1,8014,0,1,133.1,1,37,37,9,9,112.5,0,0,0,1,0,1,30,0,0,7,7,6,14.666666666666666,1,0,6,7,6,14.333333333333334,0,10.8,1.4,1.74,Graduate,Low,Social Service (evening attendance)
STD261556,1,1,2,9500,1,1,97.0,1,1,19,2,7,98.1,1,0,0,1,0,0,21,0,0,7,7,7,12.835714285714284,0,0,8,8,8,14.23125,0,11.1,0.6,2.02,Graduate,Low,Nursing
STD261557,1,1,1,9119,1,1,130.0,1,37,19,9,5,140.2,1,0,0,1,1,0,20,0,0,5,5,0,0.0,0,0,5,0,0,0.0,0,9.4,-0.8,-3.12,Dropout,High,Informatics Engineering
STD261558,1,17,1,9147,1,1,139.0,1,1,38,6,6,143.6,1,0,1,1,1,0,18,0,0,5,9,0,0.0,0,0,5,5,0,0.0,0,7.6,2.6,0.32,Enrolled,High,Management
STD261559,1,16,1,171,1,1,150.0,1,37,37,9,9,134.6,1,0,0,1,1,0,19,0,0,0,0,0,0.0,0,0,0,0,0,0.0,0,7.6,2.6,0.32,Dropout,High,Animation and Multimedia Design
STD261560,1,1,3,9500,1,1,141.0,1,3,19,2,10,126.8,1,0,0,1,1,0,18,0,0,8,8,8,13.24875,0,0,8,8,8,13.24875,0,9.4,-0.8,-3.12,Graduate,Low,Nursing
STD261561,1,15,1,33,1,1,133.1,41,2,3,2,4,100.0,0,0,0,1,1,0,20,1,0,7,10,7,12.857142857142858,0,0,7,7,4,12.75,0,8.9,1.4,3.51,Enrolled,Low,Biofuel Production Technologies
STD261562,1,17,1,9130,1,1,137.0,1,38,19,5,7,130.0,1,0,0,1,0,0,21,0,0,6,12,5,13.6,0,0,6,10,4,14.25,0,12.4,0.5,1.79,Enrolled,Low,Equinculture
STD261563,1,1,4,9147,1,1,116.0,1,1,1,3,4,113.6,1,0,0,1,0,1,22,0,0,5,6,3,14.0,0,0,5,8,5,12.4,0,11.1,0.6,2.02,Graduate,Medium,Management
STD261564,1,44,1,9130,1,39,140.0,1,19,19,5,5,140.0,1,0,1,0,0,0,20,0,1,6,11,3,12.0,0,0,6,11,2,11.0,0,12.4,0.5,1.79,Enrolled,High,Equinculture
STD261565,1,17,4,9085,1,1,106.0,1,37,1,3,9,106.0,0,0,0,1,0,0,20,0,0,6,9,6,13.166666666666666,0,0,6,8,4,14.0,0,13.9,-0.3,0.79,Enrolled,Low,Veterinary Nursing
STD261566,1,17,6,9238,1,1,135.0,1,1,19,7,7,126.6,1,0,0,1,0,1,19,0,0,6,8,6,13.625,0,0,6,7,6,12.166666666666666,0,12.7,3.7,-1.7,Graduate,Low,Social Service
STD261567,1,17,5,9500,1,1,144.0,1,19,38,9,5,130.7,1,0,0,1,0,1,18,0,0,7,8,7,14.85,0,0,8,9,8,15.61111111111111,0,13.9,-0.3,0.79,Graduate,Low,Nursing
STD261568,1,1,2,9147,1,1,108.0,1,1,19,4,4,105.9,1,0,0,1,1,0,21,0,0,5,9,4,10.75,0,0,5,6,5,11.4,0,11.1,0.6,2.02,Graduate,Low,Management
STD261569,1,15,1,9556,1,1,137.0,26,19,1,9,4,137.0,0,0,1,1,0,0,19,1,0,7,11,0,0.0,4,0,7,11,2,11.666666666666666,0,8.9,1.4,3.51,Enrolled,High,Oral Hygiene
STD261570,1,43,1,9130,1,1,133.1,6,37,37,9,6,100.0,0,0,0,1,0,0,37,1,0,6,0,0,0.0,0,0,6,0,0,0.0,0,13.9,-0.3,0.79,Dropout,High,Equinculture
STD261571,2,1,1,8014,0,1,121.0,1,37,37,9,9,114.4,1,0,0,1,0,0,45,0,8,12,14,12,14.0,0,2,7,12,7,13.857142857142858,0,7.6,2.6,0.32,Enrolled,Low,Social Service (evening attendance)
STD261572,1,39,1,9003,1,19,133.1,1,37,37,9,10,120.0,0,0,1,0,1,0,38,0,0,6,8,0,0.0,0,0,6,10,0,0.0,0,16.2,0.3,-0.92,Dropout,High,Agronomy
STD261573,6,39,1,9991,0,12,130.0,1,37,37,90,90,119.0,1,0,0,0,1,0,55,0,0,5,5,0,0.0,0,0,5,5,0,0.0,0,7.6,2.6,0.32,Dropout,High,Management (evening attendance)
STD261574,5,39,1,9003,1,1,133.1,1,37,37,9,7,110.0,0,0,1,0,0,0,28,0,0,6,17,5,13.0,0,0,6,11,4,11.75,0,13.9,-0.3,0.79,Dropout,High,Agronomy
STD261575,5,7,1,9991,0,2,120.0,1,37,37,6,6,120.0,0,0,0,1,0,0,46,0,6,8,12,8,12.375,0,4,9,11,5,12.4,0,8.9,1.4,3.51,Graduate,Low,Management (evening attendance)
STD261576,1,1,4,171,1,1,131.0,1,19,19,4,4,119.8,1,1,0,1,0,0,22,0,0,0,0,0,0.0,0,0,0,0,0,0.0,0,16.2,0.3,-0.92,Graduate,High,Animation and Multimedia Design
STD261577,2,39,2,9670,1,19,133.1,1,37,37,9,9,135.6,0,0,0,1,0,0,46,0,0,6,10,5,11.4,0,0,6,9,4,13.75,0,12.4,0.5,1.79,Dropout,Low,Advertising and Marketing Management
STD261578,1,39,1,9991,0,1,100.0,1,19,37,5,5,120.7,0,0,0,1,0,0,28,0,0,5,9,4,11.25,0,0,5,7,4,13.0,0,7.6,2.6,0.32,Enrolled,Low,Management (evening attendance)
STD261579,1,1,3,9085,1,1,131.0,1,37,19,9,8,136.3,1,0,1,0,0,0,18,0,0,5,7,3,13.0,0,0,5,8,3,12.0,0,7.6,2.6,0.32,Dropout,High,Veterinary Nursing
STD261580,1,16,1,171,1,1,158.0,1,38,37,9,9,164.3,1,0,0,1,1,1,18,0,0,0,0,0,0.0,0,0,0,0,0,0.0,0,10.8,1.4,1.74,Enrolled,High,Animation and Multimedia Design
STD261581,1,1,1,9773,1,1,146.0,1,37,37,9,7,149.2,1,0,0,1,1,1,21,0,0,6,6,6,13.5,0,0,6,6,6,14.166666666666666,0,12.7,3.7,-1.7,Graduate,Low,Journalism and Communication
STD261582,1,16,2,9070,1,1,133.0,1,1,3,4,2,122.5,1,0,0,1,0,0,18,0,0,6,11,1,11.0,1,0,6,11,4,11.0,4,7.6,2.6,0.32,Enrolled,High,Communication Design
STD261583,1,43,1,9991,0,1,120.0,1,19,37,3,9,100.0,0,0,0,1,0,0,34,0,0,5,9,0,0.0,0,0,5,10,1,11.0,0,13.9,-0.3,0.79,Dropout,High,Management (evening attendance)
STD261584,1,17,1,9853,1,1,119.0,1,37,38,9,9,125.0,1,0,0,1,0,1,21,0,0,6,9,5,12.0,0,0,6,8,5,11.2,0,10.8,1.4,1.74,Dropout,Low,Basic Education
STD261585,1,1,1,9773,1,1,132.0,1,37,19,9,9,131.0,1,0,0,1,0,1,18,0,0,6,8,5,13.0,0,0,6,7,6,13.0,0,15.5,2.8,-4.06,Graduate,Low,Journalism and Communication
STD261586,1,1,1,171,1,1,130.0,1,29,38,9,8,122.0,1,0,0,1,1,0,20,0,0,0,0,0,0.0,0,0,0,0,0,0.0,0,7.6,2.6,0.32,Graduate,High,Animation and Multimedia Design
STD261587,1,1,1,9147,1,1,132.0,1,38,37,7,7,131.3,1,0,0,1,0,0,18,0,0,5,8,4,12.0,0,0,5,8,4,12.25,0,9.4,-0.8,-3.12,Enrolled,Low,Management
STD261588,1,17,2,9119,1,1,133.1,1,1,2,3,3,117.0,1,0,0,1,1,0,21,0,0,5,10,5,11.166666666666666,0,0,5,10,3,10.8,0,12.4,0.5,1.79,Enrolled,Low,Informatics Engineering
STD261589,1,17,1,9254,1,1,119.0,1,37,37,5,4,118.0,1,0,0,1,1,0,19,0,0,6,13,2,10.5,0,0,6,11,1,12.0,0,10.8,1.4,1.74,Dropout,High,Tourism
STD261590,1,17,2,8014,0,1,134.0,1,1,19,4,99,126.0,1,0,0,1,1,0,22,0,0,6,7,6,12.666666666666666,0,0,6,6,6,12.166666666666666,0,7.6,2.6,0.32,Graduate,Low,Social Service (evening attendance)
STD261591,1,44,1,9003,1,39,120.0,1,1,19,4,7,120.0,0,0,0,1,1,0,23,0,1,6,6,1,11.0,0,0,6,8,0,0.0,0,15.5,2.8,-4.06,Dropout,High,Agronomy
STD261592,1,17,4,171,1,1,172.0,1,3,1,2,10,155.6,1,0,0,1,1,0,19,0,0,0,0,0,0.0,0,0,0,0,0,0.0,0,9.4,-0.8,-3.12,Dropout,High,Animation and Multimedia Design
STD261593,1,1,4,9147,1,1,120.0,1,19,38,5,5,122.8,1,0,0,1,1,0,18,0,0,5,6,4,11.5,0,0,5,12,2,10.333333333333334,0,10.8,1.4,1.74,Enrolled,Low,Management
STD261594,1,1,3,171,1,1,129.0,1,38,37,9,3,127.3,1,0,1,0,1,1,19,0,0,0,0,0,0.0,0,0,0,0,0,0.0,0,9.4,-0.8,-3.12,Dropout,High,Animation and Multimedia Design
STD261595,1,17,1,9147,1,1,118.0,1,1,38,9,9,118.4,1,0,0,1,1,0,19,0,0,5,10,2,10.5,0,0,5,5,4,11.75,0,12.4,0.5,1.79,Enrolled,High,Management
STD261596,1,1,1,9670,1,1,127.0,1,1,37,4,9,128.1,0,0,0,1,1,0,19,0,0,5,8,4,12.5,0,0,5,6,4,11.0,0,7.6,2.6,0.32,Enrolled,Low,Advertising and Marketing Management
STD261597,1,1,2,9500,1,1,133.1,1,37,37,9,9,99.0,1,0,0,1,1,0,22,0,0,7,9,6,12.833333333333334,0,0,8,12,6,12.5,0,16.2,0.3,-0.92,Enrolled,Low,Nursing
STD261598,1,1,1,9773,1,1,164.0,1,19,1,9,9,161.2,0,0,0,1,1,1,18,0,0,6,7,6,15.571428571428571,0,0,6,7,6,16.142857142857142,0,13.9,-0.3,0.79,Graduate,Low,Journalism and Communication
STD261599,1,17,1,9238,1,1,136.0,1,37,37,7,7,140.9,1,0,0,1,1,0,18,0,0,6,10,4,12.0,0,0,6,7,5,11.8,0,9.4,-0.8,-3.12,Dropout,Medium,Social Service
STD261600,1,17,1,9773,1,1,117.0,1,38,38,9,9,111.1,0,0,1,1,1,0,19,0,0,6,6,4,11.25,0,0,6,6,3,11.333333333333334,0,16.2,0.3,-0.92,Dropout,Medium,Journalism and Communication
STD261601,1,1,4,171,1,1,131.0,1,1,1,0,3,149.9,1,0,0,1,1,0,18,0,0,0,0,0,0.0,0,0,0,0,0,0.0,0,11.1,0.6,2.02,Graduate,High,Animation and Multimedia Design
STD261602,1,17,6,9670,1,1,110.0,1,1,19,4,10,111.3,0,0,0,1,1,0,21,0,0,6,10,6,12.285714285714286,0,0,6,11,4,14.25,0,15.5,2.8,-4.06,Enrolled,Low,Advertising and Marketing Management
STD261603,1,1,2,9254,1,1,125.0,1,1,19,4,1,121.5,1,0,0,1,1,0,18,0,0,6,12,5,11.0,0,0,6,11,3,10.333333333333334,0,9.4,-0.8,-3.12,Enrolled,Low,Tourism
STD261604,1,44,1,9003,1,39,120.0,1,19,38,6,6,120.0,1,0,0,1,1,0,19,0,0,6,8,6,12.142857142857142,0,0,6,11,5,13.6,0,12.4,0.5,1.79,Graduate,Low,Agronomy
STD261605,1,39,1,9003,1,19,133.1,1,1,19,9,8,120.0,0,0,1,0,1,0,27,0,0,6,11,2,11.5,0,0,6,7,0,0.0,0,8.9,1.4,3.51,Dropout,High,Agronomy
STD261606,1,53,1,9003,1,42,130.0,1,38,38,9,9,130.0,1,0,1,1,1,0,20,0,7,12,16,11,12.545454545454543,0,5,10,12,8,11.625,0,8.9,1.4,3.51,Enrolled,Low,Agronomy
STD261607,1,1,5,9254,1,1,101.0,1,3,19,3,9,98.9,1,0,0,1,1,0,20,0,0,6,10,4,13.0,0,0,6,6,6,13.0,0,12.4,0.5,1.79,Graduate,Medium,Tourism
STD261608,1,1,6,9500,1,1,141.0,1,4,3,2,1,136.3,1,0,0,1,1,0,18,0,0,8,9,8,12.8875,1,0,8,9,8,12.8875,1,9.4,-0.8,-3.12,Graduate,Low,Nursing
STD261609,1,17,1,9773,1,1,128.0,1,38,19,9,10,125.2,1,0,0,1,1,0,18,0,0,6,6,6,12.666666666666666,0,0,6,7,5,13.6,0,12.4,0.5,1.79,Enrolled,Low,Journalism and Communication
STD261610,1,1,2,9070,1,1,145.0,1,38,19,7,7,130.0,1,0,0,1,1,0,18,0,0,6,7,6,12.833333333333334,0,0,6,7,6,12.571428571428571,0,8.9,1.4,3.51,Graduate,Low,Communication Design
STD261611,1,1,1,9147,1,1,160.0,1,1,38,4,7,141.5,1,0,0,1,1,0,18,0,0,5,10,3,10.666666666666666,1,0,5,11,2,12.5,0,9.4,-0.8,-3.12,Dropout,Medium,Management
STD261612,1,16,5,9085,1,1,134.0,1,19,37,8,8,123.9,1,0,0,1,1,0,18,0,0,5,11,5,13.0,2,0,5,7,5,12.4,0,9.4,-0.8,-3.12,Enrolled,Low,Veterinary Nursing
STD261613,1,17,2,9500,1,1,125.0,1,19,19,5,5,114.5,1,0,0,1,0,0,18,0,0,7,11,6,11.983333333333334,0,0,8,12,8,12.28125,0,16.2,0.3,-0.92,Graduate,Low,Nursing
STD261614,1,39,1,8014,0,15,133.1,1,34,34,0,0,100.0,1,0,0,0,0,0,37,0,0,5,9,0,0.0,0,0,5,5,0,0.0,5,9.4,-0.8,-3.12,Dropout,High,Social Service (evening attendance)
STD261615,2,39,1,8014,0,1,120.0,1,38,37,5,3,110.5,0,0,0,1,0,1,36,0,0,6,6,6,11.833333333333334,0,0,6,6,6,11.5,0,10.8,1.4,1.74,Graduate,Low,Social Service (evening attendance)
STD261616,2,39,1,9085,1,19,133.1,1,19,19,9,5,101.0,1,0,0,1,0,0,26,0,0,6,21,3,12.666666666666666,0,0,6,15,2,11.0,0,15.5,2.8,-4.06,Dropout,Medium,Veterinary Nursing
STD261617,1,1,1,9085,1,1,121.0,1,37,38,6,9,121.0,0,0,0,1,0,0,19,0,0,5,9,4,13.75,1,0,5,8,4,14.5,0,7.6,2.6,0.32,Graduate,Low,Veterinary Nursing
STD261618,1,39,1,8014,0,1,120.0,1,37,1,7,4,95.0,1,0,0,1,0,0,24,0,0,6,8,5,11.4,0,0,6,8,5,11.8,0,15.5,2.8,-4.06,Dropout,Low,Social Service (evening attendance)
STD261619,1,1,2,9773,1,1,130.0,109,19,1,9,9,126.9,1,0,0,1,0,1,19,1,0,6,8,6,13.166666666666666,0,0,6,6,6,13.0,0,11.1,0.6,2.02,Dropout,Low,Journalism and Communication
STD261620,1,42,1,9670,1,1,130.0,1,1,1,9,10,116.3,1,0,0,1,0,1,20,0,3,7,10,6,12.833333333333334,0,2,8,8,5,11.8,0,12.7,3.7,-1.7,Graduate,Low,Advertising and Marketing Management
STD261621,1,18,1,9670,1,1,128.0,1,19,3,9,7,120.0,1,0,0,1,0,0,19,0,0,6,8,6,14.125,0,0,6,10,5,14.5,0,11.1,0.6,2.02,Graduate,Low,Advertising and Marketing Management
STD261622,1,1,1,9085,1,1,126.0,1,38,37,9,9,123.6,1,0,0,1,0,0,21,0,0,5,10,3,11.666666666666666,0,0,5,5,5,13.0,0,10.8,1.4,1.74,Graduate,Medium,Veterinary Nursing
STD261623,2,39,1,9556,1,1,120.0,1,37,37,9,4,150.0,0,0,0,0,0,0,50,0,0,7,18,6,10.25,0,0,7,14,4,11.25,0,12.7,3.7,-1.7,Dropout,High,Oral Hygiene
STD261624,2,39,1,9556,1,1,100.0,1,37,37,9,9,120.0,0,0,0,1,0,0,47,0,1,7,16,6,12.514285714285716,0,0,7,15,4,11.75,0,12.7,3.7,-1.7,Dropout,Low,Oral Hygiene
STD261625,1,42,1,9853,1,1,120.0,1,1,19,4,7,111.3,0,0,0,1,0,0,24,0,9,13,17,10,11.5,0,7,13,18,9,10.444444444444445,0,16.2,0.3,-0.92,Dropout,Low,Basic Education
STD261626,1,39,1,9991,0,1,110.0,1,37,37,7,10,150.0,0,0,0,0,0,0,48,0,0,5,5,1,10.0,0,0,5,5,0,0.0,0,15.5,2.8,-4.06,Dropout,High,Management (evening attendance)
STD261627,1,1,1,9085,1,1,127.0,1,37,2,9,4,123.2,1,0,0,1,0,1,18,0,0,6,7,6,15.714285714285714,0,0,6,17,5,12.77777777777778,0,12.4,0.5,1.79,Graduate,Low,Veterinary Nursing
STD261628,1,44,1,9991,0,39,130.0,1,37,37,5,5,130.0,1,0,0,1,1,0,32,0,2,6,9,4,12.5,0,3,7,7,4,11.0,0,9.4,-0.8,-3.12,Dropout,Medium,Management (evening attendance)
STD261629,1,1,1,9670,1,1,141.0,1,19,3,4,0,137.9,1,0,0,0,1,0,20,0,0,5,6,3,12.0,0,0,5,5,4,12.75,0,7.6,2.6,0.32,Dropout,High,Advertising and Marketing Management
STD261630,1,39,1,9119,1,1,120.0,1,37,38,9,8,100.0,0,0,1,1,1,0,24,0,0,5,11,0,0.0,0,0,5,5,0,0.0,0,16.2,0.3,-0.92,Dropout,High,Informatics Engineering
STD261631,2,39,1,9130,1,19,133.1,1,37,38,9,9,120.0,0,0,0,1,1,0,53,0,0,5,9,4,12.25,2,0,5,8,4,11.75,0,9.4,-0.8,-3.12,Graduate,Low,Equinculture
STD261632,2,39,1,9773,1,19,133.1,1,19,19,9,4,131.0,0,0,1,0,1,0,42,0,0,4,5,0,0.0,0,0,4,4,0,0.0,0,13.9,-0.3,0.79,Dropout,High,Journalism and Communication
STD261633,2,39,1,9991,0,12,133.1,1,37,37,9,9,133.8,1,0,0,1,1,0,52,0,0,5,5,5,13.6,0,0,5,5,5,14.2,0,7.6,2.6,0.32,Graduate,Low,Management (evening attendance)
STD261634,1,43,1,8014,0,1,130.0,1,38,3,132,122,100.0,0,0,0,1,1,0,54,0,9,13,14,13,13.307692307692308,0,7,11,12,11,12.818181818181818,0,12.7,3.7,-1.7,Enrolled,Low,Social Service (evening attendance)
STD261635,2,39,1,9991,0,1,110.0,1,37,37,9,10,150.0,0,0,0,1,1,0,49,0,0,5,6,5,12.2,0,0,5,9,5,11.8,0,15.5,2.8,-4.06,Graduate,Low,Management (evening attendance)
STD261636,1,17,1,9670,1,1,125.0,1,38,37,7,5,126.4,0,0,0,1,1,1,18,0,0,6,7,6,12.285714285714286,0,0,6,7,6,13.333333333333334,1,16.2,0.3,-0.92,Graduate,Low,Advertising and Marketing Management
STD261637,2,39,1,9130,1,1,130.0,1,1,19,6,6,154.0,1,0,0,1,1,0,37,0,1,5,12,3,12.0,2,1,5,8,4,13.0,1,10.8,1.4,1.74,Graduate,Medium,Equinculture
STD261638,1,1,1,9500,1,1,121.0,1,1,1,4,4,114.9,0,0,0,1,1,1,21,0,0,7,9,6,13.342857142857143,0,0,8,10,7,11.65,0,12.4,0.5,1.79,Graduate,Low,Nursing
STD261639,1,39,1,9670,1,9,133.1,1,37,37,5,3,110.0,0,0,1,1,1,0,26,0,0,5,5,0,0.0,0,0,5,5,0,0.0,0,9.4,-0.8,-3.12,Dropout,High,Advertising and Marketing Management
STD261640,1,1,1,9070,1,1,147.0,1,3,1,2,3,149.8,1,0,0,1,1,0,20,0,5,12,12,11,14.272727272727272,0,5,12,12,11,14.818181818181818,0,16.2,0.3,-0.92,Graduate,Low,Communication Design
STD261641,1,1,4,9500,1,1,128.0,1,1,37,4,3,117.9,1,0,0,1,0,1,19,0,0,7,9,7,12.1375,0,0,8,9,8,12.91111111111111,0,12.4,0.5,1.79,Graduate,Low,Nursing
STD261642,1,1,2,9070,1,1,164.0,1,38,38,9,7,165.8,1,0,0,1,0,0,18,0,0,6,7,6,14.166666666666666,0,0,6,7,6,14.857142857142858,0,9.4,-0.8,-3.12,Graduate,Low,Communication Design
STD261643,1,17,5,9500,1,1,137.0,1,1,1,4,4,127.6,1,0,0,1,0,0,18,0,0,7,7,7,13.528571428571428,0,0,8,9,8,14.655555555555557,0,12.4,0.5,1.79,Graduate,Low,Nursing
STD261644,1,17,2,8014,0,1,122.0,1,37,19,9,9,123.8,0,0,0,1,0,0,20,0,0,6,8,5,12.0,0,0,6,8,6,11.0,0,10.8,1.4,1.74,Graduate,Low,Social Service (evening attendance)
STD261645,1,17,4,9254,1,1,124.0,1,3,3,3,3,126.1,1,0,0,1,0,0,20,0,0,5,5,5,11.4,0,0,6,11,1,11.0,0,10.8,1.4,1.74,Dropout,Low,Tourism
STD261646,1,1,2,171,1,1,120.0,1,3,19,4,7,119.7,1,0,0,1,0,0,21,0,0,0,0,0,0.0,0,0,0,0,0,0.0,0,8.9,1.4,3.51,Dropout,High,Animation and Multimedia Design
STD261647,1,1,2,171,1,1,117.0,1,1,19,3,3,121.6,1,0,0,1,0,0,22,0,6,12,12,12,12.916666666666666,0,4,11,16,11,14.5,0,8.9,1.4,3.51,Graduate,Low,Animation and Multimedia Design
STD261648,1,43,1,9500,1,1,140.0,1,1,38,4,7,100.0,0,0,0,1,0,1,18,0,0,7,8,7,13.6375,0,0,8,8,8,14.3875,0,13.9,-0.3,0.79,Graduate,Low,Nursing
STD261649,1,1,5,9500,1,1,130.0,1,19,37,9,7,127.6,1,0,0,1,0,0,18,0,0,7,10,7,12.9,0,0,8,15,7,12.142857142857142,0,15.5,2.8,-4.06,Dropout,Low,Nursing
STD261650,1,1,1,9500,1,1,138.0,1,1,38,4,9,132.5,1,0,0,1,0,1,19,0,0,8,8,7,14.36,0,0,8,8,7,14.36,0,10.8,1.4,1.74,Graduate,Low,Nursing
STD261651,1,1,1,9500,1,1,141.0,1,3,1,9,9,124.3,0,0,0,1,0,0,19,0,0,8,8,7,14.514285714285714,0,0,8,8,7,14.514285714285714,0,12.7,3.7,-1.7,Enrolled,Low,Nursing
STD261652,1,1,3,9500,1,1,142.0,1,1,1,4,7,131.0,1,0,0,1,0,0,18,0,0,8,8,7,14.7,0,0,8,8,7,14.7,0,10.8,1.4,1.74,Graduate,Low,Nursing
STD261653,1,7,1,9991,0,40,120.0,1,43,3,3,3,120.0,0,0,0,1,0,0,27,0,0,5,5,5,15.2,0,0,5,6,5,14.0,0,11.1,0.6,2.02,Enrolled,Low,Management (evening attendance)
STD261654,1,1,3,9556,1,1,122.0,1,19,19,3,10,113.3,1,0,0,1,0,1,20,0,0,7,7,7,13.0,0,0,8,8,8,15.0625,0,12.4,0.5,1.79,Graduate,Low,Oral Hygiene
STD261655,1,1,2,9853,1,1,131.0,1,1,1,2,9,121.9,1,0,0,1,0,0,20,0,0,6,6,6,13.5,0,0,6,6,0,0.0,0,12.7,3.7,-1.7,Dropout,Low,Basic Education
STD261656,1,1,2,9085,1,1,120.0,1,38,1,9,3,118.3,1,0,0,1,0,0,20,0,0,5,11,5,12.333333333333334,2,0,5,7,5,12.6,0,9.4,-0.8,-3.12,Graduate,Low,Veterinary Nursing
STD261657,1,1,1,9147,1,1,131.0,1,3,19,1,4,118.8,0,0,0,1,0,0,19,0,0,5,6,5,13.4,0,0,5,6,5,13.0,0,16.2,0.3,-0.92,Graduate,Low,Management
STD261658,1,1,2,9085,1,1,130.0,1,37,19,9,8,129.0,0,0,0,1,0,0,20,0,0,5,7,4,11.75,0,0,5,9,2,10.5,0,7.6,2.6,0.32,Enrolled,Low,Veterinary Nursing
STD261659,1,43,3,171,1,1,120.0,1,37,37,9,9,143.3,1,0,0,1,0,1,20,0,0,0,0,0,0.0,0,0,0,0,0,0.0,0,7.6,2.6,0.32,Graduate,High,Animation and Multimedia Design
STD261660,1,1,1,171,1,1,136.0,1,3,3,1,2,152.5,1,0,0,1,0,0,20,0,0,0,0,0,0.0,0,0,0,0,0,0.0,0,13.9,-0.3,0.79,Enrolled,High,Animation and Multimedia Design
STD261661,1,53,1,9085,1,42,160.0,1,1,19,4,6,155.7,1,0,0,1,0,0,27,0,7,12,17,11,14.727272727272728,0,4,9,10,7,14.142857142857142,0,8.9,1.4,3.51,Graduate,Low,Veterinary Nursing
STD261662,1,1,2,9085,1,1,157.0,1,3,3,5,2,153.9,1,0,0,1,0,0,18,0,0,6,7,6,16.571428571428573,0,0,6,6,6,15.666666666666666,0,13.9,-0.3,0.79,Graduate,Low,Veterinary Nursing
STD261663,1,1,1,9500,1,1,150.0,1,19,1,4,4,137.8,0,0,0,1,0,0,18,0,0,7,10,7,15.145,0,0,8,8,8,15.7425,0,15.5,2.8,-4.06,Graduate,Low,Nursing
STD261664,1,17,1,9500,1,1,148.0,1,1,37,9,7,143.3,0,0,0,1,0,1,18,0,0,7,7,7,13.44285714285714,0,0,8,8,8,15.075,0,13.9,-0.3,0.79,Graduate,Low,Nursing
STD261665,1,1,1,9085,1,1,120.0,1,37,37,9,1,123.2,0,0,0,1,0,0,20,0,0,5,8,5,14.166666666666666,2,0,5,6,4,11.75,2,9.4,-0.8,-3.12,Graduate,Low,Veterinary Nursing
STD261666,1,1,1,9773,1,1,150.0,1,1,1,4,4,138.1,1,0,0,1,0,0,19,0,0,6,7,6,14.0,0,0,6,7,5,15.0,0,11.1,0.6,2.02,Enrolled,Low,Journalism and Communication
STD261667,1,17,1,9238,1,1,158.0,1,1,1,5,6,140.5,0,0,0,1,0,1,20,0,0,6,9,6,11.333333333333334,0,0,6,6,6,12.333333333333334,0,10.8,1.4,1.74,Graduate,Low,Social Service
STD261668,1,1,4,9500,1,1,145.0,1,3,19,1,5,130.0,1,0,0,1,0,0,18,0,0,8,8,8,13.76125,0,0,8,8,8,13.76125,0,9.4,-0.8,-3.12,Graduate,Low,Nursing
STD261669,1,44,1,9070,1,39,100.0,1,1,38,4,6,104.8,0,0,1,0,0,0,22,0,2,7,9,5,11.6,0,5,9,9,5,10.0,0,12.4,0.5,1.79,Dropout,High,Communication Design
STD261670,1,17,1,8014,0,1,136.0,1,37,37,5,8,132.5,0,0,1,1,0,1,22,0,1,6,7,4,12.75,0,1,6,8,5,13.0,0,13.9,-0.3,0.79,Graduate,Medium,Social Service (evening attendance)
STD261671,1,39,1,9991,0,1,133.1,1,1,1,4,2,127.7,0,0,0,1,0,0,25,0,0,5,12,4,12.5,0,0,5,10,4,11.0,0,13.9,-0.3,0.79,Enrolled,Low,Management (evening attendance)
STD261672,1,1,1,9085,1,1,148.0,1,19,3,4,2,136.5,0,0,0,1,0,0,19,0,0,6,13,6,15.307692307692308,0,0,6,9,6,14.0,0,15.5,2.8,-4.06,Graduate,Low,Veterinary Nursing
STD261673,1,44,1,9130,1,39,130.0,1,3,1,4,1,130.0,1,0,0,0,0,0,21,0,1,6,12,5,13.285714285714286,0,0,6,10,4,12.0,0,16.2,0.3,-0.92,Dropout,High,Equinculture
STD261674,1,39,1,9500,1,40,130.0,1,1,1,4,4,190.0,1,0,0,1,0,0,27,0,1,7,7,7,14.757142857142856,0,1,8,9,8,14.077777777777778,0,16.2,0.3,-0.92,Graduate,Low,Nursing
STD261675,1,17,4,9500,1,1,136.0,1,1,1,4,9,128.5,1,0,0,1,0,0,18,0,0,7,7,6,12.766666666666666,0,0,7,7,6,12.766666666666666,0,7.6,2.6,0.32,Graduate,Low,Nursing
STD261676,1,17,3,9254,1,1,122.0,1,1,1,4,4,126.6,0,0,0,0,0,0,18,0,0,5,5,5,10.4,0,0,6,13,0,0.0,0,10.8,1.4,1.74,Dropout,High,Tourism
STD261677,1,17,1,9556,1,1,140.0,1,3,3,1,7,131.6,1,0,0,1,1,0,19,0,0,7,0,0,0.0,0,0,7,0,0,0.0,0,11.1,0.6,2.02,Dropout,High,Oral Hygiene
STD261678,5,39,1,9991,0,1,110.0,1,1,1,3,3,119.0,0,0,0,1,1,1,35,0,0,5,10,4,10.5,0,0,5,6,5,12.6,0,8.9,1.4,3.51,Graduate,Low,Management (evening attendance)
STD261679,1,17,1,9085,1,1,130.0,1,37,36,4,90,127.6,0,0,0,1,1,0,23,0,0,5,6,4,14.25,0,0,5,6,5,13.4,0,7.6,2.6,0.32,Graduate,Low,Veterinary Nursing
STD261680,1,39,1,9500,1,1,133.1,1,1,37,9,9,100.0,0,0,0,1,1,0,28,0,0,7,11,3,11.916666666666666,1,0,7,17,0,0.0,0,16.2,0.3,-0.92,Dropout,High,Nursing
STD261681,1,1,1,9119,1,1,128.0,1,38,38,9,7,124.5,1,0,0,1,1,0,19,0,0,5,10,3,10.666666666666666,0,0,5,9,2,14.0,2,7.6,2.6,0.32,Enrolled,Medium,Informatics Engineering
STD261682,1,1,1,9773,1,1,117.0,1,1,19,4,4,109.3,0,0,0,1,1,0,19,0,0,6,11,4,12.25,0,0,6,10,3,12.666666666666666,0,7.6,2.6,0.32,Enrolled,Medium,Journalism and Communication
STD261683,1,1,2,9670,1,1,124.0,1,19,1,9,4,117.7,1,0,1,1,1,0,20,0,0,5,5,4,12.0,0,0,5,6,5,11.6,0,9.4,-0.8,-3.12,Dropout,Low,Advertising and Marketing Management
STD261684,1,1,1,9670,1,1,124.0,1,2,2,3,3,124.7,1,0,0,1,1,0,21,0,0,5,7,3,11.0,0,0,5,5,4,12.75,0,7.6,2.6,0.32,Dropout,Medium,Advertising and Marketing Management
STD261685,1,17,3,9070,1,1,128.0,1,37,37,5,5,124.5,1,0,0,1,1,0,18,0,0,6,6,6,14.166666666666666,0,0,6,8,5,13.0,0,10.8,1.4,1.74,Graduate,Low,Communication Design
STD261686,1,1,5,9070,1,1,125.0,1,3,3,2,2,140.8,1,0,0,1,1,0,22,0,0,6,6,6,14.666666666666666,0,0,6,6,6,15.0,0,9.4,-0.8,-3.12,Graduate,Low,Communication Design
STD261687,1,17,3,9085,1,1,121.0,1,38,1,9,9,111.9,1,0,0,1,1,0,21,0,0,5,11,0,0.0,0,0,5,10,5,12.285714285714286,1,10.8,1.4,1.74,Graduate,High,Veterinary Nursing
STD261688,1,7,1,9556,1,3,140.0,1,3,3,2,2,140.0,0,0,1,0,1,0,38,0,0,7,8,3,12.666666666666666,0,0,5,5,0,0.0,0,13.9,-0.3,0.79,Dropout,High,Oral Hygiene
STD261689,1,1,1,171,1,1,124.0,1,19,1,9,9,121.2,1,0,0,1,1,0,20,0,0,0,0,0,0.0,0,0,0,0,0,0.0,0,10.8,1.4,1.74,Enrolled,High,Animation and Multimedia Design
STD261690,1,43,4,171,1,1,136.0,1,37,37,9,9,123.8,1,0,0,1,1,0,19,0,0,0,0,0,0.0,0,0,0,0,0,0.0,0,7.6,2.6,0.32,Dropout,High,Animation and Multimedia Design
STD261691,1,7,1,9119,1,1,140.8,1,34,34,0,0,134.0,0,0,0,1,1,0,24,0,0,5,0,0,0.0,0,0,5,0,0,0.0,0,7.6,2.6,0.32,Dropout,High,Informatics Engineering
STD261692,1,18,3,9070,1,1,142.0,1,1,37,4,7,130.8,1,0,0,0,1,0,19,0,0,6,0,0,0.0,0,0,6,0,0,0.0,0,12.7,3.7,-1.7,Dropout,High,Communication Design
STD261693,1,1,1,9500,1,1,133.0,1,37,38,9,9,130.2,1,0,0,1,1,1,19,0,0,7,7,7,13.7,0,0,8,9,8,14.022222222222222,0,16.2,0.3,-0.92,Graduate,Low,Nursing
STD261694,1,1,1,9147,1,1,131.0,1,3,19,3,10,123.3,0,0,0,1,1,0,19,0,0,5,7,5,11.8,0,0,5,8,4,12.4,2,16.2,0.3,-0.92,Enrolled,Low,Management
STD261695,1,39,1,9119,1,3,130.0,1,3,3,3,10,147.6,0,0,0,1,1,0,31,0,0,5,0,0,0.0,0,0,5,0,0,0.0,0,10.8,1.4,1.74,Dropout,High,Informatics Engineering
STD261696,1,17,1,9670,1,1,120.0,1,38,37,9,8,113.4,1,0,0,1,1,1,19,0,0,6,6,6,13.333333333333334,0,0,6,7,6,13.285714285714286,0,8.9,1.4,3.51,Graduate,Low,Advertising and Marketing Management
STD261697,1,17,1,9070,1,1,141.0,1,19,38,4,5,133.7,1,0,0,1,1,0,22,0,0,6,7,5,11.4,0,0,6,6,6,12.166666666666666,0,7.6,2.6,0.32,Graduate,Low,Communication Design
STD261698,1,39,1,9085,1,1,130.0,1,34,1,0,2,128.2,0,0,0,1,1,0,25,0,0,5,5,0,0.0,0,0,5,5,0,0.0,0,7.6,2.6,0.32,Dropout,High,Veterinary Nursing
STD261699,1,1,1,9500,1,1,168.0,1,1,1,5,5,161.0,1,0,0,1,1,0,18,0,0,7,7,7,16.142857142857142,0,0,8,9,0,0.0,0,16.2,0.3,-0.92,Dropout,Low,Nursing
STD261700,1,7,1,9500,1,3,130.0,1,37,37,90,90,130.0,1,0,0,1,1,0,30,0,0,8,8,0,0.0,8,0,8,8,0,0.0,8,9.4,-0.8,-3.12,Dropout,High,Nursing
STD261701,1,1,1,9500,1,1,156.0,1,38,37,9,9,156.3,0,0,0,1,1,1,18,0,0,8,8,8,15.63375,0,0,8,8,8,15.63375,0,9.4,-0.8,-3.12,Graduate,Low,Nursing
STD261702,1,1,1,9773,1,1,137.0,1,1,1,5,5,129.3,1,0,0,1,1,0,18,0,0,6,6,6,13.666666666666666,0,0,6,6,6,14.5,0,12.7,3.7,-1.7,Graduate,Low,Journalism and Communication
STD261703,1,17,6,9773,1,1,131.0,1,34,34,0,0,129.3,0,0,0,1,1,0,18,0,0,6,0,0,0.0,0,0,6,0,0,0.0,0,7.6,2.6,0.32,Dropout,High,Journalism and Communication
STD261704,1,1,1,9238,1,1,130.0,1,38,38,7,7,136.3,1,0,0,1,1,0,18,0,0,6,8,6,12.5,0,0,6,7,6,11.5,0,10.8,1.4,1.74,Graduate,Low,Social Service
STD261705,1,39,1,9670,1,1,133.1,1,1,19,4,9,140.0,0,0,0,1,1,1,25,0,0,6,8,6,12.285714285714286,0,0,6,6,6,13.0,0,15.5,2.8,-4.06,Graduate,Low,Advertising and Marketing Management
STD261706,1,1,1,9119,1,1,131.0,1,3,1,4,1,135.9,0,0,0,1,1,0,18,0,0,5,10,2,14.0,0,0,5,7,3,11.0,1,7.6,2.6,0.32,Enrolled,High,Informatics Engineering
STD261707,1,1,5,171,1,1,160.0,1,1,1,4,4,139.7,0,0,0,1,1,0,18,0,0,0,0,0,0.0,0,0,0,0,0,0.0,0,12.7,3.7,-1.7,Dropout,High,Animation and Multimedia Design
STD261708,1,1,4,9147,1,1,117.0,1,1,38,8,9,117.0,1,0,0,1,1,0,19,0,0,5,5,4,10.75,0,0,5,6,4,12.25,0,12.4,0.5,1.79,Enrolled,Low,Management
STD261709,1,39,1,9556,1,19,133.1,1,19,1,7,10,105.0,0,0,0,1,1,0,25,0,0,7,14,4,12.95,1,0,7,11,4,13.125,1,15.5,2.8,-4.06,Dropout,Medium,Oral Hygiene
STD261710,1,1,3,9500,1,1,130.0,1,37,38,9,5,130.5,1,0,0,1,0,0,19,0,0,7,7,6,12.45,0,0,7,7,6,12.45,0,7.6,2.6,0.32,Graduate,Low,Nursing
STD261711,1,44,1,9991,0,39,130.0,1,37,37,9,9,130.0,0,0,0,1,0,0,31,0,2,6,12,4,12.25,0,3,7,9,7,12.0,0,9.4,-0.8,-3.12,Enrolled,Medium,Management (evening attendance)
STD261712,1,1,3,9500,1,1,137.0,1,19,19,5,4,131.5,1,0,0,1,0,1,20,0,0,8,8,8,13.38125,0,0,8,8,8,13.38125,0,9.4,-0.8,-3.12,Graduate,Low,Nursing
STD261713,1,42,1,9500,1,1,133.1,41,3,1,3,10,100.0,1,0,0,0,0,0,33,1,1,7,10,5,12.16,0,0,6,7,5,11.34,0,12.4,0.5,1.79,Dropout,High,Nursing
STD261714,1,44,1,9085,1,39,140.0,1,1,3,9,4,140.0,0,0,1,0,0,0,24,0,2,6,11,4,12.5,0,1,6,18,2,11.5,0,12.4,0.5,1.79,Enrolled,High,Veterinary Nursing
STD261715,1,17,4,9238,1,1,140.0,1,19,37,9,9,130.2,1,0,0,1,0,1,18,0,0,6,8,6,12.75,0,0,6,10,6,12.166666666666666,0,12.7,3.7,-1.7,Graduate,Low,Social Service
STD261716,1,17,2,9500,1,1,135.0,1,1,19,4,10,133.5,1,0,0,1,0,0,19,0,0,8,8,8,13.3425,0,0,8,8,8,13.3425,0,9.4,-0.8,-3.12,Graduate,Low,Nursing
STD261717,1,1,4,9500,1,1,140.0,1,38,38,7,7,133.2,1,0,0,1,0,1,20,0,0,7,10,7,14.175,0,0,8,14,6,13.03125,0,15.5,2.8,-4.06,Graduate,Low,Nursing
STD261718,2,39,1,9500,1,1,100.0,1,37,38,4,4,130.0,0,0,0,1,1,1,33,0,0,8,16,1,10.0,1,0,8,16,1,10.0,1,12.7,3.7,-1.7,Enrolled,High,Nursing
STD261719,1,39,1,9119,1,1,160.0,1,38,37,7,7,129.0,0,0,0,1,1,0,24,0,0,5,9,0,0.0,0,0,5,8,2,14.5,2,7.6,2.6,0.32,Dropout,High,Informatics Engineering
STD261720,1,39,1,9991,0,19,133.1,1,2,1,2,4,100.0,0,0,0,1,1,0,24,0,0,5,7,0,0.0,0,0,5,7,0,0.0,0,16.2,0.3,-0.92,Dropout,High,Management (evening attendance)
STD261721,1,17,1,9085,1,1,128.0,1,38,37,9,9,116.5,1,0,0,1,1,0,18,0,0,5,6,5,12.0,0,0,5,8,5,12.142857142857142,0,10.8,1.4,1.74,Graduate,Low,Veterinary Nursing
STD261722,1,1,2,9254,1,1,121.0,1,37,37,9,9,124.2,1,0,0,1,0,1,18,0,0,6,8,6,10.571428571428571,0,0,6,9,5,11.4,0,16.2,0.3,-0.92,Graduate,Low,Tourism
STD261723,1,51,1,9085,1,1,127.0,1,3,3,2,8,138.8,1,0,0,1,0,0,22,0,4,12,19,11,14.153846153846152,0,5,12,20,12,15.428571428571429,0,8.9,1.4,3.51,Graduate,Low,Veterinary Nursing
STD261724,1,1,1,9773,1,1,132.0,1,2,1,9,9,126.4,1,1,0,1,0,1,18,0,0,6,9,6,11.166666666666666,0,0,6,11,5,12.4,0,10.8,1.4,1.74,Graduate,Low,Journalism and Communication
STD261725,1,1,1,171,1,1,147.0,1,19,19,3,10,151.9,1,0,0,1,0,0,21,0,13,17,20,17,12.0,0,14,17,18,17,12.666666666666666,0,11.1,0.6,2.02,Graduate,Low,Animation and Multimedia Design
STD261726,2,39,1,9991,0,1,110.0,1,37,37,5,1,120.0,1,0,0,1,0,0,38,0,0,5,11,3,11.333333333333334,0,0,5,9,4,12.0,0,9.4,-0.8,-3.12,Dropout,Medium,Management (evening attendance)
STD261727,1,43,1,9238,1,1,142.0,1,34,34,99,99,131.9,0,0,0,1,0,1,29,0,9,16,17,16,12.588235294117649,0,10,13,14,13,13.357142857142858,0,9.4,-0.8,-3.12,Graduate,Low,Social Service
STD261728,1,44,1,9130,1,39,130.0,1,38,37,4,9,130.0,1,0,0,1,0,1,20,0,0,6,11,4,12.0,0,0,6,9,4,10.75,0,16.2,0.3,-0.92,Enrolled,Medium,Equinculture
STD261729,1,17,1,9254,1,1,131.0,1,38,37,4,9,131.7,1,0,0,0,0,0,18,0,0,6,0,0,0.0,0,0,6,0,0,0.0,0,12.7,3.7,-1.7,Dropout,High,Tourism
STD261730,2,43,1,9991,0,1,110.0,1,37,37,9,9,132.5,0,0,0,1,1,0,37,0,7,12,13,12,12.25,0,8,13,13,13,12.846153846153848,0,9.4,-0.8,-3.12,Graduate,Low,Management (evening attendance)
STD261731,1,1,3,9147,1,1,128.0,1,3,3,5,10,116.5,0,0,0,1,1,0,20,0,0,5,7,5,11.6,0,0,5,5,5,12.8,0,12.4,0.5,1.79,Graduate,Low,Management
STD261732,1,1,1,9130,1,1,136.0,1,19,19,90,8,133.9,1,0,0,0,1,0,20,0,0,5,7,4,13.0,0,0,5,11,3,12.0,2,10.8,1.4,1.74,Dropout,High,Equinculture
STD261733,2,39,1,9119,1,1,120.0,1,37,38,9,10,145.4,0,0,1,1,1,0,40,0,0,5,11,3,10.666666666666666,0,0,5,5,2,12.5,0,16.2,0.3,-0.92,Dropout,Medium,Informatics Engineering
STD261734,2,39,1,8014,0,1,140.0,1,37,3,9,10,172.0,0,0,0,1,1,0,44,0,5,11,21,9,12.333333333333334,0,8,11,16,9,11.0,0,12.4,0.5,1.79,Enrolled,Low,Social Service (evening attendance)
STD261735,1,1,1,9147,1,1,118.0,1,1,1,9,9,111.0,0,0,0,0,1,0,21,0,0,5,7,2,11.0,0,0,5,9,3,11.428571428571429,0,10.8,1.4,1.74,Dropout,High,Management
STD261736,1,44,1,9070,1,39,120.0,1,2,19,3,8,120.0,0,0,0,1,1,0,21,0,2,7,10,6,13.428571428571429,0,5,9,9,8,13.125,0,16.2,0.3,-0.92,Graduate,Low,Communication Design
STD261737,1,1,6,9500,1,1,151.0,1,3,1,2,1,129.8,1,0,0,1,1,0,18,0,0,8,10,8,13.05375,2,0,8,10,8,13.05375,2,9.4,-0.8,-3.12,Graduate,Low,Nursing
STD261738,1,1,5,9500,1,1,130.0,1,1,3,9,10,118.1,1,0,0,1,1,0,18,0,0,7,10,6,12.035714285714286,0,0,8,9,7,13.75,0,13.9,-0.3,0.79,Enrolled,Low,Nursing
STD261739,1,39,1,9003,1,1,140.0,1,3,1,5,9,130.0,0,0,0,1,1,0,27,0,0,6,6,6,14.166666666666666,0,0,6,7,6,13.833333333333334,0,11.1,0.6,2.02,Graduate,Low,Agronomy
STD261740,2,39,1,9070,1,19,133.1,1,37,37,9,10,126.3,0,0,0,0,1,0,38,0,0,6,6,0,0.0,0,0,6,8,0,0.0,0,10.8,1.4,1.74,Dropout,High,Communication Design
STD261741,1,18,1,9130,1,1,146.0,1,3,3,5,2,137.8,0,0,0,1,1,0,18,0,0,6,11,5,13.6,0,0,6,13,3,12.666666666666666,0,13.9,-0.3,0.79,Dropout,Low,Equinculture
STD261742,1,17,4,9254,1,1,122.0,1,1,1,4,2,116.1,1,0,0,1,1,0,19,0,0,6,7,5,12.2,0,0,6,12,2,12.0,0,7.6,2.6,0.32,Enrolled,Low,Tourism
STD261743,1,1,1,9130,1,1,121.0,1,3,19,2,9,115.4,1,0,0,1,1,0,18,0,0,6,8,6,13.714285714285714,0,0,6,7,5,13.333333333333334,0,15.5,2.8,-4.06,Dropout,Low,Equinculture
STD261744,1,43,1,9773,1,1,127.0,1,1,1,9,6,110.0,0,0,1,0,1,0,19,0,0,6,10,3,11.666666666666666,0,0,6,11,2,10.0,0,16.2,0.3,-0.92,Dropout,High,Journalism and Communication
STD261745,1,39,1,9670,1,1,133.1,1,37,37,90,90,97.4,0,0,1,0,1,0,44,0,0,6,9,1,14.0,0,0,6,6,0,0.0,0,12.7,3.7,-1.7,Dropout,High,Advertising and Marketing Management
STD261746,1,44,1,9085,1,39,130.0,1,1,1,4,4,130.0,1,1,0,1,1,0,26,0,2,6,20,4,12.5,0,1,6,16,3,10.0,0,15.5,2.8,-4.06,Dropout,Medium,Veterinary Nursing
STD261747,1,43,1,9130,1,1,156.0,1,19,1,9,4,156.0,0,0,1,0,1,0,24,0,0,6,11,5,11.833333333333334,0,0,6,11,4,11.5,0,15.5,2.8,-4.06,Dropout,High,Equinculture
STD261748,1,39,1,9003,1,1,130.0,1,19,1,9,6,126.1,1,0,0,0,1,0,27,0,0,6,6,0,0.0,0,0,6,8,0,0.0,0,15.5,2.8,-4.06,Dropout,High,Agronomy
STD261749,1,39,1,9003,1,1,110.0,1,1,1,9,4,120.0,0,0,1,0,1,0,27,0,0,6,0,0,0.0,0,0,6,0,0,0.0,0,13.9,-0.3,0.79,Dropout,High,Agronomy
STD261750,1,43,1,9070,1,1,108.0,1,38,38,7,7,105.2,1,0,0,1,1,0,25,0,11,17,18,13,11.538461538461538,0,10,15,15,10,12.4,0,12.7,3.7,-1.7,Dropout,Low,Communication Design
STD261751,1,44,1,9003,1,1,120.0,1,3,2,2,6,120.0,1,0,0,1,1,0,21,0,4,9,14,7,11.285714285714286,2,2,8,15,4,12.25,0,12.7,3.7,-1.7,Enrolled,Low,Agronomy
STD261752,1,1,1,171,1,1,150.0,1,38,19,9,9,137.8,1,0,0,1,1,1,19,0,0,0,0,0,0.0,0,0,0,0,0,0.0,0,13.9,-0.3,0.79,Graduate,High,Animation and Multimedia Design
STD261753,1,17,2,9070,1,1,152.0,1,39,39,3,3,134.2,1,0,0,1,1,0,20,0,0,6,7,5,11.8,0,0,6,9,4,12.0,0,15.5,2.8,-4.06,Enrolled,Low,Communication Design
STD261754,1,44,1,9119,1,39,150.0,1,19,3,5,2,150.0,0,0,0,1,1,0,20,0,0,5,16,0,0.0,0,0,5,12,2,10.5,0,12.7,3.7,-1.7,Enrolled,High,Informatics Engineering
STD261755,1,17,5,9119,1,1,123.0,1,3,1,2,9,116.0,1,0,1,0,1,0,20,0,0,5,5,0,0.0,0,0,5,5,0,0.0,0,8.9,1.4,3.51,Dropout,High,Informatics Engineering
STD261756,1,1,1,9119,1,1,150.0,1,1,1,3,3,143.4,0,0,0,0,1,1,18,0,0,5,5,5,14.2,0,0,5,5,5,14.2,0,8.9,1.4,3.51,Enrolled,High,Informatics Engineering
STD261757,1,17,1,171,1,1,145.0,1,4,4,3,3,143.6,0,0,1,1,1,0,19,0,5,12,12,10,12.7,0,4,11,16,10,12.272727272727272,0,8.9,1.4,3.51,Enrolled,Low,Animation and Multimedia Design
STD261758,1,44,1,9130,1,39,150.0,1,1,37,4,8,150.0,1,0,0,0,0,0,22,0,1,6,10,3,12.666666666666666,0,0,6,7,0,0.0,0,15.5,2.8,-4.06,Dropout,High,Equinculture
STD261759,1,1,4,9670,1,1,125.0,1,4,19,2,5,118.0,1,0,0,1,0,0,19,0,0,6,7,6,14.428571428571429,0,0,6,8,6,15.0,2,16.2,0.3,-0.92,Graduate,Low,Advertising and Marketing Management
STD261760,1,1,4,9500,1,1,117.0,1,1,1,4,7,109.3,1,0,0,1,0,1,18,0,0,7,7,7,13.117142857142856,0,0,8,9,7,12.6,0,11.1,0.6,2.02,Graduate,Low,Nursing
STD261761,1,1,2,9238,1,1,121.0,1,19,19,191,171,119.3,1,0,1,1,0,0,20,0,0,6,7,6,12.666666666666666,0,0,6,7,6,11.833333333333334,0,8.9,1.4,3.51,Graduate,Low,Social Service
STD261762,1,17,1,171,1,1,140.0,41,1,1,5,7,146.3,1,0,0,1,0,1,18,1,0,0,0,0,0.0,0,0,0,0,0,0.0,0,12.7,3.7,-1.7,Dropout,High,Animation and Multimedia Design
STD261763,1,39,1,9773,1,1,130.0,1,1,19,1,3,161.5,0,0,0,1,1,0,36,0,0,6,7,6,15.285714285714286,0,0,6,6,6,16.5,0,10.8,1.4,1.74,Graduate,Low,Journalism and Communication
STD261764,1,15,1,9147,1,1,140.0,26,37,2,6,4,140.0,0,0,1,1,1,0,19,1,0,5,12,3,10.5,0,0,5,8,4,11.25,0,12.4,0.5,1.79,Graduate,Medium,Management
STD261765,1,53,1,9147,1,42,140.0,1,1,1,6,6,142.2,0,0,0,1,1,1,21,0,6,11,11,11,12.636363636363637,0,3,9,11,9,12.6,0,8.9,1.4,3.51,Graduate,Low,Management
STD261766,1,1,1,9147,1,1,140.0,1,19,38,9,9,129.2,1,0,0,1,0,0,26,0,0,5,6,0,0.0,0,0,5,0,0,0.0,0,15.5,2.8,-4.06,Dropout,High,Management
STD261767,1,39,1,9003,1,1,140.0,41,1,1,9,9,100.0,0,0,1,0,0,0,29,1,3,9,9,3,14.333333333333334,0,1,7,8,1,14.0,0,15.5,2.8,-4.06,Dropout,High,Agronomy
STD261768,1,44,1,9254,1,39,170.0,1,19,2,9,3,170.0,0,0,0,0,1,0,26,0,2,8,14,8,15.125,0,1,6,12,6,13.666666666666666,0,11.1,0.6,2.02,Enrolled,High,Tourism
STD261769,1,7,1,9500,1,3,140.0,1,3,19,2,6,140.0,0,0,0,1,1,0,27,0,0,7,0,0,0.0,0,0,8,0,0,0.0,0,12.4,0.5,1.79,Dropout,High,Nursing
STD261770,1,51,1,9147,1,1,116.0,1,3,3,2,2,115.2,0,0,1,1,1,0,32,0,2,7,16,3,12.0,0,3,8,10,3,10.333333333333334,0,8.9,1.4,3.51,Enrolled,High,Management
STD261771,1,16,3,9853,1,1,134.0,1,37,19,9,5,121.4,1,0,0,1,0,1,23,0,0,6,10,4,14.25,1,0,6,8,5,12.0,0,7.6,2.6,0.32,Enrolled,Medium,Basic Education
STD261772,1,39,1,9147,1,1,133.1,41,38,38,9,8,134.8,0,0,0,1,0,0,24,1,0,5,12,2,10.5,0,0,5,9,4,10.0,2,16.2,0.3,-0.92,Enrolled,High,Management
STD261773,1,1,2,9773,1,1,140.0,1,1,1,9,9,136.9,1,0,0,1,0,1,19,0,0,6,7,6,13.5,0,0,6,7,6,14.428571428571429,0,16.2,0.3,-0.92,Graduate,Low,Journalism and Communication
STD261774,1,42,1,9003,1,1,140.0,1,19,19,4,4,140.0,1,0,0,1,1,0,25,0,0,6,14,5,11.666666666666666,0,0,6,11,4,12.0,0,15.5,2.8,-4.06,Enrolled,Low,Agronomy
STD261775,1,17,6,9254,1,1,108.0,1,1,19,4,5,112.2,1,0,0,1,1,0,19,0,0,6,13,5,10.8,0,0,6,12,3,10.0,0,9.4,-0.8,-3.12,Enrolled,Low,Tourism
STD261776,1,1,3,9773,1,1,149.0,1,1,3,0,0,148.7,0,0,0,0,1,0,20,0,0,4,4,0,0.0,0,0,4,8,0,0.0,0,10.8,1.4,1.74,Dropout,High,Journalism and Communication
STD261777,2,1,1,9254,1,1,140.0,1,19,38,4,7,133.0,0,0,0,1,1,0,33,0,3,9,11,9,12.8,0,2,7,9,7,11.428571428571429,0,12.7,3.7,-1.7,Graduate,Low,Tourism
STD261778,2,39,1,9991,0,1,140.0,1,37,12,9,9,150.0,0,0,1,1,1,0,35,0,0,5,6,5,10.8,0,0,5,7,5,12.0,2,9.4,-0.8,-3.12,Dropout,Low,Management (evening attendance)
STD261779,1,1,1,9147,1,1,133.1,1,37,38,7,7,98.0,1,0,0,1,1,0,23,0,0,5,8,4,11.4,0,0,5,7,4,11.0,0,11.1,0.6,2.02,Graduate,Low,Management
STD261780,1,1,1,9500,1,1,125.0,1,37,19,9,9,122.4,1,0,0,1,1,0,19,0,0,7,7,7,13.725714285714286,0,0,8,8,8,14.5,0,11.1,0.6,2.02,Graduate,Low,Nursing
STD261781,1,1,1,9670,1,1,133.1,1,1,37,9,10,139.0,0,0,0,1,1,0,21,0,0,6,6,5,12.8,0,0,6,9,5,12.25,0,10.8,1.4,1.74,Enrolled,Low,Advertising and Marketing Management
STD261782,1,1,5,9070,1,1,133.1,1,1,19,3,3,112.0,1,0,0,1,1,1,21,0,0,6,6,6,13.5,0,0,6,6,6,11.166666666666666,0,11.1,0.6,2.02,Graduate,Low,Communication Design
STD261783,1,39,1,9500,1,1,130.0,1,37,37,3,7,143.8,0,0,0,1,1,0,27,0,0,8,8,7,15.57,0,0,8,8,7,15.57,0,10.8,1.4,1.74,Dropout,Low,Nursing
STD261784,1,17,3,9147,1,1,122.0,1,3,38,123,171,116.1,1,0,1,1,1,0,19,0,0,5,10,4,11.0,0,0,5,13,2,12.0,0,8.9,1.4,3.51,Enrolled,Low,Management
STD261785,1,7,2,9500,1,3,140.0,1,37,38,9,9,138.0,0,0,0,1,1,0,28,0,0,7,7,7,14.114285714285714,0,0,8,9,8,15.91111111111111,0,16.2,0.3,-0.92,Dropout,Low,Nursing
STD261786,1,43,1,9147,1,1,123.0,1,37,38,7,7,110.0,0,0,0,1,1,0,25,0,0,5,12,3,11.0,1,0,5,12,4,11.5,0,9.4,-0.8,-3.12,Enrolled,Medium,Management
STD261787,2,39,1,9238,1,19,133.1,1,37,37,9,4,103.5,0,0,0,1,1,0,42,0,0,6,0,0,0.0,0,0,6,0,0,0.0,0,15.5,2.8,-4.06,Dropout,High,Social Service
STD261788,1,7,1,9991,0,3,140.0,1,37,37,9,9,140.0,0,0,0,1,1,0,27,0,0,5,6,4,13.5,0,0,5,6,4,13.75,0,7.6,2.6,0.32,Graduate,Low,Management (evening attendance)
STD261789,1,1,1,9070,1,1,116.0,1,3,3,0,1,108.7,1,0,0,1,1,0,23,0,0,6,9,4,11.25,1,0,6,10,0,0.0,4,7.6,2.6,0.32,Dropout,Medium,Communication Design
STD261790,1,17,3,9254,1,1,118.0,1,19,1,4,4,115.9,1,0,0,1,1,1,18,0,0,6,7,6,12.142857142857142,0,0,6,8,6,11.333333333333334,0,8.9,1.4,3.51,Graduate,Low,Tourism
STD261791,2,39,1,9500,1,1,140.0,1,37,37,9,4,127.3,0,0,0,1,1,0,26,0,0,8,8,7,13.075714285714286,0,0,8,8,7,13.075714285714286,0,10.8,1.4,1.74,Graduate,Low,Nursing
STD261792,1,1,4,9147,1,1,146.0,1,3,1,3,10,138.7,0,0,0,1,1,0,18,0,0,5,0,0,0.0,0,0,5,0,0,0.0,0,8.9,1.4,3.51,Dropout,High,Management
STD261793,1,39,1,9991,0,1,150.0,1,3,5,2,2,135.8,0,0,1,1,1,0,29,0,1,5,9,3,11.0,0,0,5,11,2,13.5,0,12.7,3.7,-1.7,Dropout,Medium,Management (evening attendance)
STD261794,1,17,1,9085,1,1,137.0,1,1,1,4,7,134.6,1,0,0,1,1,0,22,0,0,6,16,0,0.0,0,0,6,7,0,0.0,0,16.2,0.3,-0.92,Dropout,High,Veterinary Nursing
STD261795,1,43,1,9500,1,1,136.0,1,19,37,173,183,118.4,1,0,0,1,0,0,21,0,0,7,12,4,13.125,0,0,7,8,6,12.333333333333334,0,13.9,-0.3,0.79,Enrolled,Medium,Nursing
STD261796,1,1,3,9500,1,1,134.0,1,38,38,7,9,132.8,1,0,0,1,0,1,19,0,0,8,8,7,13.512857142857142,0,0,8,8,7,13.512857142857142,0,10.8,1.4,1.74,Graduate,Low,Nursing
STD261797,1,1,1,9238,1,1,160.0,1,38,37,9,7,155.5,1,0,0,1,0,1,18,0,0,6,7,6,12.833333333333334,0,0,6,6,6,12.166666666666666,0,10.8,1.4,1.74,Graduate,Low,Social Service
STD261798,1,1,3,9085,1,1,126.0,1,38,1,9,9,132.0,1,0,0,1,0,1,18,0,0,5,8,3,15.0,2,0,5,9,3,11.666666666666666,0,9.4,-0.8,-3.12,Dropout,Medium,Veterinary Nursing
STD261799,1,39,1,9003,1,19,133.1,1,37,38,4,9,110.0,0,0,1,0,0,0,40,0,0,6,12,5,12.8,0,0,6,16,3,13.333333333333334,0,11.1,0.6,2.02,Dropout,High,Agronomy
STD261800,1,17,3,9254,1,1,114.0,26,38,3,9,3,127.3,1,0,1,0,0,0,20,1,0,6,14,3,12.333333333333334,0,0,6,16,0,0.0,0,10.8,1.4,1.74,Dropout,High,Tourism
STD261801,1,1,3,9500,1,1,139.0,1,3,1,4,1,126.0,1,0,0,1,1,0,18,0,0,8,15,5,12.288,1,0,8,15,5,12.288,1,10.8,1.4,1.74,Dropout,Medium,Nursing
STD261802,1,43,2,8014,0,3,130.0,1,34,34,0,0,130.0,0,0,0,1,1,0,31,0,8,12,21,12,12.333333333333334,0,6,10,13,7,13.285714285714286,2,7.6,2.6,0.32,Graduate,Low,Social Service (evening attendance)
STD261803,1,1,2,9147,1,1,131.0,1,1,1,9,9,118.8,0,0,0,1,1,1,18,0,0,5,9,4,11.5,0,0,5,5,5,12.8,0,12.4,0.5,1.79,Graduate,Low,Management
STD261804,1,43,2,9670,1,1,130.0,1,19,1,4,4,127.6,1,0,0,1,1,0,22,0,4,6,6,6,11.833333333333334,0,0,6,11,4,11.142857142857142,0,10.8,1.4,1.74,Dropout,Low,Advertising and Marketing Management
STD261805,1,51,1,9147,1,19,133.1,1,19,19,9,5,112.1,0,0,1,0,1,0,38,0,0,5,5,0,0.0,0,0,5,5,0,0.0,0,8.9,1.4,3.51,Dropout,High,Management
STD261806,1,43,1,9991,0,3,130.0,1,3,1,2,9,130.0,0,0,0,1,1,0,33,0,0,5,5,0,0.0,0,0,5,5,0,0.0,0,12.7,3.7,-1.7,Dropout,High,Management (evening attendance)
STD261807,1,1,3,9119,1,1,117.0,1,1,1,3,5,111.1,0,0,0,1,1,1,19,0,0,5,10,5,11.8,0,0,5,12,3,11.5,0,11.1,0.6,2.02,Enrolled,Low,Informatics Engineering
STD261808,1,17,1,9670,1,1,127.0,1,3,3,1,1,121.4,0,0,0,1,1,0,18,0,0,6,0,0,0.0,0,0,6,0,0,0.0,0,15.5,2.8,-4.06,Dropout,High,Advertising and Marketing Management
STD261809,1,1,5,9119,1,1,131.0,1,1,19,4,7,126.8,0,0,0,0,1,1,18,0,0,5,6,5,12.2,0,0,5,8,4,12.0,0,8.9,1.4,3.51,Enrolled,High,Informatics Engineering
STD261810,1,51,1,9991,0,1,134.0,1,1,1,5,3,120.6,1,0,0,1,1,0,27,0,2,6,6,6,12.333333333333334,0,0,5,5,5,13.0,0,11.1,0.6,2.02,Graduate,Low,Management (evening attendance)
STD261811,1,39,1,9254,1,1,130.0,1,37,37,9,9,126.5,0,0,0,1,1,0,26,0,0,6,7,6,12.428571428571429,0,0,6,6,6,12.833333333333334,0,7.6,2.6,0.32,Graduate,Low,Tourism
STD261812,1,1,6,9500,1,1,127.0,1,1,19,3,3,120.2,1,0,0,1,0,1,19,0,0,7,7,7,12.765714285714289,0,0,8,9,8,13.544444444444444,0,12.4,0.5,1.79,Graduate,Low,Nursing
STD261813,2,51,1,9500,1,1,130.0,1,37,37,5,5,120.0,0,0,0,1,1,0,44,0,0,7,11,5,12.1,0,0,7,10,5,12.6,0,11.1,0.6,2.02,Dropout,Medium,Nursing
STD261814,1,1,2,9147,1,1,142.0,1,37,38,9,9,137.5,1,0,0,1,1,0,19,0,0,5,10,5,12.0,0,0,5,9,5,11.5,0,13.9,-0.3,0.79,Graduate,Low,Management
STD261815,1,18,1,9070,1,1,117.0,1,1,37,4,7,127.9,1,0,0,1,1,0,20,0,0,6,6,0,0.0,0,0,6,6,0,0.0,0,9.4,-0.8,-3.12,Dropout,High,Communication Design
STD261816,1,39,1,9003,1,19,133.1,1,19,37,1,1,140.0,0,0,1,1,1,0,24,0,0,6,10,6,14.88888888888889,0,0,6,11,6,13.727272727272728,0,16.2,0.3,-0.92,Enrolled,Low,Agronomy
STD261817,4,43,1,9991,0,1,164.0,1,37,37,6,6,131.8,0,0,0,1,0,0,31,0,7,14,19,13,11.357142857142858,0,9,14,14,13,12.0,1,9.4,-0.8,-3.12,Graduate,Low,Management (evening attendance)
STD261818,1,43,1,9070,1,1,130.0,1,37,37,9,9,129.0,1,0,0,1,0,0,25,0,0,6,6,6,13.5,0,0,6,6,6,12.5,0,9.4,-0.8,-3.12,Graduate,Low,Communication Design
STD261819,1,17,4,9773,1,1,127.0,1,2,37,9,9,115.8,1,0,1,0,0,0,19,0,0,6,6,0,0.0,0,0,6,0,0,0.0,0,8.9,1.4,3.51,Dropout,High,Journalism and Communication
STD261820,1,17,3,9500,1,1,140.0,1,3,2,3,3,126.4,1,0,0,1,0,0,18,0,0,7,7,7,13.884285714285712,0,0,8,9,8,14.75,0,11.1,0.6,2.02,Dropout,Low,Nursing
STD261821,1,43,1,9085,1,1,130.0,1,19,38,4,9,130.0,1,0,0,0,0,0,19,0,0,6,12,5,13.0,0,0,6,12,3,11.666666666666666,0,13.9,-0.3,0.79,Enrolled,High,Veterinary Nursing
STD261822,1,1,3,9500,1,1,122.0,1,3,1,4,3,114.8,1,0,0,1,0,1,19,0,0,7,11,4,12.65,0,0,7,9,5,11.1,0,12.4,0.5,1.79,Enrolled,Medium,Nursing
STD261823,1,17,1,9147,1,1,162.0,1,1,38,4,5,138.6,1,0,0,1,0,0,19,0,0,5,10,1,11.0,0,0,5,13,0,0.0,0,12.7,3.7,-1.7,Enrolled,High,Management
STD261824,1,39,1,9670,1,1,133.1,1,1,1,4,4,112.9,0,0,0,1,0,0,24,0,0,6,12,2,11.666666666666666,0,0,6,20,2,10.5,6,16.2,0.3,-0.92,Dropout,High,Advertising and Marketing Management
STD261825,1,1,1,9238,1,1,120.0,1,3,3,3,3,111.6,0,0,0,1,0,0,20,0,0,6,6,6,14.5,0,0,6,6,6,12.666666666666666,0,12.4,0.5,1.79,Graduate,Low,Social Service
STD261826,1,17,1,9254,1,1,160.0,1,19,37,5,3,152.0,0,0,0,1,0,0,18,0,0,6,7,6,14.714285714285714,0,0,6,7,6,14.166666666666666,0,12.7,3.7,-1.7,Graduate,Low,Tourism
STD261827,1,1,1,9238,1,1,141.0,1,38,1,5,7,132.6,0,0,0,1,0,1,18,0,0,6,7,6,13.285714285714286,0,0,6,6,6,14.333333333333334,0,12.4,0.5,1.79,Graduate,Low,Social Service
STD261828,1,17,1,9085,1,1,125.0,1,1,38,4,9,118.4,1,0,0,1,0,0,21,0,0,5,13,3,11.333333333333334,2,0,5,12,2,10.5,1,9.4,-0.8,-3.12,Enrolled,Medium,Veterinary Nursing
STD261829,1,7,1,9500,1,3,120.0,1,37,37,4,5,120.0,0,0,1,0,0,0,28,0,0,7,7,0,0.0,7,0,7,7,0,0.0,7,13.9,-0.3,0.79,Dropout,High,Nursing
STD261830,1,1,1,9147,1,1,128.0,1,38,37,5,6,122.1,0,0,0,1,0,1,18,0,0,5,11,4,11.571428571428571,0,0,5,9,5,12.0,0,13.9,-0.3,0.79,Enrolled,Low,Management
STD261831,1,1,1,9853,1,1,162.0,1,37,19,9,8,142.8,0,0,1,1,0,0,18,0,0,6,10,5,13.0,0,0,6,10,4,11.5,0,12.7,3.7,-1.7,Dropout,Low,Basic Education
STD261832,1,1,1,9238,1,1,130.0,1,1,1,4,4,124.8,0,0,0,1,0,1,18,0,0,6,9,6,11.5,0,0,6,11,5,14.0,0,11.1,0.6,2.02,Graduate,Low,Social Service
STD261833,1,17,2,9147,1,1,134.0,1,37,19,9,8,126.3,1,0,0,1,0,1,18,0,0,5,8,5,11.8,0,0,5,10,5,11.6,3,16.2,0.3,-0.92,Graduate,Low,Management
STD261834,1,1,1,9147,1,1,133.1,1,19,19,9,9,119.0,1,0,0,0,0,1,19,0,0,5,7,3,10.666666666666666,0,0,5,10,3,12.285714285714286,0,10.8,1.4,1.74,Dropout,High,Management
STD261835,1,17,1,9500,1,1,137.0,1,19,38,3,9,124.9,0,0,0,1,0,1,19,0,0,7,11,6,13.8875,0,0,8,9,8,14.864444444444445,0,15.5,2.8,-4.06,Graduate,Low,Nursing
STD261836,1,1,1,9238,1,1,133.1,1,38,38,191,192,118.0,0,0,1,1,0,1,20,0,0,6,7,5,11.4,0,0,6,9,6,11.5,0,8.9,1.4,3.51,Graduate,Low,Social Service
STD261837,2,43,1,8014,0,1,110.0,1,37,19,9,3,100.0,0,0,0,1,0,0,34,0,9,11,17,9,12.333333333333334,0,3,7,12,7,12.142857142857142,0,9.4,-0.8,-3.12,Graduate,Low,Social Service (evening attendance)
STD261838,2,39,1,9500,1,1,133.1,1,37,37,9,9,109.0,1,0,0,1,0,0,39,0,0,7,8,5,12.16,0,0,7,8,5,12.16,0,7.6,2.6,0.32,Enrolled,Medium,Nursing
STD261839,1,17,3,9500,1,1,133.0,1,3,19,2,5,130.8,1,0,0,1,0,0,19,0,0,8,8,8,13.427499999999998,0,0,8,8,8,13.427499999999998,0,9.4,-0.8,-3.12,Graduate,Low,Nursing
STD261840,1,39,1,9070,1,1,130.0,1,1,19,4,4,110.0,1,0,0,1,0,0,24,0,0,6,6,6,15.166666666666666,0,0,6,6,2,15.5,0,15.5,2.8,-4.06,Graduate,Low,Communication Design
STD261841,1,10,1,9773,1,1,151.0,22,38,37,0,5,151.0,1,0,0,1,0,0,18,1,0,6,12,0,0.0,1,0,6,0,0,0.0,0,9.4,-0.8,-3.12,Dropout,High,Journalism and Communication
STD261842,1,17,1,9130,1,1,125.0,1,19,19,3,10,131.0,1,0,0,1,1,0,19,0,0,5,11,2,10.5,2,0,5,9,0,0.0,3,10.8,1.4,1.74,Dropout,High,Equinculture
STD261843,1,1,1,9147,1,1,158.0,1,1,38,3,6,155.2,0,0,0,1,1,1,18,0,0,5,5,5,11.8,0,0,5,8,3,11.0,0,9.4,-0.8,-3.12,Graduate,Low,Management
STD261844,1,1,2,9147,1,1,128.0,1,3,1,3,3,121.0,1,1,1,1,1,0,20,0,0,5,6,5,13.2,0,0,5,10,5,11.4,3,16.2,0.3,-0.92,Enrolled,Low,Management
STD261845,1,1,6,9500,1,1,133.0,1,1,1,9,9,119.7,1,1,1,1,1,0,19,0,2,7,8,7,13.075,0,1,8,11,8,12.36111111111111,0,12.4,0.5,1.79,Graduate,Low,Nursing
STD261846,1,1,1,9130,1,1,138.0,1,3,19,2,4,131.0,1,0,0,1,1,0,19,0,0,6,8,4,11.6,0,0,6,14,2,13.0,0,11.1,0.6,2.02,Dropout,Medium,Equinculture
STD261847,1,17,1,9003,1,1,126.0,1,37,3,5,2,116.9,0,0,0,1,1,0,19,0,0,6,10,6,13.666666666666666,0,0,6,10,4,12.25,0,13.9,-0.3,0.79,Dropout,Low,Agronomy
STD261848,2,39,1,9991,0,1,140.0,1,36,14,9,10,130.0,1,0,0,1,1,0,41,0,0,5,9,4,10.75,0,0,5,7,2,10.0,0,9.4,-0.8,-3.12,Dropout,Low,Management (evening attendance)
STD261849,1,1,2,9500,1,1,143.0,1,5,5,2,2,137.8,0,0,0,1,1,0,19,0,0,7,10,6,13.492857142857144,0,0,8,9,8,12.68888888888889,0,12.4,0.5,1.79,Graduate,Low,Nursing
STD261850,1,43,3,9254,1,1,135.0,1,3,3,2,2,122.1,0,0,0,1,1,0,19,0,0,6,14,3,12.5,0,0,6,9,4,11.0,0,12.7,3.7,-1.7,Enrolled,Medium,Tourism
STD261851,1,7,1,9500,1,3,120.0,1,1,1,7,10,120.0,1,0,0,0,1,0,23,0,0,7,0,0,0.0,0,0,8,0,0,0.0,0,12.7,3.7,-1.7,Dropout,High,Nursing
STD261852,1,1,1,9119,1,1,148.0,1,19,38,9,7,133.0,0,0,0,1,1,0,18,0,0,5,12,5,13.285714285714286,0,0,5,16,5,14.8,0,12.4,0.5,1.79,Dropout,Low,Informatics Engineering
STD261853,1,1,1,9147,1,1,126.0,1,3,19,3,3,115.2,0,0,0,1,1,0,19,0,0,5,6,5,12.6,0,0,5,13,5,11.8,5,16.2,0.3,-0.92,Graduate,Low,Management
STD261854,1,44,1,9003,1,39,160.0,1,3,3,2,10,160.0,1,0,0,1,1,0,20,0,0,6,7,6,14.0,0,0,6,7,6,14.666666666666666,0,12.4,0.5,1.79,Graduate,Low,Agronomy
STD261855,1,39,1,9085,1,1,140.0,1,37,37,90,90,106.3,0,0,1,0,1,0,35,0,0,5,7,2,11.5,0,0,5,8,2,10.5,0,7.6,2.6,0.32,Dropout,High,Veterinary Nursing
STD261856,4,39,2,9670,1,19,133.1,1,19,1,90,90,103.0,0,0,0,0,1,0,34,0,0,6,6,0,0.0,0,0,6,9,0,0.0,0,10.8,1.4,1.74,Dropout,High,Advertising and Marketing Management
STD261857,1,1,1,9070,1,1,136.0,1,3,3,9,9,136.0,1,0,1,0,0,1,19,0,0,6,6,6,11.833333333333334,0,0,6,8,6,12.875,0,10.8,1.4,1.74,Graduate,High,Communication Design
STD261858,1,15,1,9238,1,1,150.0,26,19,1,9,9,146.5,1,0,1,0,1,0,22,1,0,6,10,5,11.5,0,0,6,8,5,12.4,0,13.9,-0.3,0.79,Graduate,High,Social Service
STD261859,1,17,3,9070,1,1,130.0,1,1,4,4,2,131.4,0,0,0,1,1,0,20,0,0,6,6,6,14.166666666666666,0,0,6,8,6,12.333333333333334,0,11.1,0.6,2.02,Graduate,Low,Communication Design
STD261860,2,42,1,9991,0,1,130.0,1,3,2,2,2,130.0,0,0,0,1,1,0,27,0,2,2,2,2,12.5,0,0,5,6,2,12.5,0,12.7,3.7,-1.7,Enrolled,Low,Management (evening attendance)
STD261861,2,39,1,9119,1,1,110.0,1,19,19,0,5,137.0,0,0,1,1,1,0,30,0,0,5,5,0,0.0,0,0,5,5,0,0.0,0,7.6,2.6,0.32,Dropout,High,Informatics Engineering
STD261862,1,39,1,9119,1,1,110.0,1,1,1,4,4,125.9,0,0,0,1,1,0,34,0,0,5,7,0,0.0,0,0,5,8,1,11.0,0,10.8,1.4,1.74,Enrolled,High,Informatics Engineering
STD261863,1,1,1,9254,1,1,121.0,1,1,1,5,4,111.9,1,0,0,0,1,0,20,0,0,6,14,2,10.5,0,0,6,16,0,0.0,0,10.8,1.4,1.74,Dropout,High,Tourism
STD261864,1,17,1,9070,1,1,127.0,1,37,38,9,5,131.2,1,0,0,1,1,0,18,0,0,6,6,6,11.833333333333334,0,0,6,6,6,13.166666666666666,0,7.6,2.6,0.32,Graduate,Low,Communication Design
STD261865,1,1,1,9130,1,1,140.0,1,9,19,4,4,131.2,0,0,0,1,1,1,26,0,0,5,9,0,0.0,0,0,5,6,0,0.0,0,7.6,2.6,0.32,Dropout,High,Equinculture
STD261866,1,39,1,9991,0,1,130.0,1,1,1,3,7,140.0,0,0,0,1,1,0,26,0,0,5,5,5,12.4,0,0,5,5,5,12.4,0,15.5,2.8,-4.06,Graduate,Low,Management (evening attendance)
STD261867,1,39,2,9147,1,1,130.0,1,19,19,5,9,121.5,0,0,0,0,1,0,26,0,0,5,5,2,10.5,0,0,5,9,0,0.0,0,10.8,1.4,1.74,Dropout,High,Management
STD261868,1,39,1,9991,0,1,100.0,1,37,37,9,6,153.5,0,0,1,0,1,0,31,0,0,5,9,0,0.0,0,0,5,6,0,0.0,0,12.4,0.5,1.79,Dropout,High,Management (evening attendance)
STD261869,1,1,3,171,1,1,139.0,1,37,19,9,8,142.2,1,0,0,1,1,1,20,0,6,12,12,12,14.583333333333334,0,4,11,14,11,14.333333333333334,0,8.9,1.4,3.51,Graduate,Low,Animation and Multimedia Design
STD261870,1,1,1,9773,1,1,150.0,1,19,11,0,0,131.1,1,0,0,1,1,0,19,0,0,6,6,6,11.666666666666666,0,0,6,10,3,12.666666666666666,0,7.6,2.6,0.32,Graduate,Low,Journalism and Communication
STD261871,1,17,1,9670,1,1,133.1,1,34,3,7,2,130.6,1,0,1,0,1,0,23,0,0,5,5,0,0.0,0,0,5,5,0,0.0,0,7.6,2.6,0.32,Dropout,High,Advertising and Marketing Management
STD261872,1,1,6,9500,1,1,119.0,1,1,1,4,4,115.0,1,0,0,1,1,1,20,0,0,7,14,1,13.0,0,0,7,15,0,0.0,0,11.1,0.6,2.02,Dropout,High,Nursing
STD261873,1,51,1,9500,1,1,170.0,1,1,1,4,10,125.0,0,0,0,1,1,0,20,0,0,7,7,7,15.66,0,7,10,11,9,15.011111111111113,0,11.1,0.6,2.02,Graduate,Low,Nursing
STD261874,1,39,1,8014,0,1,133.1,1,34,34,0,0,97.5,1,0,0,1,1,0,29,0,0,6,10,0,0.0,1,0,5,10,0,0.0,0,7.6,2.6,0.32,Dropout,High,Social Service (evening attendance)
STD261875,1,1,4,9773,1,1,133.0,1,19,19,7,7,134.4,1,0,0,1,1,1,20,0,0,6,6,6,12.166666666666666,0,0,6,8,4,12.75,0,9.4,-0.8,-3.12,Graduate,Low,Journalism and Communication
STD261876,1,1,1,9500,1,1,125.0,1,37,37,9,9,118.8,0,0,0,1,1,0,24,0,0,7,7,6,13.3,0,0,7,7,6,13.3,0,7.6,2.6,0.32,Graduate,Low,Nursing
STD261877,1,39,1,9556,1,19,133.1,1,42,1,3,7,110.5,0,0,0,1,1,0,37,0,0,7,15,0,0.0,0,0,7,13,0,0.0,1,11.1,0.6,2.02,Dropout,High,Oral Hygiene
STD261878,1,1,5,9500,1,1,143.0,1,37,19,4,4,123.3,1,0,0,1,1,0,18,0,0,7,0,0,0.0,0,0,8,0,0,0.0,0,7.6,2.6,0.32,Dropout,High,Nursing
STD261879,1,1,2,171,1,1,127.0,1,2,19,5,5,139.6,1,0,1,0,1,1,18,0,0,0,0,0,0.0,0,0,0,0,0,0.0,0,13.9,-0.3,0.79,Dropout,High,Animation and Multimedia Design
STD261880,1,17,1,9500,1,1,157.0,1,19,3,4,9,138.8,0,0,0,1,1,0,18,0,0,8,8,7,13.55714285714286,0,0,8,8,7,13.55714285714286,0,12.7,3.7,-1.7,Graduate,Low,Nursing
STD261881,2,44,1,9119,1,39,160.0,1,37,37,9,9,160.0,0,0,1,1,1,0,41,0,3,7,15,5,14.333333333333334,0,1,6,16,6,14.636363636363637,0,12.4,0.5,1.79,Enrolled,Medium,Informatics Engineering
STD261882,1,39,1,9003,1,1,140.0,1,37,37,9,4,140.0,0,0,0,1,1,0,35,0,0,6,16,4,12.0,0,0,6,11,3,10.333333333333334,0,13.9,-0.3,0.79,Dropout,Medium,Agronomy
STD261883,1,17,1,9254,1,1,128.0,1,19,38,9,9,118.2,0,0,0,1,0,0,19,0,0,5,5,0,0.0,0,0,6,0,0,0.0,0,8.9,1.4,3.51,Dropout,High,Tourism
STD261884,1,1,1,171,1,1,145.0,1,1,19,10,5,150.6,1,0,0,1,1,0,18,0,0,0,0,0,0.0,0,0,0,0,0,0.0,0,10.8,1.4,1.74,Graduate,High,Animation and Multimedia Design
STD261885,2,39,1,9500,1,1,133.1,1,37,37,191,172,115.2,0,0,0,1,0,0,48,0,0,7,11,4,11.75,0,0,7,14,3,11.725,0,11.1,0.6,2.02,Enrolled,Medium,Nursing
STD261886,1,1,1,9500,1,1,132.0,1,19,2,9,3,126.0,1,0,0,1,0,0,19,0,0,7,7,6,12.183333333333332,0,0,7,7,6,12.183333333333332,0,7.6,2.6,0.32,Graduate,Low,Nursing
STD261887,1,44,1,9003,1,39,160.0,1,37,37,9,7,160.0,1,0,0,0,1,0,30,0,4,9,18,6,11.833333333333334,0,1,8,21,4,11.0,0,15.5,2.8,-4.06,Dropout,High,Agronomy
STD261888,2,43,1,9773,1,1,160.0,1,37,37,5,0,160.0,0,0,1,0,1,0,51,0,0,4,4,0,0.0,0,0,4,4,0,0.0,0,12.7,3.7,-1.7,Dropout,High,Journalism and Communication
STD261889,1,10,1,9085,1,1,184.4,22,2,19,2,8,184.4,0,0,0,1,0,0,18,1,0,6,8,6,15.0,0,0,6,10,5,14.333333333333334,0,11.1,0.6,2.02,Graduate,Low,Veterinary Nursing
STD261890,1,1,1,171,1,1,149.0,1,1,1,9,3,156.0,1,0,0,1,0,0,18,0,0,0,0,0,0.0,0,0,0,0,0,0.0,0,10.8,1.4,1.74,Graduate,High,Animation and Multimedia Design
STD261891,1,1,1,171,1,1,146.0,1,40,43,4,4,150.2,1,0,0,1,0,0,18,0,0,0,0,0,0.0,0,0,0,0,0,0.0,0,11.1,0.6,2.02,Graduate,High,Animation and Multimedia Design
STD261892,1,1,5,9500,1,1,139.0,1,38,37,7,7,126.3,1,0,0,1,0,1,18,0,0,8,8,8,13.435,0,0,8,8,8,13.435,0,9.4,-0.8,-3.12,Graduate,Low,Nursing
STD261893,1,1,1,9130,1,1,152.0,1,2,22,4,3,146.1,1,0,0,1,0,0,18,0,0,5,8,4,13.5,2,0,5,9,0,0.0,3,10.8,1.4,1.74,Dropout,Low,Equinculture
STD261894,1,1,1,171,1,1,147.0,1,2,3,4,8,145.3,1,0,0,1,0,0,18,0,0,0,0,0,0.0,0,0,0,0,0,0.0,0,12.4,0.5,1.79,Enrolled,High,Animation and Multimedia Design
STD261895,1,18,1,171,1,1,121.0,1,1,1,4,3,116.8,1,0,0,1,0,0,23,0,15,17,18,17,11.5,0,16,17,17,17,12.176470588235292,0,12.4,0.5,1.79,Graduate,Low,Animation and Multimedia Design
STD261896,1,1,1,9070,1,1,124.0,1,19,19,7,9,132.1,1,0,0,1,0,0,19,0,0,6,10,2,10.5,0,0,6,6,3,11.0,0,7.6,2.6,0.32,Enrolled,High,Communication Design
STD261897,1,1,1,9085,1,1,105.0,1,19,37,8,8,102.6,0,1,0,1,0,0,21,0,0,6,13,4,12.0,0,0,6,17,2,11.5,0,11.1,0.6,2.02,Enrolled,Medium,Veterinary Nursing
STD261898,1,1,1,9773,1,1,121.0,1,3,3,2,2,112.3,1,0,1,0,0,0,18,0,0,6,7,5,12.2,0,0,6,11,4,11.5,0,11.1,0.6,2.02,Dropout,High,Journalism and Communication
STD261899,1,1,1,171,1,1,143.0,1,12,12,4,1,155.3,1,1,0,1,0,0,18,0,0,0,0,0,0.0,0,0,0,0,0,0.0,0,11.1,0.6,2.02,Graduate,High,Animation and Multimedia Design
STD261900,1,53,1,9085,1,42,150.0,1,3,1,2,8,153.8,1,0,0,1,0,0,21,0,7,11,15,10,14.5,0,4,9,15,8,14.0,0,8.9,1.4,3.51,Graduate,Low,Veterinary Nursing
STD261901,1,43,1,9773,1,1,126.0,1,1,37,3,0,110.0,0,0,1,1,0,0,20,0,0,6,7,6,13.333333333333334,0,0,6,8,6,12.666666666666666,0,12.4,0.5,1.79,Graduate,Low,Journalism and Communication
STD261902,1,42,1,9085,1,1,133.1,1,1,9,4,4,128.2,0,0,0,1,0,0,24,0,5,11,29,9,12.0,6,4,10,21,9,12.555555555555555,0,9.4,-0.8,-3.12,Graduate,Low,Veterinary Nursing
STD261903,1,1,1,9130,1,1,127.0,1,1,1,4,4,120.4,1,0,0,1,0,0,18,0,0,6,9,6,15.125,0,0,6,9,6,14.0,0,13.9,-0.3,0.79,Graduate,Low,Equinculture
STD261904,1,17,1,9500,1,1,160.0,1,19,1,4,10,153.0,1,0,0,1,0,0,18,0,0,7,7,6,13.116666666666667,0,0,7,7,6,13.116666666666667,0,7.6,2.6,0.32,Graduate,Low,Nursing
STD261905,1,1,1,9773,1,1,121.0,1,19,1,7,9,117.9,1,0,0,1,0,0,19,0,0,6,7,6,12.833333333333334,0,0,6,7,6,11.666666666666666,0,11.1,0.6,2.02,Graduate,Low,Journalism and Communication
STD261906,1,44,1,9238,1,39,150.0,1,1,37,4,8,145.6,1,0,0,1,0,1,20,0,3,6,6,6,13.333333333333334,0,2,6,6,6,14.166666666666666,0,13.9,-0.3,0.79,Graduate,Low,Social Service
STD261907,1,1,6,9500,1,1,117.0,1,4,12,5,9,119.8,1,0,0,1,0,0,18,0,0,7,7,7,13.877142857142855,0,0,8,8,8,15.6625,0,12.4,0.5,1.79,Graduate,Low,Nursing
STD261908,1,1,6,9500,1,1,141.0,1,19,1,9,10,126.8,1,0,0,1,0,0,18,0,0,8,8,7,12.944285714285714,0,0,8,8,7,12.944285714285714,0,10.8,1.4,1.74,Graduate,Low,Nursing
STD261909,1,17,1,9853,1,1,112.0,1,2,19,3,9,106.1,1,0,0,1,0,0,19,0,0,6,8,5,12.333333333333334,0,0,6,8,5,11.0,0,15.5,2.8,-4.06,Enrolled,Low,Basic Education
STD261910,1,1,1,9500,1,1,148.0,1,3,3,2,2,137.3,1,0,0,1,0,0,19,0,0,7,7,6,14.266666666666666,0,0,7,7,6,14.266666666666666,0,7.6,2.6,0.32,Graduate,Low,Nursing
STD261911,1,1,2,9670,1,1,120.0,1,3,19,4,5,115.5,1,0,0,1,0,0,18,0,0,6,8,5,13.0,0,0,6,8,5,14.0,0,13.9,-0.3,0.79,Graduate,Low,Advertising and Marketing Management
STD261912,1,1,2,9500,1,1,132.0,1,37,37,5,7,127.5,1,0,0,1,0,0,20,0,0,8,8,8,12.48375,0,0,8,8,8,12.48375,0,9.4,-0.8,-3.12,Graduate,Low,Nursing
STD261913,1,1,2,9556,1,1,125.0,1,38,1,9,3,116.3,1,0,0,1,0,0,18,0,0,7,8,7,13.428571428571429,0,0,8,8,8,15.3125,0,16.2,0.3,-0.92,Graduate,Low,Oral Hygiene
STD261914,2,17,3,8014,0,1,123.0,1,19,37,3,3,113.2,0,0,1,0,0,0,18,0,0,6,9,3,10.666666666666666,0,0,6,12,0,0.0,0,7.6,2.6,0.32,Dropout,High,Social Service (evening attendance)
STD261915,1,1,1,9853,1,1,142.0,1,12,12,9,4,132.6,1,0,0,1,0,0,18,0,0,6,8,5,15.4,0,0,6,7,5,12.2,0,7.6,2.6,0.32,Graduate,Low,Basic Education
STD261916,1,1,4,9500,1,1,148.0,1,1,37,4,8,132.0,1,0,0,1,0,0,18,0,0,7,7,6,13.45,0,0,7,7,6,13.45,0,7.6,2.6,0.32,Graduate,Low,Nursing
STD261917,1,17,5,9500,1,1,136.0,1,19,38,5,8,130.3,1,0,0,1,0,1,18,0,0,7,7,6,12.6,0,0,7,7,6,12.6,0,7.6,2.6,0.32,Graduate,Low,Nursing
STD261918,1,1,4,9500,1,1,123.0,1,19,38,9,10,116.7,1,0,0,1,0,0,20,0,0,7,7,7,12.485714285714286,0,0,8,12,8,12.9375,0,16.2,0.3,-0.92,Graduate,Low,Nursing
STD261919,1,1,2,9070,1,1,135.0,1,19,37,9,9,134.0,1,0,0,1,0,1,22,0,0,6,10,5,10.8,0,0,6,7,5,12.8,0,12.7,3.7,-1.7,Graduate,Low,Communication Design
STD261920,1,43,1,9670,1,1,151.0,1,19,19,1,1,100.0,0,0,1,1,0,0,20,0,0,6,12,5,12.2,0,0,6,8,5,14.6,0,13.9,-0.3,0.79,Enrolled,Low,Advertising and Marketing Management
STD261921,1,44,1,9085,1,39,140.0,1,1,1,3,7,140.0,1,0,0,1,0,0,20,0,2,6,11,5,14.2,0,0,6,12,2,13.5,0,13.9,-0.3,0.79,Enrolled,Low,Veterinary Nursing
STD261922,1,1,2,9238,1,1,136.0,1,37,38,9,8,139.2,1,0,0,1,0,0,18,0,0,6,7,6,13.833333333333334,0,0,6,6,6,14.0,0,9.4,-0.8,-3.12,Graduate,Low,Social Service
STD261923,1,1,1,9853,1,1,142.0,1,19,1,9,1,132.6,0,0,0,1,0,0,18,0,0,6,8,5,12.8,0,0,6,14,3,10.0,0,9.4,-0.8,-3.12,Enrolled,Low,Basic Education
STD261924,1,17,3,9147,1,1,142.0,1,37,38,5,1,129.4,0,0,0,1,0,0,18,0,0,5,5,5,13.2,0,0,5,6,4,12.5,0,9.4,-0.8,-3.12,Graduate,Low,Management
STD261925,1,17,1,9670,1,1,127.0,1,1,38,4,7,125.6,0,0,1,1,0,1,18,0,0,6,7,1,14.0,0,0,6,6,0,0.0,0,15.5,2.8,-4.06,Dropout,High,Advertising and Marketing Management
STD261926,1,17,1,9238,1,1,131.0,1,1,1,4,10,129.3,0,0,0,1,0,0,19,0,4,8,8,8,13.875,0,1,6,8,5,14.0,0,11.1,0.6,2.02,Graduate,Low,Social Service
STD261927,1,1,1,9085,1,1,134.0,1,38,19,9,4,128.4,1,0,0,1,0,1,19,0,0,5,7,5,12.5,0,0,5,8,5,12.714285714285714,0,10.8,1.4,1.74,Graduate,Low,Veterinary Nursing
STD261928,1,17,2,9773,1,1,142.0,1,19,19,9,9,139.9,0,0,0,1,0,1,18,0,0,6,7,6,13.428571428571429,0,0,6,6,6,12.5,0,13.9,-0.3,0.79,Graduate,Low,Journalism and Communication
STD261929,1,1,1,9070,1,1,123.0,1,38,38,9,5,124.8,0,0,0,0,0,1,18,0,0,6,7,5,11.8,0,0,6,7,5,13.0,0,8.9,1.4,3.51,Enrolled,High,Communication Design
STD261930,1,17,3,9500,1,1,133.0,1,1,1,9,9,128.5,1,0,0,1,0,1,18,0,0,7,7,7,14.868571428571428,0,0,8,9,8,15.11111111111111,0,11.1,0.6,2.02,Graduate,Low,Nursing
STD261931,1,1,4,9500,1,1,125.0,1,19,1,1,1,117.8,1,0,0,1,0,0,18,0,0,7,10,7,13.03,0,0,8,8,8,13.21875,0,15.5,2.8,-4.06,Graduate,Low,Nursing
STD261932,1,17,1,9670,1,1,120.0,1,38,38,5,7,115.1,1,0,0,1,0,0,19,0,0,6,7,6,14.571428571428571,0,0,6,7,6,12.333333333333334,0,12.4,0.5,1.79,Graduate,Low,Advertising and Marketing Management
STD261933,1,17,2,9238,1,1,125.0,1,19,19,3,3,118.0,1,0,0,1,0,0,18,0,0,6,9,5,11.0,0,0,6,9,4,11.25,0,8.9,1.4,3.51,Graduate,Low,Social Service
STD261934,1,39,1,9500,1,19,133.1,1,19,37,9,4,120.0,0,0,0,1,0,1,25,0,0,8,8,8,13.3675,0,0,8,8,8,13.3675,0,9.4,-0.8,-3.12,Graduate,Low,Nursing
STD261935,1,1,4,9500,1,1,133.1,1,19,38,9,9,119.6,1,0,0,1,0,1,19,0,0,7,7,6,12.808333333333332,0,0,8,11,7,12.825714285714286,0,12.4,0.5,1.79,Graduate,Low,Nursing
STD261936,1,17,6,9500,1,1,143.0,1,1,38,3,3,133.2,1,0,0,1,0,0,18,0,0,7,7,7,13.918571428571427,0,0,8,9,8,13.8875,0,11.1,0.6,2.02,Graduate,Low,Nursing
STD261937,1,17,1,9130,1,1,147.0,1,4,1,2,10,141.8,1,0,0,1,0,0,19,0,0,6,8,6,13.0,0,0,6,9,4,12.8,0,13.9,-0.3,0.79,Graduate,Low,Equinculture
STD261938,2,1,1,9500,1,1,142.0,1,19,38,4,5,130.3,0,0,0,1,0,0,18,0,0,7,7,6,13.683333333333332,0,0,7,7,6,13.683333333333332,0,7.6,2.6,0.32,Graduate,Low,Nursing
STD261939,1,39,1,9085,1,1,150.0,1,19,19,4,10,100.0,0,0,0,1,0,0,24,0,1,6,11,5,13.0,0,1,6,12,1,12.0,0,13.9,-0.3,0.79,Dropout,Low,Veterinary Nursing
STD261940,1,1,2,9773,1,1,124.0,1,3,3,3,4,114.6,1,0,0,1,0,0,21,0,0,6,8,5,12.8,0,0,6,7,5,11.2,0,11.1,0.6,2.02,Graduate,Low,Journalism and Communication
STD261941,1,1,2,9254,1,1,136.0,1,1,1,9,4,123.4,1,0,0,1,0,1,18,0,0,6,9,6,13.571428571428571,0,0,6,6,6,12.166666666666666,0,8.9,1.4,3.51,Graduate,Low,Tourism
STD261942,1,1,1,9238,1,1,116.0,1,38,38,9,6,116.4,1,0,0,1,0,0,18,0,0,6,6,6,13.166666666666666,0,0,6,6,6,13.166666666666666,0,8.9,1.4,3.51,Graduate,Low,Social Service
STD261943,2,1,1,9070,1,1,127.0,1,12,19,9,9,123.2,0,0,0,1,0,1,20,0,0,6,6,6,15.0,0,0,6,6,6,14.5,0,11.1,0.6,2.02,Graduate,Low,Communication Design
STD261944,1,1,1,9070,1,1,117.0,1,4,19,3,5,123.7,1,0,0,1,0,0,19,0,0,6,6,6,12.666666666666666,0,0,6,8,5,11.4,0,12.4,0.5,1.79,Graduate,Low,Communication Design
STD261945,1,1,2,9773,1,1,116.0,1,1,19,4,7,127.6,1,0,0,1,0,1,19,0,0,6,7,6,13.857142857142858,0,0,6,7,6,13.142857142857142,0,13.9,-0.3,0.79,Dropout,Low,Journalism and Communication
STD261946,1,1,4,9500,1,1,129.0,1,37,37,9,9,117.1,1,0,0,1,0,0,30,0,0,7,7,7,14.692857142857145,0,0,8,8,8,14.9625,0,12.4,0.5,1.79,Graduate,Low,Nursing
STD261947,1,1,1,9500,1,1,157.0,1,19,38,5,3,149.3,0,0,0,1,0,0,18,0,0,8,8,8,14.035,0,0,8,8,8,14.035,0,9.4,-0.8,-3.12,Graduate,Low,Nursing
STD261948,1,17,1,9085,1,1,135.0,1,1,19,4,10,125.6,1,0,0,1,0,0,18,0,0,5,8,4,11.0,1,0,5,8,3,14.0,0,12.7,3.7,-1.7,Graduate,Low,Veterinary Nursing
STD261949,1,1,1,9773,1,1,139.0,1,38,38,9,9,145.0,1,0,0,1,0,1,18,0,0,6,6,6,13.333333333333334,0,0,6,6,6,13.333333333333334,0,9.4,-0.8,-3.12,Graduate,Low,Journalism and Communication
STD261950,1,18,1,9500,1,1,115.0,1,38,37,5,5,115.0,0,0,0,1,0,0,20,0,0,7,13,6,11.7725,0,0,8,9,7,12.33,0,15.5,2.8,-4.06,Graduate,Low,Nursing
STD261951,1,1,1,9254,1,1,123.0,1,38,38,4,7,114.3,0,0,0,1,0,0,19,0,0,6,0,0,0.0,0,0,6,0,0,0.0,0,11.1,0.6,2.02,Dropout,High,Tourism
STD261952,1,43,2,9254,1,1,140.0,1,19,19,9,9,126.0,1,0,0,1,0,0,19,0,0,6,0,0,0.0,0,0,6,12,0,0.0,0,10.8,1.4,1.74,Dropout,High,Tourism
STD261953,1,1,1,171,1,1,138.0,1,19,37,7,7,124.0,1,0,0,0,0,0,19,0,0,0,0,0,0.0,0,0,0,0,0,0.0,0,10.8,1.4,1.74,Dropout,High,Animation and Multimedia Design
STD261954,1,1,4,9254,1,1,132.0,1,1,38,5,6,122.6,1,0,0,1,0,1,18,0,0,6,7,6,12.285714285714286,0,0,6,6,6,12.0,0,8.9,1.4,3.51,Graduate,Low,Tourism
STD261955,1,1,4,9500,1,1,140.0,1,3,19,2,3,133.8,1,0,0,1,0,0,17,0,0,8,14,5,12.46,0,0,8,14,5,12.46,0,10.8,1.4,1.74,Enrolled,Medium,Nursing
STD261956,1,18,1,9853,1,1,117.0,1,19,38,4,0,113.5,1,0,0,1,0,0,19,0,0,7,10,6,12.166666666666666,0,0,7,9,6,13.166666666666666,0,12.4,0.5,1.79,Graduate,Low,Basic Education
STD261957,1,1,4,9238,1,1,125.0,1,19,1,4,5,122.6,1,1,0,1,0,0,18,0,0,6,9,5,11.833333333333334,0,0,6,8,2,11.5,0,13.9,-0.3,0.79,Enrolled,Low,Social Service
STD261958,1,7,1,9500,1,3,140.0,1,37,37,4,4,140.0,0,0,0,1,0,0,25,0,0,8,8,7,14.805714285714286,0,0,8,8,7,14.805714285714286,0,10.8,1.4,1.74,Graduate,Low,Nursing
STD261959,1,1,1,9238,1,1,133.1,1,12,38,4,9,107.0,1,0,0,1,0,0,19,0,0,6,11,5,10.6,0,0,6,10,6,11.714285714285714,0,11.1,0.6,2.02,Dropout,Low,Social Service
STD261960,1,53,1,9085,1,42,130.0,1,19,1,9,9,130.0,1,0,1,0,0,0,24,0,7,9,9,8,13.125,0,4,9,13,6,13.0,0,8.9,1.4,3.51,Enrolled,High,Veterinary Nursing
STD261961,1,1,1,9238,1,1,134.0,1,1,1,4,9,124.2,1,0,1,1,0,1,19,0,0,6,6,6,12.833333333333334,0,0,6,6,6,12.666666666666666,0,9.4,-0.8,-3.12,Graduate,Low,Social Service
STD261962,1,18,1,9500,1,1,128.0,1,19,1,9,4,125.8,0,0,0,1,0,1,20,0,0,8,8,0,0.0,8,0,8,8,0,0.0,8,9.4,-0.8,-3.12,Enrolled,High,Nursing
STD261963,1,1,1,9670,1,1,115.0,1,1,1,5,4,108.0,1,0,0,1,0,1,20,0,0,6,9,5,13.0,0,0,6,6,5,13.8,0,12.4,0.5,1.79,Graduate,Low,Advertising and Marketing Management
STD261964,1,1,2,9500,1,1,119.0,1,1,1,4,4,115.2,1,0,0,1,0,1,20,0,0,7,8,7,12.725,0,0,8,8,8,13.7125,0,13.9,-0.3,0.79,Graduate,Low,Nursing
STD261965,1,17,1,9085,1,1,131.0,1,1,3,4,1,129.3,1,0,0,1,0,0,19,0,0,5,10,4,11.25,1,0,5,10,3,10.333333333333334,0,12.7,3.7,-1.7,Graduate,Low,Veterinary Nursing
STD261966,1,7,1,9003,1,4,120.0,1,3,1,2,4,120.0,1,0,0,1,0,0,31,0,8,12,12,11,13.818181818181818,0,4,12,16,12,13.461538461538462,0,15.5,2.8,-4.06,Graduate,Low,Agronomy
STD261967,1,1,1,9085,1,1,120.0,1,1,19,3,4,116.7,0,0,0,1,0,0,20,0,0,5,12,3,12.333333333333334,2,0,5,8,3,13.0,1,9.4,-0.8,-3.12,Graduate,Medium,Veterinary Nursing
STD261968,1,1,3,9085,1,1,135.0,1,3,2,4,3,121.0,1,0,0,1,0,0,18,0,0,5,14,3,12.333333333333334,2,0,5,8,5,11.6,0,9.4,-0.8,-3.12,Enrolled,Medium,Veterinary Nursing
STD261969,1,17,1,9853,1,1,146.0,1,1,1,3,4,128.2,0,0,1,1,0,0,18,0,0,6,8,4,13.25,0,0,6,10,3,10.666666666666666,0,12.7,3.7,-1.7,Enrolled,Medium,Basic Education
STD261970,1,1,4,9670,1,1,133.0,1,1,2,4,7,121.1,1,0,0,1,0,0,18,0,0,6,7,6,13.666666666666666,0,0,6,9,5,15.4,0,13.9,-0.3,0.79,Graduate,Low,Advertising and Marketing Management
STD261971,1,51,1,9238,1,1,122.0,1,19,3,5,2,112.6,0,0,1,1,0,0,20,0,5,11,18,8,12.625,0,4,10,10,3,11.0,0,11.1,0.6,2.02,Enrolled,Medium,Social Service
STD261972,1,17,1,9085,1,1,128.0,1,2,19,2,4,123.3,1,0,0,1,0,1,20,0,0,6,6,6,14.833333333333334,0,0,6,8,6,12.142857142857142,0,8.9,1.4,3.51,Graduate,Low,Veterinary Nursing
STD261973,1,17,2,9670,1,1,129.0,1,19,19,5,4,129.4,0,0,0,1,0,1,19,0,0,6,7,5,11.2,0,0,6,10,5,13.125,0,10.8,1.4,1.74,Dropout,Low,Advertising and Marketing Management
STD261974,1,17,1,9147,1,1,122.0,1,19,19,4,6,119.9,0,0,0,1,0,1,21,0,0,5,6,5,11.4,0,0,5,6,5,12.2,0,12.7,3.7,-1.7,Graduate,Low,Management
STD261975,1,1,4,9500,1,1,140.0,1,1,12,3,10,131.6,1,0,0,1,0,0,18,0,0,7,8,7,13.135,0,0,8,9,8,13.244444444444444,0,12.4,0.5,1.79,Graduate,Low,Nursing
STD261976,1,51,1,9070,1,1,143.0,1,1,1,4,4,120.0,1,0,0,1,0,0,21,0,3,10,10,10,13.0,0,5,11,11,10,11.4,0,11.1,0.6,2.02,Dropout,Low,Communication Design
STD261977,1,1,4,9500,1,1,118.0,1,19,19,3,3,110.0,1,0,0,1,0,0,19,0,0,7,12,4,12.85,0,0,7,7,7,12.62142857142857,0,11.1,0.6,2.02,Enrolled,Medium,Nursing
STD261978,1,44,1,9238,1,39,140.0,1,1,19,191,102,143.0,0,0,0,1,0,0,20,0,3,6,6,6,13.5,0,2,6,9,5,12.5,0,13.9,-0.3,0.79,Graduate,Low,Social Service
STD261979,1,44,1,9085,1,1,140.0,1,1,2,3,3,140.0,0,0,0,1,0,0,20,0,0,6,7,6,14.285714285714286,0,0,6,9,3,13.0,0,13.9,-0.3,0.79,Enrolled,Low,Veterinary Nursing
STD261980,1,1,1,9670,1,1,123.0,1,12,1,9,9,119.2,1,0,0,1,0,1,18,0,0,6,8,5,13.5,0,0,6,6,6,14.5,0,12.4,0.5,1.79,Graduate,Low,Advertising and Marketing Management
STD261981,1,1,1,9147,1,1,140.0,1,19,19,9,9,124.3,1,0,0,1,0,1,18,0,0,5,8,4,10.75,0,0,5,5,5,13.0,0,12.4,0.5,1.79,Graduate,Low,Management
STD261982,1,17,1,9238,1,1,116.0,1,19,19,7,7,111.1,1,0,0,1,0,1,18,0,0,6,9,6,11.333333333333334,0,0,6,9,6,11.833333333333334,0,8.9,1.4,3.51,Graduate,Low,Social Service
STD261983,1,43,1,9085,1,39,150.0,1,38,37,6,6,150.0,1,0,0,1,0,1,21,0,2,7,15,3,13.0,2,1,5,12,5,13.285714285714286,1,10.8,1.4,1.74,Graduate,High,Veterinary Nursing
STD261984,1,1,1,9500,1,1,147.0,1,38,19,5,8,147.3,0,0,0,1,0,0,18,0,0,7,7,6,13.966666666666669,0,0,7,7,6,13.966666666666669,0,7.6,2.6,0.32,Graduate,Low,Nursing
STD261985,1,1,1,9500,1,1,162.0,1,19,1,5,5,147.5,1,0,0,1,0,1,18,0,0,8,8,8,14.14125,0,0,8,8,8,14.14125,0,9.4,-0.8,-3.12,Graduate,Low,Nursing
STD261986,1,17,2,9254,1,1,108.0,1,37,37,9,7,108.0,1,0,0,1,0,1,20,0,0,6,10,4,11.6,0,0,6,10,4,11.75,0,12.7,3.7,-1.7,Graduate,Medium,Tourism
STD261987,2,42,1,9500,1,2,130.0,1,37,37,9,9,130.0,0,0,0,1,0,1,32,0,0,8,8,8,14.6625,0,0,8,8,8,14.6625,0,9.4,-0.8,-3.12,Graduate,Low,Nursing
STD261988,2,39,1,9991,0,1,140.0,1,37,37,9,10,130.0,0,0,0,1,0,0,34,0,0,5,5,0,0.0,0,0,5,5,0,0.0,0,9.4,-0.8,-3.12,Enrolled,High,Management (evening attendance)
STD261989,1,1,2,9500,1,1,116.0,1,19,37,3,3,109.0,1,0,0,1,0,1,23,0,0,7,8,6,12.993333333333334,0,0,8,9,8,12.66875,0,11.1,0.6,2.02,Graduate,Low,Nursing
STD261990,1,1,5,9670,1,1,120.0,1,4,1,4,10,112.0,1,0,0,1,0,0,18,0,0,6,10,4,11.25,0,0,6,11,5,12.2,0,8.9,1.4,3.51,Enrolled,Medium,Advertising and Marketing Management
STD261991,1,17,1,8014,0,1,132.0,1,37,19,5,5,121.2,0,0,0,1,0,0,18,0,0,6,8,5,12.2,0,0,6,10,5,12.8,0,10.8,1.4,1.74,Graduate,Low,Social Service (evening attendance)
STD261992,1,43,1,171,1,2,140.0,1,37,37,9,9,140.0,1,0,0,1,0,0,34,0,0,0,0,0,0.0,0,0,0,0,0,0.0,0,10.8,1.4,1.74,Dropout,High,Animation and Multimedia Design
STD261993,1,39,1,8014,0,1,120.0,100,1,1,4,7,119.5,0,0,1,1,0,0,25,1,2,6,6,6,11.333333333333334,0,0,6,6,4,11.75,0,8.9,1.4,3.51,Enrolled,Low,Social Service (evening attendance)
STD261994,1,1,1,9147,1,1,136.0,1,37,38,193,181,125.9,0,0,0,1,0,0,21,0,0,5,7,5,12.2,0,0,5,7,5,11.8,0,11.1,0.6,2.02,Graduate,Low,Management
STD261995,1,1,1,9254,1,1,133.0,1,19,9,0,0,121.5,1,0,0,1,0,1,20,0,0,6,12,0,0.0,0,0,6,12,0,0.0,0,7.6,2.6,0.32,Dropout,High,Tourism
STD261996,1,1,5,9238,1,1,126.0,1,30,19,0,2,121.5,1,0,0,1,0,0,18,0,0,6,8,6,11.333333333333334,0,0,6,6,6,11.666666666666666,0,7.6,2.6,0.32,Graduate,Low,Social Service
STD261997,1,17,1,9085,1,1,142.0,1,3,37,4,8,132.4,1,0,0,1,0,0,18,0,0,6,8,6,13.857142857142858,0,0,6,15,6,13.1,0,12.4,0.5,1.79,Graduate,Low,Veterinary Nursing
STD261998,1,17,1,9773,1,1,121.0,1,37,37,9,9,122.4,0,0,0,1,0,0,18,0,0,6,7,6,12.857142857142858,0,0,6,6,6,13.333333333333334,0,13.9,-0.3,0.79,Graduate,Low,Journalism and Communication
STD261999,1,39,1,8014,0,1,134.0,1,37,38,4,7,110.0,1,0,0,1,0,0,24,0,0,6,10,1,10.0,0,0,6,12,0,0.0,0,9.4,-0.8,-3.12,Dropout,High,Social Service (evening attendance)
STD262000,1,51,1,9147,1,1,140.0,1,19,19,9,7,120.4,0,0,1,0,0,0,32,0,14,15,17,14,10.214285714285714,0,13,13,13,13,11.384615384615383,0,16.2,0.3,-0.92,Graduate,High,Management
STD262001,1,39,1,9254,1,1,133.1,1,1,1,9,6,105.0,1,0,1,0,0,0,24,0,0,6,14,6,11.285714285714286,0,0,6,16,3,10.333333333333334,0,8.9,1.4,3.51,Dropout,High,Tourism
STD262002,1,1,1,9238,1,1,157.0,1,38,37,9,5,137.8,0,0,0,1,0,1,18,0,0,6,6,6,13.833333333333334,0,0,6,7,0,0.0,0,15.5,2.8,-4.06,Dropout,Low,Social Service
STD262003,1,51,1,9254,1,1,120.0,1,38,38,9,9,118.0,0,0,0,1,0,0,28,0,0,6,8,6,12.857142857142858,0,0,6,8,5,12.6,0,8.9,1.4,3.51,Graduate,Low,Tourism
STD262004,1,17,5,9853,1,1,134.0,1,19,38,4,8,122.1,1,0,0,1,0,1,18,0,0,6,8,6,11.666666666666666,0,0,6,9,4,12.0,0,10.8,1.4,1.74,Dropout,Low,Basic Education
STD262005,1,7,1,9853,1,3,140.0,1,34,34,0,0,140.0,1,0,0,0,0,0,24,0,0,6,12,0,0.0,0,0,5,10,0,0.0,0,9.4,-0.8,-3.12,Dropout,High,Basic Education
STD262006,1,1,1,9085,1,1,133.0,1,1,37,4,10,143.2,0,0,0,1,0,0,19,0,0,5,7,5,14.4,0,0,5,6,5,13.2,0,7.6,2.6,0.32,Graduate,Low,Veterinary Nursing
STD262007,2,39,1,8014,0,1,146.0,1,37,37,9,8,120.5,0,0,0,1,0,0,44,0,0,6,6,6,14.833333333333334,0,0,6,6,6,14.166666666666666,0,10.8,1.4,1.74,Graduate,Low,Social Service (evening attendance)
STD262008,1,16,3,9085,1,1,130.0,1,37,37,9,2,119.5,1,0,0,1,0,1,18,0,0,6,14,6,14.333333333333334,0,0,6,9,6,12.0,0,15.5,2.8,-4.06,Graduate,Low,Veterinary Nursing
STD262009,1,1,1,171,1,1,151.0,1,37,37,9,7,147.5,1,0,0,1,0,0,18,0,0,0,0,0,0.0,0,0,0,0,0,0.0,0,7.6,2.6,0.32,Graduate,High,Animation and Multimedia Design
STD262010,1,1,6,9773,1,1,133.1,1,1,1,90,90,129.6,0,0,0,1,0,0,22,0,0,6,0,0,0.0,0,0,6,0,0,0.0,0,7.6,2.6,0.32,Dropout,High,Journalism and Communication
STD262011,1,18,1,9853,1,1,132.0,1,37,37,9,5,126.1,0,0,0,1,0,1,18,0,0,7,9,6,12.333333333333334,0,0,7,7,6,12.666666666666666,0,11.1,0.6,2.02,Graduate,Low,Basic Education
STD262012,2,39,1,9991,0,1,110.0,1,37,37,9,4,160.0,0,0,0,1,0,0,44,0,0,5,5,5,11.8,0,0,5,5,5,12.4,0,15.5,2.8,-4.06,Graduate,Low,Management (evening attendance)
STD262013,5,39,1,9853,1,19,133.1,1,38,1,5,3,105.5,0,0,1,1,0,0,33,0,0,6,7,5,13.2,0,0,6,7,5,10.6,0,7.6,2.6,0.32,Dropout,Low,Basic Education
STD262014,2,39,1,9853,1,1,110.0,1,37,37,9,9,95.5,0,0,1,0,0,0,32,0,0,6,6,0,0.0,0,0,5,10,0,0.0,0,10.8,1.4,1.74,Dropout,High,Basic Education
STD262015,2,39,1,9003,1,1,133.1,1,19,19,4,4,107.5,0,0,0,0,0,0,35,0,0,6,0,0,0.0,0,0,6,0,0,0.0,0,15.5,2.8,-4.06,Dropout,High,Agronomy
STD262016,1,1,1,9238,1,1,105.0,1,19,19,6,6,106.1,1,0,0,1,0,0,20,0,0,6,6,6,11.5,0,0,6,7,6,13.285714285714286,0,11.1,0.6,2.02,Graduate,Low,Social Service
STD262017,1,39,1,9254,1,1,160.0,1,3,1,6,6,116.3,1,0,0,1,0,0,24,0,0,6,8,5,12.6,0,0,6,7,5,12.2,0,9.4,-0.8,-3.12,Graduate,Low,Tourism
STD262018,1,1,1,9500,1,1,144.0,1,38,1,9,10,137.4,0,0,0,1,0,0,19,0,0,7,7,7,13.542857142857144,0,0,8,9,8,14.22222222222222,0,16.2,0.3,-0.92,Graduate,Low,Nursing
STD262019,1,1,1,9254,1,1,100.0,1,19,19,5,5,101.8,1,0,0,1,0,0,21,0,0,6,8,5,11.6,0,0,6,6,5,13.0,0,12.4,0.5,1.79,Enrolled,Low,Tourism
STD262020,1,1,2,9773,1,1,143.0,1,1,1,4,9,144.1,1,0,0,1,1,1,19,0,0,6,7,6,13.666666666666666,0,0,6,6,6,13.833333333333334,0,12.7,3.7,-1.7,Graduate,Low,Journalism and Communication
STD262021,1,42,1,9003,1,1,160.0,1,19,1,9,5,107.8,1,0,0,0,1,0,27,0,0,6,10,0,0.0,0,0,6,8,0,0.0,0,15.5,2.8,-4.06,Dropout,High,Agronomy
STD262022,1,39,1,9853,1,1,140.0,1,19,1,9,4,128.2,0,0,0,0,0,0,30,0,0,6,0,0,0.0,0,0,6,0,0,0.0,0,12.7,3.7,-1.7,Dropout,High,Basic Education
STD262023,1,17,4,171,1,1,133.1,1,38,38,9,9,117.0,1,0,0,1,1,0,21,0,0,0,0,0,0.0,0,0,0,0,0,0.0,0,10.8,1.4,1.74,Dropout,High,Animation and Multimedia Design
STD262024,1,1,1,9070,1,1,116.0,1,1,12,5,8,110.4,1,0,0,1,1,0,19,0,0,6,6,6,11.5,0,0,6,8,6,12.285714285714286,0,8.9,1.4,3.51,Graduate,Low,Communication Design
STD262025,2,39,1,9991,0,1,120.0,1,37,37,9,10,170.0,0,0,0,1,0,0,34,0,0,5,12,2,11.5,0,0,5,9,4,11.75,0,9.4,-0.8,-3.12,Enrolled,High,Management (evening attendance)
STD262026,1,43,1,9500,1,1,141.0,1,4,19,4,10,100.0,0,0,0,1,1,0,18,0,0,7,7,7,11.828571428571427,0,0,8,10,7,12.9125,0,13.9,-0.3,0.79,Graduate,Low,Nursing
STD262027,1,1,1,171,1,1,110.0,1,3,2,3,3,117.0,1,0,0,1,1,0,21,0,0,0,0,0,0.0,0,0,0,0,0,0.0,0,9.4,-0.8,-3.12,Graduate,High,Animation and Multimedia Design
STD262028,1,1,2,171,1,1,127.0,1,3,39,1,3,133.5,1,0,0,1,1,0,17,0,0,0,0,0,0.0,0,0,0,0,0,0.0,0,15.5,2.8,-4.06,Enrolled,High,Animation and Multimedia Design
STD262029,1,1,1,9500,1,1,132.0,1,19,37,4,9,128.0,1,0,0,1,0,1,19,0,0,7,7,6,12.966666666666669,0,0,7,7,6,12.966666666666669,0,7.6,2.6,0.32,Graduate,Low,Nursing
STD262030,1,1,1,9773,1,1,135.0,1,37,38,9,6,122.1,1,0,0,1,1,0,18,0,0,6,6,6,13.833333333333334,0,0,6,6,6,13.666666666666666,0,12.7,3.7,-1.7,Graduate,Low,Journalism and Communication
STD262031,1,17,2,9500,1,1,135.0,1,19,19,9,10,133.4,1,0,0,1,0,0,19,0,0,7,7,7,14.125714285714285,0,0,8,8,8,14.36875,0,11.1,0.6,2.02,Graduate,Low,Nursing
STD262032,4,39,1,9254,1,1,140.0,1,38,37,9,9,112.0,0,0,1,1,0,0,45,0,4,10,12,5,12.166666666666666,4,2,8,8,0,0.0,2,12.7,3.7,-1.7,Dropout,Medium,Tourism
STD262033,1,39,1,9085,1,1,133.1,1,19,37,9,6,130.0,1,0,0,1,0,0,26,0,0,6,17,6,12.666666666666666,0,0,6,21,4,12.25,0,15.5,2.8,-4.06,Graduate,Low,Veterinary Nursing
STD262034,2,39,2,9991,0,1,100.0,1,37,37,9,9,100.0,1,0,0,1,1,0,51,0,0,4,4,0,0.0,0,0,5,0,0,0.0,0,12.7,3.7,-1.7,Dropout,High,Management (evening attendance)
STD262035,2,39,1,9773,1,19,133.1,1,37,37,6,6,162.0,0,0,1,1,1,1,49,0,0,6,8,6,12.285714285714286,0,0,6,7,6,14.166666666666666,0,10.8,1.4,1.74,Graduate,Low,Journalism and Communication
STD262036,1,42,1,9500,1,1,100.0,1,3,19,2,8,153.0,0,0,0,1,1,0,22,0,3,6,7,3,14.5,0,4,7,8,4,14.375,0,15.5,2.8,-4.06,Enrolled,Medium,Nursing
STD262037,1,17,1,9147,1,1,137.0,1,1,37,5,9,131.4,1,0,0,1,1,0,22,0,0,5,8,2,10.0,0,0,5,7,1,10.0,0,7.6,2.6,0.32,Dropout,High,Management
STD262038,2,7,1,9130,1,3,120.0,1,3,3,1,1,128.2,0,0,0,1,0,0,33,0,1,5,11,2,11.5,1,1,5,8,2,12.0,0,9.4,-0.8,-3.12,Dropout,High,Equinculture
STD262039,1,10,1,9670,1,1,148.9,22,37,37,9,9,148.9,0,0,0,1,0,0,20,1,0,5,6,5,11.6,0,0,5,6,4,11.5,0,9.4,-0.8,-3.12,Graduate,Low,Advertising and Marketing Management
STD262040,1,1,4,9238,1,1,134.0,1,38,19,7,7,128.4,1,0,0,1,0,1,18,0,0,6,6,6,12.5,0,0,6,6,6,11.666666666666666,0,10.8,1.4,1.74,Graduate,Low,Social Service
STD262041,1,1,5,9853,1,1,128.0,1,38,37,9,9,120.3,1,0,1,0,0,0,20,0,0,6,9,3,11.666666666666666,0,0,6,10,2,11.0,0,10.8,1.4,1.74,Dropout,High,Basic Education
STD262042,2,57,1,9991,0,1,133.1,41,38,37,4,6,100.0,0,0,0,1,0,0,37,1,5,10,11,7,13.428571428571429,0,5,10,11,10,11.6,0,8.9,1.4,3.51,Graduate,Medium,Management (evening attendance)
STD262043,1,1,1,9254,1,1,131.0,2,37,1,9,3,126.1,1,0,0,1,1,0,18,1,0,6,6,6,13.666666666666666,0,0,6,6,6,13.5,0,7.6,2.6,0.32,Graduate,Low,Tourism
STD262044,1,1,3,9254,1,1,118.0,1,1,19,9,9,111.7,1,0,0,1,0,0,19,0,0,6,6,6,12.5,0,0,6,6,6,12.166666666666666,0,12.4,0.5,1.79,Graduate,Low,Tourism
STD262045,1,44,1,9085,1,39,140.0,1,1,19,3,3,140.0,1,0,0,1,0,0,21,0,2,6,7,6,13.0,0,1,6,15,4,12.8,0,12.4,0.5,1.79,Graduate,Low,Veterinary Nursing
STD262046,1,1,2,9500,1,1,133.0,1,19,1,9,1,122.2,0,0,0,1,0,0,20,0,0,7,9,6,12.783333333333331,0,0,8,9,7,12.842857142857143,0,13.9,-0.3,0.79,Graduate,Low,Nursing
STD262047,1,1,2,9500,1,1,126.0,1,37,1,7,7,118.7,1,0,0,1,0,0,19,0,0,7,0,0,0.0,0,0,8,0,0,0.0,0,13.9,-0.3,0.79,Dropout,High,Nursing
STD262048,1,17,2,9556,1,1,125.0,1,38,19,7,7,121.5,1,0,0,1,0,0,20,0,0,7,13,4,13.5,0,0,7,11,4,11.225,0,11.1,0.6,2.02,Dropout,Medium,Oral Hygiene
STD262049,1,17,4,9500,1,1,138.0,1,3,1,2,5,134.5,1,0,0,1,0,0,18,0,0,7,7,7,13.457142857142856,0,0,8,8,8,15.125,0,13.9,-0.3,0.79,Graduate,Low,Nursing
STD262050,1,1,4,9500,1,1,140.0,1,1,19,9,7,127.0,1,0,0,1,0,0,19,0,0,8,8,7,13.44285714285714,0,0,8,8,7,13.44285714285714,0,12.7,3.7,-1.7,Graduate,Low,Nursing
STD262051,1,1,1,9238,1,1,124.0,1,37,38,9,3,114.2,0,0,0,1,0,0,18,0,0,6,13,4,11.0,0,0,6,12,5,10.833333333333334,0,15.5,2.8,-4.06,Graduate,Medium,Social Service
STD262052,1,17,1,9238,1,1,133.0,1,38,38,7,7,125.3,1,0,0,1,0,1,18,0,0,6,6,6,11.333333333333334,0,0,6,7,6,12.285714285714286,0,15.5,2.8,-4.06,Graduate,Low,Social Service
STD262053,1,1,2,9773,1,1,127.0,1,1,19,4,5,120.4,1,0,0,1,0,0,18,0,0,5,7,2,10.0,0,0,1,1,0,0.0,0,12.7,3.7,-1.7,Dropout,High,Journalism and Communication
STD262054,1,1,6,9500,1,1,138.0,1,1,38,3,9,123.0,1,0,0,1,0,0,19,0,0,7,10,5,13.44,0,0,7,8,6,13.066666666666668,0,12.4,0.5,1.79,Enrolled,Medium,Nursing
STD262055,1,1,2,9556,1,1,142.0,1,1,19,4,5,130.5,1,0,0,1,0,1,18,0,0,7,8,7,12.214285714285714,0,0,8,8,8,14.0625,0,16.2,0.3,-0.92,Graduate,Low,Oral Hygiene
STD262056,1,1,1,9070,1,1,130.0,41,37,19,9,8,125.5,1,0,0,1,0,1,19,1,0,6,6,6,14.166666666666666,0,0,6,6,6,13.5,0,11.1,0.6,2.02,Graduate,Low,Communication Design
STD262057,1,53,1,9003,1,42,130.0,1,1,19,9,7,133.8,0,0,1,1,0,1,24,0,7,12,13,12,12.846153846153848,0,5,11,13,11,12.636363636363637,0,8.9,1.4,3.51,Graduate,Low,Agronomy
STD262058,1,44,1,9085,1,39,150.0,1,37,37,9,9,150.0,0,0,0,1,0,0,20,0,2,6,8,6,13.0,0,1,6,18,2,12.0,0,12.4,0.5,1.79,Enrolled,Low,Veterinary Nursing
STD262059,1,1,1,9147,1,1,127.0,1,1,19,5,7,130.5,1,0,0,1,0,1,21,0,0,5,6,5,12.8,1,0,5,7,4,11.25,0,9.4,-0.8,-3.12,Graduate,Low,Management
STD262060,1,44,1,9085,1,39,140.0,1,38,37,4,10,140.0,0,0,1,0,0,0,20,0,1,6,13,4,13.0,0,1,6,11,5,12.0,0,16.2,0.3,-0.92,Dropout,High,Veterinary Nursing
STD262061,1,17,6,9500,1,1,126.0,1,19,37,3,9,119.4,1,0,0,1,0,1,19,0,0,7,7,7,13.371428571428572,0,0,8,9,8,13.666666666666666,0,16.2,0.3,-0.92,Graduate,Low,Nursing
STD262062,1,17,5,9556,1,1,139.0,1,19,19,9,8,121.3,1,0,0,1,0,1,19,0,0,7,8,7,13.385714285714286,0,0,8,8,8,13.3875,0,10.8,1.4,1.74,Graduate,Low,Oral Hygiene
STD262063,1,1,3,9500,1,1,141.0,1,1,1,9,9,126.3,1,0,0,1,0,0,18,0,0,8,8,7,13.328571428571427,0,0,8,8,7,13.328571428571427,0,12.7,3.7,-1.7,Graduate,Low,Nursing
STD262064,1,1,1,9085,1,1,120.0,1,38,38,4,7,111.6,1,0,0,1,0,0,19,0,0,6,12,5,14.0,0,0,6,14,5,11.0,0,16.2,0.3,-0.92,Graduate,Low,Veterinary Nursing
STD262065,1,17,4,9147,1,1,120.0,1,38,19,9,9,111.3,1,0,0,1,0,0,21,0,0,5,5,5,12.6,0,0,5,5,5,13.2,0,8.9,1.4,3.51,Graduate,Low,Management
STD262066,1,1,2,9853,1,1,134.0,1,1,38,9,8,122.5,1,0,0,1,0,1,19,0,0,6,7,6,14.0,0,0,6,6,6,15.0,0,15.5,2.8,-4.06,Graduate,Low,Basic Education
STD262067,1,1,5,9254,1,1,128.0,1,19,1,7,10,116.5,1,0,0,1,0,1,18,0,0,6,7,6,13.428571428571429,0,0,6,6,6,12.666666666666666,0,8.9,1.4,3.51,Graduate,Low,Tourism
STD262068,1,17,5,9070,1,1,133.0,1,4,1,4,4,132.0,1,1,0,1,0,1,17,0,0,6,6,6,13.0,0,0,6,6,6,12.5,0,15.5,2.8,-4.06,Graduate,Low,Communication Design
STD262069,1,18,4,9853,1,1,123.0,1,19,38,4,10,123.7,1,0,0,1,0,0,19,0,0,6,8,5,12.666666666666666,0,0,6,8,5,11.0,0,15.5,2.8,-4.06,Enrolled,Low,Basic Education
STD262070,1,17,6,9147,1,1,118.0,1,37,1,9,7,117.0,1,0,0,0,1,0,23,0,0,5,9,3,10.0,1,0,5,9,3,12.333333333333334,0,9.4,-0.8,-3.12,Dropout,High,Management
STD262071,1,1,1,9670,1,1,113.0,1,1,37,1,10,116.5,1,0,0,1,0,0,19,0,0,6,7,6,12.833333333333334,0,0,6,10,6,11.77777777777778,0,8.9,1.4,3.51,Graduate,Low,Advertising and Marketing Management
STD262072,1,1,1,9500,1,1,135.0,1,19,3,9,4,121.5,1,0,0,1,0,0,18,0,0,7,7,6,12.916666666666666,0,0,7,7,6,12.916666666666666,0,7.6,2.6,0.32,Graduate,Low,Nursing
STD262073,1,1,1,9670,1,1,133.1,1,38,38,5,9,105.0,1,0,0,1,0,0,20,0,0,6,9,6,13.285714285714286,0,0,6,8,5,13.8,0,15.5,2.8,-4.06,Graduate,Low,Advertising and Marketing Management
STD262074,1,1,3,9085,1,1,130.0,1,1,19,9,9,121.3,1,0,0,1,0,1,19,0,0,5,6,5,14.6,0,0,5,5,5,13.8,0,10.8,1.4,1.74,Graduate,Low,Veterinary Nursing
STD262075,1,1,1,9238,1,1,135.0,1,19,38,3,9,136.1,1,0,0,1,0,1,18,0,0,6,6,6,14.0,0,0,6,6,6,13.666666666666666,0,12.4,0.5,1.79,Graduate,Low,Social Service
STD262076,1,17,2,9238,1,1,133.0,1,37,37,9,4,123.6,0,0,0,1,0,1,19,0,0,6,7,6,14.142857142857142,0,0,6,6,6,15.0,0,13.9,-0.3,0.79,Graduate,Low,Social Service
STD262077,1,1,4,9238,1,1,123.0,1,38,1,4,10,129.0,1,0,0,1,0,0,19,0,0,6,8,6,11.666666666666666,0,0,6,6,6,12.333333333333334,0,10.8,1.4,1.74,Graduate,Low,Social Service
STD262078,1,17,1,9500,1,1,145.0,1,19,37,4,8,136.8,1,0,0,1,0,0,18,0,0,8,9,8,14.3775,1,0,8,9,8,14.3775,1,9.4,-0.8,-3.12,Graduate,Low,Nursing
STD262079,1,17,2,9500,1,1,146.0,1,3,3,3,6,133.4,1,0,0,1,0,0,18,0,0,7,8,7,12.5,0,0,8,9,7,13.042857142857144,0,13.9,-0.3,0.79,Graduate,Low,Nursing
STD262080,1,1,5,9500,1,1,144.0,1,38,38,7,7,136.0,1,0,0,1,0,1,19,0,0,7,7,6,14.15,0,0,7,7,6,14.15,0,7.6,2.6,0.32,Graduate,Low,Nursing
STD262081,1,1,1,9500,1,1,144.0,1,38,37,9,9,125.8,0,0,0,1,0,1,19,0,0,8,12,7,12.471428571428572,0,0,8,12,7,12.471428571428572,0,12.7,3.7,-1.7,Graduate,Low,Nursing
STD262082,1,1,1,9500,1,1,131.0,1,4,4,2,1,120.5,0,0,0,1,0,0,19,0,0,7,7,6,14.15,0,0,7,7,6,14.15,0,7.6,2.6,0.32,Graduate,Low,Nursing
STD262083,1,1,2,9500,1,1,141.0,1,37,37,9,8,130.2,1,0,0,1,0,0,21,0,0,7,11,7,14.072222222222225,0,0,8,8,8,14.0475,0,15.5,2.8,-4.06,Graduate,Low,Nursing
STD262084,1,1,3,9773,1,1,138.0,1,3,1,2,3,135.9,1,0,0,1,0,0,18,0,0,6,7,6,14.857142857142858,0,0,6,6,6,14.666666666666666,0,13.9,-0.3,0.79,Graduate,Low,Journalism and Communication
STD262085,1,1,1,9773,1,1,127.0,1,19,37,9,9,116.5,0,0,0,1,0,1,19,0,0,6,7,6,14.285714285714286,0,0,6,6,6,13.166666666666666,0,11.1,0.6,2.02,Graduate,Low,Journalism and Communication
STD262086,1,1,4,9773,1,1,124.0,1,19,37,99,90,124.0,0,0,0,0,0,0,18,0,0,4,4,0,0.0,0,0,4,4,0,0.0,0,12.7,3.7,-1.7,Dropout,High,Journalism and Communication
STD262087,1,7,1,8014,0,3,140.0,1,1,1,4,4,140.0,0,0,0,1,0,0,30,0,0,6,0,0,0.0,0,0,6,0,0,0.0,0,10.8,1.4,1.74,Dropout,High,Social Service (evening attendance)
STD262088,1,17,1,9130,1,1,157.0,1,3,2,3,6,150.9,1,0,0,1,0,0,18,0,0,6,8,6,15.0,0,0,6,8,5,15.166666666666666,0,13.9,-0.3,0.79,Dropout,Low,Equinculture
STD262089,1,1,3,9500,1,1,129.0,1,19,19,4,8,127.3,1,0,0,1,0,1,20,0,0,7,7,6,12.633333333333333,0,0,7,7,6,12.633333333333333,0,7.6,2.6,0.32,Graduate,Low,Nursing
STD262090,1,39,1,9670,1,19,133.1,1,1,1,4,7,100.0,0,0,1,0,0,0,25,0,0,5,5,5,11.2,0,0,5,5,5,12.6,0,9.4,-0.8,-3.12,Dropout,High,Advertising and Marketing Management
STD262091,1,1,5,9500,1,1,142.0,1,38,37,5,7,128.8,1,0,0,1,0,0,18,0,0,7,7,6,14.233333333333334,0,0,7,7,6,14.233333333333334,0,7.6,2.6,0.32,Graduate,Low,Nursing
STD262092,5,1,3,9085,1,1,133.0,1,19,19,4,7,119.7,1,0,0,1,0,0,21,0,0,5,13,5,12.2,2,0,5,10,3,11.333333333333334,1,9.4,-0.8,-3.12,Enrolled,Low,Veterinary Nursing
STD262093,1,1,1,9500,1,1,156.0,1,5,4,2,1,140.8,0,0,0,1,0,0,18,0,0,8,8,7,15.7,0,0,8,8,7,15.7,0,12.7,3.7,-1.7,Graduate,Low,Nursing
STD262094,1,1,1,9500,1,1,151.0,1,37,37,9,9,138.0,1,0,0,1,0,0,18,0,0,7,7,6,15.2,0,0,7,7,6,15.2,0,7.6,2.6,0.32,Graduate,Low,Nursing
STD262095,1,17,1,9853,1,1,135.0,1,3,3,2,2,132.9,1,0,0,0,0,0,29,0,0,6,9,6,16.333333333333332,0,0,6,8,5,15.6,0,12.7,3.7,-1.7,Dropout,High,Basic Education
STD262096,1,43,1,9130,1,1,140.0,1,3,3,2,2,140.0,0,0,0,1,0,0,20,0,10,17,29,14,12.5625,4,7,12,24,12,12.857142857142858,1,15.5,2.8,-4.06,Graduate,Low,Equinculture
STD262097,1,7,1,9500,1,3,140.0,1,3,1,4,4,140.0,0,0,0,1,0,0,26,0,0,7,0,0,0.0,0,0,8,0,0,0.0,0,13.9,-0.3,0.79,Dropout,High,Nursing
STD262098,1,1,2,9238,1,1,100.0,1,38,1,7,7,99.3,1,0,0,1,0,0,21,0,0,6,8,5,12.4,0,0,6,6,6,12.0,0,12.4,0.5,1.79,Graduate,Low,Social Service
STD262099,1,18,1,9500,1,1,126.0,1,37,19,5,5,119.3,0,0,0,1,0,1,19,0,0,8,9,8,13.78125,1,0,8,9,8,13.78125,1,9.4,-0.8,-3.12,Graduate,Low,Nursing
STD262100,1,17,2,9254,1,1,123.0,1,19,19,5,5,113.2,1,0,1,1,0,0,19,0,0,6,10,6,12.166666666666666,0,0,6,8,5,11.666666666666666,0,16.2,0.3,-0.92,Dropout,Low,Tourism
STD262101,1,17,1,9773,1,1,133.1,1,38,38,9,5,117.0,0,0,0,1,0,0,21,0,0,6,8,5,11.8,0,0,6,8,5,11.833333333333334,0,15.5,2.8,-4.06,Enrolled,Low,Journalism and Communication
STD262102,1,18,1,8014,0,1,137.0,1,1,1,4,3,123.0,0,0,1,1,0,0,20,0,0,6,13,4,10.8,0,0,6,15,4,12.0,0,16.2,0.3,-0.92,Graduate,Medium,Social Service (evening attendance)
STD262103,1,1,6,9500,1,1,138.0,1,37,37,9,8,127.2,1,0,0,1,0,1,18,0,0,7,8,7,13.26,0,0,8,8,8,14.28625,0,15.5,2.8,-4.06,Graduate,Low,Nursing
STD262104,1,1,2,9773,1,1,128.0,1,34,19,3,0,141.0,1,0,0,0,0,0,20,0,0,6,10,4,12.0,0,0,6,15,3,10.666666666666666,0,7.6,2.6,0.32,Dropout,High,Journalism and Communication
STD262105,1,1,1,9238,1,1,136.0,1,19,38,9,9,121.7,0,1,0,1,0,1,20,0,0,6,9,6,11.875,0,0,6,7,6,14.428571428571429,0,16.2,0.3,-0.92,Graduate,Low,Social Service
STD262106,1,43,1,9500,1,1,127.0,1,19,19,4,7,121.1,0,0,0,1,0,1,18,0,0,7,11,5,12.16,0,0,7,7,2,13.4,0,16.2,0.3,-0.92,Enrolled,Medium,Nursing
STD262107,1,16,1,9070,1,1,145.0,1,1,1,3,3,146.1,1,0,0,1,0,0,18,0,0,6,6,1,15.0,0,0,6,7,4,12.5,0,9.4,-0.8,-3.12,Enrolled,High,Communication Design
STD262108,1,1,1,9773,1,1,140.0,1,37,37,9,9,142.5,1,0,0,1,0,0,18,0,0,6,6,6,13.333333333333334,0,0,6,9,5,13.2,0,9.4,-0.8,-3.12,Graduate,Low,Journalism and Communication
STD262109,1,17,1,9085,1,1,138.0,1,2,19,2,9,126.8,1,0,0,1,0,0,18,0,0,5,12,2,11.5,0,0,5,12,3,11.8,2,10.8,1.4,1.74,Enrolled,High,Veterinary Nursing
STD262110,1,44,1,9085,1,39,150.0,1,3,3,2,2,150.0,1,0,0,1,0,0,22,0,2,6,7,6,14.428571428571429,0,1,6,9,5,13.0,0,13.9,-0.3,0.79,Graduate,Low,Veterinary Nursing
STD262111,1,44,3,9085,1,39,150.0,1,1,19,4,1,150.0,1,0,0,1,0,0,19,0,0,5,10,1,13.0,1,0,5,8,3,15.333333333333334,0,12.7,3.7,-1.7,Enrolled,High,Veterinary Nursing
STD262112,1,17,1,9003,1,1,131.0,1,19,1,9,2,134.5,1,0,0,1,0,1,19,0,0,6,7,6,15.0,0,0,6,8,6,14.333333333333334,0,12.4,0.5,1.79,Graduate,Low,Agronomy
STD262113,1,1,2,9556,1,1,136.0,1,19,19,9,9,129.5,1,0,0,1,0,0,18,0,0,7,9,7,15.155555555555557,0,0,8,8,8,16.8,0,12.7,3.7,-1.7,Graduate,Low,Oral Hygiene
STD262114,1,1,1,9238,1,1,117.0,1,38,38,175,183,113.2,1,0,1,1,0,0,20,0,0,6,8,6,10.666666666666666,0,0,6,7,6,11.857142857142858,0,11.1,0.6,2.02,Graduate,Low,Social Service
STD262115,1,17,1,9853,1,1,158.0,1,38,37,5,5,140.2,1,0,0,1,0,0,18,0,0,6,9,5,11.0,0,0,6,9,4,11.25,0,10.8,1.4,1.74,Dropout,Low,Basic Education
STD262116,1,17,2,9670,1,1,129.0,1,1,19,5,5,119.2,1,0,0,1,0,0,21,0,0,6,0,0,0.0,0,0,6,0,0,0.0,0,8.9,1.4,3.51,Dropout,High,Advertising and Marketing Management
STD262117,1,1,1,9238,1,1,140.0,1,1,19,4,4,140.7,0,0,0,1,0,0,19,0,0,6,7,6,12.285714285714286,0,0,6,7,6,12.0,0,12.4,0.5,1.79,Graduate,Low,Social Service
STD262118,1,1,5,9500,1,1,141.0,1,38,38,9,9,142.3,1,0,0,1,0,0,18,0,0,8,8,8,12.82875,0,0,8,8,8,12.82875,0,9.4,-0.8,-3.12,Dropout,Low,Nursing
STD262119,1,1,4,9773,1,1,132.0,11,12,12,90,4,129.9,1,0,0,1,0,0,18,1,0,6,6,6,12.666666666666666,0,0,6,8,5,14.4,0,7.6,2.6,0.32,Graduate,Low,Journalism and Communication
STD262120,1,17,1,171,1,1,133.0,1,1,1,6,7,134.8,1,0,0,1,0,0,18,0,0,0,0,0,0.0,0,0,0,0,0,0.0,0,12.4,0.5,1.79,Enrolled,High,Animation and Multimedia Design
STD262121,1,17,1,9085,1,1,109.0,1,19,19,4,9,104.1,1,0,1,0,0,1,21,0,0,6,16,2,13.0,0,0,6,8,0,0.0,0,15.5,2.8,-4.06,Dropout,High,Veterinary Nursing
STD262122,1,1,1,9147,1,1,135.0,1,1,38,5,5,122.4,0,0,1,1,0,0,19,0,0,5,10,5,10.875,0,0,5,8,4,12.4,0,13.9,-0.3,0.79,Graduate,Low,Management
STD262123,1,1,1,9147,1,1,122.0,1,37,37,9,7,120.6,1,0,0,1,0,1,19,0,0,5,5,5,12.8,0,0,5,8,5,11.6,0,9.4,-0.8,-3.12,Graduate,Low,Management
STD262124,1,17,3,9238,1,1,118.0,1,1,19,4,10,112.4,1,0,0,1,0,0,19,0,0,6,10,5,11.285714285714286,0,0,6,7,0,0.0,0,16.2,0.3,-0.92,Dropout,Low,Social Service
STD262125,1,1,1,171,1,1,174.0,1,5,3,3,3,157.9,0,0,0,1,0,0,18,0,0,0,0,0,0.0,0,0,0,0,0,0.0,0,13.9,-0.3,0.79,Graduate,High,Animation and Multimedia Design
STD262126,1,43,1,9254,1,1,142.0,1,38,38,9,9,125.9,0,0,0,1,0,1,19,0,0,6,0,0,0.0,0,0,6,11,1,10.0,0,10.8,1.4,1.74,Dropout,High,Tourism
STD262127,1,17,2,9500,1,1,131.0,1,38,1,5,7,118.4,1,0,0,1,0,1,20,0,0,7,9,6,13.766666666666666,0,0,8,9,8,13.744444444444444,0,16.2,0.3,-0.92,Dropout,Low,Nursing
STD262128,1,1,3,9500,1,1,139.0,1,18,18,1,1,130.8,1,0,0,0,0,0,18,0,0,8,9,6,12.758333333333333,1,0,8,9,6,12.758333333333333,1,9.4,-0.8,-3.12,Dropout,High,Nursing
STD262129,1,1,1,171,1,1,170.0,1,19,19,8,8,176.7,1,0,0,1,0,1,19,0,0,0,0,0,0.0,0,0,0,0,0,0.0,0,11.1,0.6,2.02,Dropout,High,Animation and Multimedia Design
STD262130,1,1,1,9070,1,1,182.0,1,19,1,5,7,156.8,1,0,0,1,0,0,18,0,0,6,6,6,12.666666666666666,0,0,6,8,6,13.25,0,10.8,1.4,1.74,Graduate,Low,Communication Design
STD262131,1,1,1,9085,1,1,125.0,1,19,37,3,7,126.8,0,0,0,1,0,0,18,0,0,6,13,6,12.0,0,0,6,16,4,12.75,0,11.1,0.6,2.02,Enrolled,Low,Veterinary Nursing
STD262132,1,1,1,9238,1,1,142.0,1,1,37,5,7,128.0,0,0,0,1,0,1,19,0,0,6,8,6,12.25,0,0,6,8,6,12.0,0,16.2,0.3,-0.92,Graduate,Low,Social Service
STD262133,1,1,2,9147,1,1,119.0,1,19,37,4,5,113.8,1,0,0,1,0,0,20,0,0,5,8,3,11.333333333333334,0,0,5,8,5,12.2,0,7.6,2.6,0.32,Graduate,Medium,Management
STD262134,1,17,5,9500,1,1,128.0,1,1,1,4,5,120.8,1,0,0,1,0,1,19,0,0,7,9,7,13.507142857142856,0,0,8,12,8,13.05,0,16.2,0.3,-0.92,Graduate,Low,Nursing
STD262135,1,1,3,9500,1,1,150.0,1,19,38,1,1,130.8,1,0,0,1,0,0,18,0,0,8,8,7,13.614285714285714,0,0,8,8,7,13.614285714285714,0,12.7,3.7,-1.7,Graduate,Low,Nursing
STD262136,1,39,1,9254,1,1,133.1,1,19,1,4,1,101.0,0,0,1,1,0,0,25,0,0,6,6,0,0.0,0,0,6,6,0,0.0,0,15.5,2.8,-4.06,Dropout,High,Tourism
STD262137,1,17,5,9070,1,1,131.0,1,37,37,9,9,126.1,1,0,0,0,0,0,18,0,0,6,9,4,11.5,1,0,6,6,6,12.166666666666666,0,7.6,2.6,0.32,Graduate,High,Communication Design
STD262138,1,1,5,9773,1,1,118.0,1,38,19,9,9,113.8,1,0,0,1,0,0,19,0,0,6,7,6,12.333333333333334,0,0,6,7,6,12.5,0,8.9,1.4,3.51,Graduate,Low,Journalism and Communication
STD262139,1,17,2,9556,1,1,122.0,1,19,38,4,8,118.3,1,0,0,1,0,1,19,0,0,7,7,7,11.971428571428572,0,0,8,8,8,14.4375,0,15.5,2.8,-4.06,Graduate,Low,Oral Hygiene
STD262140,1,1,1,9147,1,1,116.0,1,19,19,5,8,127.9,0,0,1,0,0,1,20,0,0,5,12,2,13.0,1,0,5,13,2,11.5,0,9.4,-0.8,-3.12,Dropout,High,Management
STD262141,1,17,5,9500,1,1,137.0,1,1,1,5,4,131.1,1,0,0,1,0,0,18,0,0,7,9,7,12.385714285714286,0,0,8,9,7,12.728571428571428,0,13.9,-0.3,0.79,Enrolled,Low,Nursing
STD262142,1,17,4,9085,1,1,128.0,1,38,37,4,9,117.9,1,0,0,1,0,0,20,0,0,5,12,2,13.5,0,0,5,12,5,11.285714285714286,1,10.8,1.4,1.74,Graduate,High,Veterinary Nursing
STD262143,1,17,1,9238,1,1,123.0,1,1,1,9,9,115.7,1,0,0,1,0,0,21,0,0,6,8,6,12.166666666666666,0,0,6,7,6,13.285714285714286,0,11.1,0.6,2.02,Graduate,Low,Social Service
STD262144,1,1,2,171,1,1,133.1,1,3,1,2,3,141.0,1,0,0,1,0,0,19,0,0,0,0,0,0.0,0,0,0,0,0,0.0,0,12.7,3.7,-1.7,Graduate,High,Animation and Multimedia Design
STD262145,2,39,1,8014,0,12,110.0,1,37,37,7,9,120.0,0,0,0,1,0,0,42,0,0,6,6,6,11.666666666666666,0,0,6,6,6,13.666666666666666,0,10.8,1.4,1.74,Graduate,Low,Social Service (evening attendance)
STD262146,1,17,1,9130,1,1,143.0,1,3,3,2,2,131.8,1,0,1,0,0,0,18,0,0,6,9,5,12.4,0,0,6,12,5,14.166666666666666,0,8.9,1.4,3.51,Enrolled,High,Equinculture
STD262147,1,1,1,9070,1,1,150.0,1,37,37,9,6,131.1,0,0,0,1,0,1,19,0,0,6,7,5,13.4,0,0,6,6,6,12.833333333333334,0,15.5,2.8,-4.06,Graduate,Low,Communication Design
STD262148,1,1,6,9254,1,1,129.0,1,38,19,9,5,117.8,1,0,0,1,0,0,18,0,0,6,11,6,12.0,0,0,6,11,4,12.5,0,8.9,1.4,3.51,Graduate,Low,Tourism
STD262149,1,10,1,9085,1,1,140.0,1,19,19,4,5,140.0,1,0,0,1,0,0,21,0,0,5,6,5,14.2,0,0,5,5,5,14.8,0,10.8,1.4,1.74,Graduate,Low,Veterinary Nursing
STD262150,1,1,1,9238,1,1,133.1,1,38,37,5,5,108.0,0,0,0,1,0,1,20,0,0,6,8,6,12.125,0,0,6,7,6,14.428571428571429,0,16.2,0.3,-0.92,Graduate,Low,Social Service
STD262151,1,1,1,9853,1,1,132.0,1,1,19,3,3,122.9,1,0,0,1,0,0,20,0,0,7,7,7,13.857142857142858,0,0,7,7,7,13.285714285714286,0,11.1,0.6,2.02,Graduate,Low,Basic Education
STD262152,1,44,1,9085,1,39,130.0,1,3,1,2,9,130.0,1,0,0,1,0,0,21,0,1,6,13,3,11.75,0,1,6,13,5,12.333333333333334,0,12.4,0.5,1.79,Enrolled,Medium,Veterinary Nursing
STD262153,1,1,4,9500,1,1,137.0,1,38,37,7,7,126.0,1,0,0,1,0,0,19,0,0,7,9,7,14.283333333333337,0,0,8,9,8,13.125555555555556,0,15.5,2.8,-4.06,Graduate,Low,Nursing
STD262154,1,42,1,9238,1,1,133.1,1,1,19,4,9,134.0,0,0,0,1,0,0,21,0,10,13,21,11,13.272727272727272,0,6,11,13,9,13.0,0,7.6,2.6,0.32,Graduate,Low,Social Service
STD262155,1,1,1,9070,1,1,143.0,1,38,19,151,193,134.3,1,1,0,1,0,0,19,0,0,6,6,6,14.666666666666666,0,0,6,7,6,15.142857142857142,0,8.9,1.4,3.51,Graduate,Low,Communication Design
STD262156,1,1,1,9500,1,1,148.0,1,19,19,9,9,138.7,0,0,0,1,0,1,19,0,0,7,10,7,15.114999999999998,0,0,8,10,8,15.092,0,15.5,2.8,-4.06,Graduate,Low,Nursing
STD262157,1,17,2,171,1,1,137.0,1,1,1,4,1,143.3,1,0,0,1,0,0,18,0,0,0,0,0,0.0,0,0,0,0,0,0.0,0,9.4,-0.8,-3.12,Enrolled,High,Animation and Multimedia Design
STD262158,1,44,1,9085,1,39,160.0,1,37,19,9,10,160.0,1,0,0,1,0,0,22,0,1,6,13,6,15.0,0,1,6,7,6,13.142857142857142,0,16.2,0.3,-0.92,Graduate,Low,Veterinary Nursing
STD262159,1,1,2,9853,1,1,112.0,1,3,1,3,5,111.0,0,0,0,1,0,0,21,0,0,6,8,5,13.2,0,0,6,9,5,14.333333333333334,0,9.4,-0.8,-3.12,Graduate,Low,Basic Education
STD262160,1,17,4,9254,1,1,133.0,1,37,37,5,8,128.5,1,0,0,1,0,1,18,0,0,6,14,2,11.0,0,0,6,14,3,10.333333333333334,0,7.6,2.6,0.32,Dropout,High,Tourism
STD262161,1,1,4,9500,1,1,142.0,1,1,3,1,2,133.0,0,0,0,1,0,1,20,0,0,8,8,7,14.565714285714288,0,0,8,8,7,14.565714285714288,0,10.8,1.4,1.74,Graduate,Low,Nursing
STD262162,1,17,2,9670,1,1,123.0,1,34,37,0,0,114.6,1,0,1,0,0,0,18,0,0,5,8,3,12.0,0,0,5,6,4,10.75,0,7.6,2.6,0.32,Dropout,High,Advertising and Marketing Management
STD262163,1,17,1,9238,1,1,103.0,1,19,37,7,9,104.1,0,0,0,1,0,0,20,0,0,6,6,0,0.0,0,0,5,5,0,0.0,0,8.9,1.4,3.51,Dropout,High,Social Service
STD262164,1,17,4,9500,1,1,140.0,1,1,1,3,3,127.6,1,0,0,1,0,0,23,0,0,7,7,6,13.796666666666669,0,0,8,11,7,13.775,0,12.4,0.5,1.79,Graduate,Low,Nursing
STD262165,1,1,2,9773,1,1,159.0,1,1,1,3,3,151.0,1,0,0,1,0,0,18,0,0,6,6,6,14.833333333333334,0,0,6,6,6,15.333333333333334,0,12.7,3.7,-1.7,Graduate,Low,Journalism and Communication
STD262166,1,44,1,9238,1,39,140.0,1,1,1,9,3,135.7,1,0,0,1,0,0,20,0,3,6,6,6,12.833333333333334,0,2,6,6,6,13.833333333333334,0,12.4,0.5,1.79,Graduate,Low,Social Service
STD262167,1,17,1,9500,1,1,148.0,1,38,37,5,9,137.8,1,0,0,1,0,1,18,0,0,8,8,7,14.962857142857144,0,0,8,8,7,14.962857142857144,0,10.8,1.4,1.74,Graduate,Low,Nursing
STD262168,1,1,6,9147,1,1,112.0,1,38,38,9,9,117.3,1,0,0,1,0,0,20,0,0,5,8,4,12.0,0,0,5,8,5,11.2,0,11.1,0.6,2.02,Graduate,Low,Management
STD262169,1,18,2,9500,1,1,131.0,1,1,3,3,2,121.2,1,0,0,1,0,0,18,0,0,7,8,7,12.4,0,0,8,9,8,12.8,0,16.2,0.3,-0.92,Graduate,Low,Nursing
STD262170,1,17,1,9670,1,1,145.0,1,3,3,2,1,129.3,1,0,0,1,0,0,20,0,0,6,7,6,15.571428571428571,0,0,6,6,6,17.166666666666668,0,16.2,0.3,-0.92,Graduate,Low,Advertising and Marketing Management
STD262171,1,1,5,9500,1,1,133.1,1,1,1,5,8,123.0,1,0,0,1,0,0,19,0,0,8,8,7,13.714285714285714,0,0,8,8,7,13.714285714285714,0,12.7,3.7,-1.7,Graduate,Low,Nursing
STD262172,1,44,1,9085,1,39,140.0,1,1,19,4,4,140.0,0,0,0,1,0,0,21,0,2,6,9,6,13.142857142857142,0,0,6,9,6,12.166666666666666,0,13.9,-0.3,0.79,Graduate,Low,Veterinary Nursing
STD262173,2,7,1,9070,1,43,140.0,1,37,1,9,7,140.0,0,0,0,1,0,0,33,0,0,6,7,6,15.0,0,0,6,8,3,11.0,0,11.1,0.6,2.02,Graduate,Low,Communication Design
STD262174,1,1,1,9085,1,1,150.0,1,12,2,4,2,144.6,0,0,1,0,0,0,24,0,0,5,6,1,13.0,0,0,5,5,0,0.0,0,7.6,2.6,0.32,Dropout,High,Veterinary Nursing
STD262175,1,43,1,9238,1,1,120.0,1,1,38,4,3,118.3,0,0,0,1,0,1,20,0,8,11,12,11,12.0,0,6,11,14,11,12.75,0,13.9,-0.3,0.79,Graduate,Low,Social Service
STD262176,1,1,1,171,1,1,156.0,1,19,38,9,1,153.6,1,0,0,1,0,0,18,0,0,0,0,0,0.0,0,0,0,0,0,0.0,0,9.4,-0.8,-3.12,Graduate,High,Animation and Multimedia Design
STD262177,1,1,4,9070,1,1,167.0,1,1,1,7,3,158.3,1,0,0,1,0,0,18,0,0,6,6,6,15.166666666666666,0,0,6,6,6,14.166666666666666,0,15.5,2.8,-4.06,Graduate,Low,Communication Design
STD262178,1,43,1,8014,0,6,133.1,1,34,34,0,0,100.0,0,0,1,1,0,0,29,0,1,6,9,4,12.0,0,1,6,13,2,10.5,0,7.6,2.6,0.32,Dropout,Medium,Social Service (evening attendance)
STD262179,1,17,1,9500,1,1,147.0,1,1,1,5,5,134.9,0,1,0,1,0,0,18,0,0,7,7,7,13.642857142857142,0,0,8,11,8,14.772727272727272,0,16.2,0.3,-0.92,Graduate,Low,Nursing
STD262180,1,1,3,9773,1,1,129.0,1,38,37,5,5,142.0,1,0,0,1,0,0,19,0,0,6,8,6,12.666666666666666,0,0,6,7,6,12.714285714285714,0,9.4,-0.8,-3.12,Graduate,Low,Journalism and Communication
STD262181,1,17,1,171,1,1,136.0,1,38,38,7,7,127.3,1,0,0,1,0,0,19,0,0,0,0,0,0.0,0,0,0,0,0,0.0,0,15.5,2.8,-4.06,Dropout,High,Animation and Multimedia Design
STD262182,1,17,1,9238,1,1,128.0,1,19,19,5,4,116.5,0,0,0,1,0,1,18,0,0,6,8,5,10.8,0,0,6,9,6,10.5,0,12.4,0.5,1.79,Graduate,Low,Social Service
STD262183,1,43,1,9500,1,1,140.0,1,19,19,7,7,138.6,0,0,0,1,0,1,19,0,0,7,9,6,14.25,0,0,8,11,8,13.063636363636364,0,16.2,0.3,-0.92,Graduate,Low,Nursing
STD262184,1,42,1,9853,1,1,141.0,1,37,19,9,3,133.0,0,0,0,1,0,0,20,0,6,14,22,12,12.153846153846152,0,5,12,18,10,12.9,0,10.8,1.4,1.74,Dropout,Low,Basic Education
STD262185,1,17,2,9238,1,1,133.0,1,2,1,3,4,136.2,1,0,0,1,0,0,19,0,0,6,14,1,11.5,0,0,6,12,2,10.5,0,7.6,2.6,0.32,Enrolled,High,Social Service
STD262186,1,17,1,9254,1,1,125.0,1,19,19,7,5,118.0,1,0,0,1,0,1,19,0,0,6,10,4,12.25,0,0,6,9,3,12.333333333333334,0,9.4,-0.8,-3.12,Graduate,Medium,Tourism
STD262187,1,1,1,9070,1,1,124.0,1,19,37,4,4,126.8,0,0,0,1,0,1,18,0,1,6,8,6,12.0,1,0,6,12,5,11.142857142857142,0,13.9,-0.3,0.79,Enrolled,Low,Communication Design
STD262188,1,1,6,9500,1,1,140.0,1,19,38,5,7,128.5,1,0,0,1,0,1,18,0,0,8,8,8,13.40375,0,0,8,8,8,13.40375,0,9.4,-0.8,-3.12,Graduate,Low,Nursing
STD262189,1,17,1,9254,1,1,140.0,1,3,1,2,3,129.9,0,0,0,1,0,1,19,0,0,6,15,6,11.333333333333334,0,0,6,9,3,12.666666666666666,0,9.4,-0.8,-3.12,Graduate,Low,Tourism
STD262190,1,17,4,9773,1,1,137.0,1,1,1,5,5,125.8,0,0,1,1,1,0,20,0,0,6,7,5,12.2,0,0,6,6,6,12.333333333333334,0,12.7,3.7,-1.7,Dropout,Low,Journalism and Communication
STD262191,1,17,1,171,1,1,144.0,1,37,37,9,6,129.3,1,0,0,1,1,1,18,0,0,0,0,0,0.0,0,0,0,0,0,0.0,0,7.6,2.6,0.32,Enrolled,High,Animation and Multimedia Design
STD262192,1,1,6,9500,1,1,138.0,1,4,19,2,3,124.7,1,0,0,1,1,0,18,0,0,7,0,0,0.0,0,0,8,0,0,0.0,0,16.2,0.3,-0.92,Dropout,High,Nursing
STD262193,1,39,1,9003,1,1,130.0,1,3,1,2,4,154.9,0,0,1,0,1,0,35,0,0,6,8,5,16.166666666666668,0,0,6,10,4,16.0,0,8.9,1.4,3.51,Dropout,High,Agronomy
STD262194,1,17,1,9119,1,1,142.0,1,19,38,9,7,127.3,0,0,0,1,1,0,18,0,0,5,10,3,11.0,0,0,5,6,3,11.0,1,16.2,0.3,-0.92,Enrolled,Medium,Informatics Engineering
STD262195,1,1,1,171,1,1,136.0,1,37,19,5,8,129.0,1,0,0,1,1,1,19,0,0,0,0,0,0.0,0,0,0,0,0,0.0,0,13.9,-0.3,0.79,Graduate,High,Animation and Multimedia Design
STD262196,1,1,2,9773,1,1,133.1,1,38,19,4,7,98.0,1,0,0,1,1,1,19,0,0,6,8,4,12.0,0,0,6,8,6,12.285714285714286,0,15.5,2.8,-4.06,Enrolled,Medium,Journalism and Communication
STD262197,1,17,2,9147,1,1,130.0,1,1,38,5,7,122.0,1,0,0,1,1,0,20,0,0,5,8,2,10.5,0,0,5,11,4,12.25,0,10.8,1.4,1.74,Enrolled,High,Management
STD262198,1,43,1,9070,1,1,117.0,1,1,1,4,7,112.5,1,0,0,1,1,0,19,0,3,6,7,3,11.666666666666666,0,1,6,13,4,10.333333333333334,0,13.9,-0.3,0.79,Enrolled,Medium,Communication Design
STD262199,1,1,3,9147,1,1,136.0,1,38,38,9,9,127.3,1,0,0,1,1,0,19,0,0,5,8,3,11.0,0,0,5,7,2,10.0,0,12.7,3.7,-1.7,Dropout,Medium,Management
STD262200,1,39,2,9556,1,1,133.1,1,1,1,9,10,100.5,0,0,0,1,1,0,24,0,0,7,18,0,0.0,0,0,7,13,0,0.0,1,11.1,0.6,2.02,Dropout,High,Oral Hygiene
STD262201,1,39,1,8014,0,1,140.0,1,37,37,9,7,122.0,1,0,1,0,1,0,29,0,0,6,11,4,12.5,0,0,6,7,0,0.0,0,12.4,0.5,1.79,Dropout,High,Social Service (evening attendance)
STD262202,1,39,1,9500,1,1,150.0,1,38,3,9,1,140.0,0,0,0,1,1,0,24,0,0,7,11,7,11.294444444444444,0,0,8,22,2,12.6,0,15.5,2.8,-4.06,Graduate,Low,Nursing
STD262203,1,17,2,9254,1,1,121.0,1,19,38,6,6,116.1,1,0,0,1,1,0,19,0,0,6,8,5,11.2,0,0,6,11,4,12.5,0,15.5,2.8,-4.06,Graduate,Low,Tourism
STD262204,2,7,1,171,1,3,120.0,1,19,19,9,9,130.0,1,0,0,1,1,0,37,0,0,0,0,0,0.0,0,0,0,0,0,0.0,0,7.6,2.6,0.32,Dropout,High,Animation and Multimedia Design
STD262205,1,5,2,9070,1,1,143.0,1,1,1,4,10,146.2,1,0,0,1,1,0,18,0,0,6,7,5,13.2,0,0,6,6,5,11.8,0,16.2,0.3,-0.92,Graduate,Low,Communication Design
STD262206,1,44,1,9119,1,39,180.0,1,1,1,9,8,180.0,0,0,0,1,1,1,20,0,3,7,12,6,14.142857142857142,0,1,6,10,6,14.125,0,12.4,0.5,1.79,Enrolled,Low,Informatics Engineering
STD262207,1,1,5,9147,1,1,132.0,1,39,39,3,3,127.8,1,0,0,0,1,0,18,0,0,5,0,0,0.0,0,0,5,0,0,0.0,0,11.1,0.6,2.02,Dropout,High,Management
STD262208,1,43,1,9147,1,1,130.0,1,37,19,9,8,130.8,0,0,0,1,1,0,22,0,0,5,5,0,0.0,0,0,5,9,3,13.333333333333334,2,16.2,0.3,-0.92,Enrolled,High,Management
STD262209,1,17,2,9147,1,1,133.1,1,38,38,4,7,109.0,1,0,0,1,1,1,22,0,0,5,7,3,12.333333333333334,0,0,5,9,3,10.571428571428571,0,10.8,1.4,1.74,Enrolled,Medium,Management
STD262210,1,1,5,9773,1,1,131.0,1,1,38,9,5,132.4,1,0,1,0,1,0,18,0,0,6,6,0,0.0,0,0,6,0,0,0.0,0,11.1,0.6,2.02,Dropout,High,Journalism and Communication
STD262211,1,1,3,9500,1,1,149.0,1,1,1,4,4,129.3,1,0,0,1,1,0,18,0,0,8,8,7,13.1,0,0,8,8,7,13.1,0,12.7,3.7,-1.7,Graduate,Low,Nursing
STD262212,1,1,1,9070,1,1,124.0,1,37,37,9,9,125.4,1,0,0,1,1,0,19,0,0,6,6,6,13.5,0,0,6,6,6,13.166666666666666,0,9.4,-0.8,-3.12,Graduate,Low,Communication Design
STD262213,1,1,1,9119,1,1,126.0,1,38,19,5,5,130.2,0,0,0,1,1,0,19,0,0,5,7,5,10.2,0,0,5,8,3,12.0,0,10.8,1.4,1.74,Enrolled,Low,Informatics Engineering
STD262214,1,1,1,9238,1,1,140.0,1,19,38,9,9,132.0,0,0,0,1,1,0,19,0,0,6,10,5,11.571428571428571,0,0,6,10,3,13.0,0,16.2,0.3,-0.92,Dropout,Low,Social Service
STD262215,1,44,1,9003,1,39,170.0,1,19,19,9,7,170.0,1,0,1,1,1,0,21,0,0,6,7,6,15.285714285714286,0,0,6,6,6,15.166666666666666,0,12.4,0.5,1.79,Graduate,Low,Agronomy
STD262216,1,1,2,9773,1,1,133.0,1,3,1,2,4,130.2,0,0,0,1,1,0,19,0,0,6,9,5,12.6,0,6,10,16,8,11.0,1,8.9,1.4,3.51,Enrolled,Low,Journalism and Communication
STD262217,1,18,2,9556,1,1,126.0,1,3,3,2,2,115.5,0,0,0,1,1,0,18,0,0,7,11,6,13.433333333333332,0,0,7,10,4,13.6,0,8.9,1.4,3.51,Graduate,Low,Oral Hygiene
STD262218,1,16,2,9147,1,1,129.0,1,19,19,4,9,127.6,1,0,0,1,1,0,19,0,0,5,8,5,11.6,0,0,5,9,3,11.0,0,10.8,1.4,1.74,Dropout,Low,Management
STD262219,1,7,1,9773,1,43,140.0,1,19,1,4,8,140.0,0,0,0,1,1,0,25,0,0,6,6,6,14.666666666666666,0,0,6,6,6,13.5,0,11.1,0.6,2.02,Graduate,Low,Journalism and Communication
STD262220,1,1,1,9070,1,1,130.0,1,37,1,9,8,120.2,1,0,0,1,1,0,22,0,0,6,9,6,14.666666666666666,0,0,6,12,6,14.666666666666666,0,12.7,3.7,-1.7,Graduate,Low,Communication Design
STD262221,1,39,1,9500,1,1,130.0,1,1,1,4,9,150.0,0,0,0,1,1,0,24,0,0,8,8,7,12.742857142857144,0,0,8,8,7,12.742857142857144,0,12.7,3.7,-1.7,Graduate,Low,Nursing
STD262222,1,1,2,9500,1,1,99.0,1,1,3,5,10,100.0,1,0,0,1,1,0,19,0,0,7,9,7,11.975,0,0,8,9,7,13.12857142857143,0,13.9,-0.3,0.79,Graduate,Low,Nursing
STD262223,1,43,1,9119,1,1,146.0,1,3,1,2,3,100.0,0,0,0,1,1,0,18,0,0,5,9,4,12.25,0,0,5,11,3,11.666666666666666,0,13.9,-0.3,0.79,Enrolled,Low,Informatics Engineering
STD262224,1,17,1,171,1,1,129.0,1,38,37,4,6,128.0,0,0,0,0,1,0,20,0,0,0,0,0,0.0,0,0,0,0,0,0.0,0,9.4,-0.8,-3.12,Dropout,High,Animation and Multimedia Design
STD262225,1,1,2,9500,1,1,132.0,1,19,19,9,7,128.0,1,0,0,1,1,1,19,0,0,8,8,7,14.935714285714283,0,0,8,8,7,14.935714285714283,0,10.8,1.4,1.74,Graduate,Low,Nursing
STD262226,1,43,3,9254,1,1,110.0,1,37,37,9,9,107.2,1,0,0,1,1,0,19,0,1,6,16,2,10.5,0,0,6,15,4,10.0,0,7.6,2.6,0.32,Dropout,High,Tourism
STD262227,1,1,1,9670,1,1,116.0,1,3,3,3,3,110.1,1,0,0,1,1,0,19,0,0,6,9,5,13.333333333333334,0,0,6,6,5,13.0,0,12.4,0.5,1.79,Graduate,Low,Advertising and Marketing Management
STD262228,1,43,1,9003,1,1,119.0,1,37,37,9,6,119.0,0,0,1,1,1,0,23,0,0,6,6,0,0.0,0,0,6,8,0,0.0,0,15.5,2.8,-4.06,Dropout,High,Agronomy
STD262229,2,39,1,9773,1,1,120.0,1,37,38,9,3,155.5,0,0,0,1,1,0,47,0,0,6,12,5,13.8,0,0,6,13,4,14.0,0,12.7,3.7,-1.7,Dropout,Low,Journalism and Communication
STD262230,1,1,1,9070,1,1,117.0,1,1,1,3,9,118.4,0,0,0,1,1,0,19,0,0,6,6,6,11.833333333333334,0,0,6,8,4,10.75,2,16.2,0.3,-0.92,Graduate,Low,Communication Design
STD262231,1,1,4,171,1,1,137.0,1,1,38,4,8,141.2,1,0,0,1,1,0,19,0,0,0,0,0,0.0,0,0,0,0,0,0.0,0,11.1,0.6,2.02,Graduate,High,Animation and Multimedia Design
STD262232,1,1,1,171,1,1,124.0,1,3,3,2,2,119.1,1,0,0,1,1,0,18,0,0,0,0,0,0.0,0,0,0,0,0,0.0,0,16.2,0.3,-0.92,Dropout,High,Animation and Multimedia Design
STD262233,1,43,1,9147,1,1,151.0,1,1,3,1,1,111.0,0,0,0,1,1,0,28,0,0,5,9,2,10.0,0,0,5,9,0,0.0,0,15.5,2.8,-4.06,Dropout,High,Management
STD262234,1,43,1,9254,1,6,138.6,1,34,34,0,0,138.6,1,0,0,1,1,0,20,0,0,6,10,4,11.5,0,0,6,11,3,11.666666666666666,0,7.6,2.6,0.32,Dropout,Medium,Tourism
STD262235,1,17,2,9254,1,1,118.0,1,19,19,5,7,121.2,0,0,0,1,1,1,18,0,0,6,12,3,10.666666666666666,0,0,6,9,4,12.0,0,15.5,2.8,-4.06,Enrolled,Medium,Tourism
STD262236,1,1,1,171,1,1,136.0,1,19,19,4,8,150.4,1,0,0,1,1,1,21,0,0,0,0,0,0.0,0,0,0,0,0,0.0,0,12.4,0.5,1.79,Graduate,High,Animation and Multimedia Design
STD262237,1,1,1,9254,1,1,123.0,1,38,19,9,4,117.8,0,0,0,1,1,0,19,0,0,6,10,4,12.75,0,0,6,12,2,13.0,0,10.8,1.4,1.74,Enrolled,Medium,Tourism
STD262238,1,39,1,9254,1,19,133.1,1,38,37,4,5,102.5,0,0,1,0,1,0,24,0,0,6,7,0,0.0,0,0,6,7,0,0.0,0,16.2,0.3,-0.92,Dropout,High,Tourism
STD262239,1,39,1,9130,1,1,130.0,1,19,1,191,144,110.0,0,0,0,1,1,0,24,0,0,6,11,6,11.333333333333334,0,0,6,12,3,11.333333333333334,0,16.2,0.3,-0.92,Enrolled,Low,Equinculture
STD262240,1,39,1,9085,1,12,133.1,1,38,19,9,8,138.3,1,0,1,0,1,0,25,0,0,6,6,0,0.0,0,0,6,6,0,0.0,0,8.9,1.4,3.51,Enrolled,High,Veterinary Nursing
STD262241,1,39,1,9254,1,1,150.0,1,3,1,3,4,122.3,0,0,0,1,1,0,28,0,0,6,10,6,13.0,0,0,6,8,5,12.2,0,13.9,-0.3,0.79,Graduate,Low,Tourism
STD262242,2,39,1,9991,0,1,130.0,1,37,37,9,9,127.8,0,0,0,1,1,0,37,0,0,5,7,4,10.75,0,0,5,7,3,11.333333333333334,0,7.6,2.6,0.32,Enrolled,Low,Management (evening attendance)
STD262243,1,43,1,9119,1,1,128.0,1,1,38,4,7,100.0,0,0,0,1,1,0,19,0,0,5,8,5,12.0,0,0,5,12,2,10.5,0,13.9,-0.3,0.79,Enrolled,Low,Informatics Engineering
STD262244,1,17,4,9500,1,1,133.0,1,38,37,5,7,126.4,1,0,0,1,1,1,18,0,0,7,7,7,13.462857142857144,0,0,8,8,8,13.90625,0,11.1,0.6,2.02,Graduate,Low,Nursing
STD262245,1,39,1,9254,1,19,133.1,1,37,37,90,90,100.0,0,0,0,1,1,0,48,0,0,6,13,3,10.0,0,0,6,15,1,10.0,0,7.6,2.6,0.32,Dropout,Medium,Tourism
STD262246,1,17,4,9238,1,1,129.0,1,37,37,9,8,117.1,1,0,0,1,1,0,21,0,0,6,6,6,12.333333333333334,0,0,6,7,6,13.666666666666666,0,8.9,1.4,3.51,Graduate,Low,Social Service
STD262247,1,17,1,9500,1,1,128.0,1,1,1,4,5,124.7,0,0,0,1,1,1,19,0,0,7,11,6,12.528571428571428,0,0,7,10,6,12.416666666666666,0,15.5,2.8,-4.06,Enrolled,Low,Nursing
STD262248,1,43,2,9500,1,1,136.0,1,19,1,9,10,124.1,0,0,0,1,1,1,21,0,0,8,8,0,0.0,8,0,8,8,0,0.0,8,9.4,-0.8,-3.12,Enrolled,High,Nursing
STD262249,1,44,1,9119,1,1,130.0,1,37,12,9,8,129.4,1,0,1,0,1,0,23,0,0,5,6,0,0.0,0,0,5,7,0,0.0,0,13.9,-0.3,0.79,Dropout,High,Informatics Engineering
STD262250,1,1,1,9130,1,1,141.0,1,1,1,4,10,138.9,1,0,0,1,1,0,18,0,0,5,5,5,13.6,0,0,5,6,4,13.25,1,10.8,1.4,1.74,Graduate,Low,Equinculture
STD262251,1,44,1,9238,1,39,140.0,1,1,1,4,3,138.6,0,0,0,1,1,0,22,0,3,6,7,6,12.333333333333334,0,2,6,6,2,14.0,0,13.9,-0.3,0.79,Dropout,Low,Social Service
STD262252,1,16,1,171,1,1,122.0,1,19,37,9,7,133.9,1,0,0,1,1,0,25,0,9,13,16,10,11.454545454545457,0,5,11,13,7,12.25,0,12.4,0.5,1.79,Dropout,Low,Animation and Multimedia Design
STD262253,1,7,1,9085,1,40,140.0,1,5,3,2,2,140.0,0,0,1,1,1,0,27,0,8,13,13,8,13.5,2,5,11,12,5,14.4,0,11.1,0.6,2.02,Dropout,Medium,Veterinary Nursing
STD262254,1,39,1,9119,1,12,133.1,1,34,34,0,0,95.1,0,0,0,0,1,0,49,0,0,5,5,0,0.0,0,0,5,6,0,0.0,0,10.8,1.4,1.74,Dropout,High,Informatics Engineering
STD262255,1,39,1,9991,0,1,120.0,1,19,37,5,5,128.2,0,0,0,0,1,0,31,0,0,5,5,2,11.0,0,0,5,0,0,0.0,0,12.7,3.7,-1.7,Dropout,High,Management (evening attendance)
STD262256,1,39,1,9254,1,1,133.1,1,37,37,9,6,121.5,0,0,0,1,1,0,54,0,0,6,9,6,13.714285714285714,0,0,6,13,5,14.333333333333334,0,16.2,0.3,-0.92,Dropout,Low,Tourism
STD262257,1,7,1,33,1,40,120.0,1,38,37,5,6,120.0,1,0,1,0,1,0,25,0,18,21,26,21,12.363636363636363,0,12,16,21,12,12.25,1,11.1,0.6,2.02,Dropout,High,Biofuel Production Technologies
STD262258,1,44,1,9003,1,39,130.0,1,5,3,2,2,130.0,0,0,0,1,1,0,20,0,1,7,13,3,10.666666666666666,0,0,6,14,2,11.5,0,15.5,2.8,-4.06,Enrolled,High,Agronomy
STD262259,1,7,1,9070,1,3,120.0,1,4,4,2,2,120.0,0,0,0,1,1,0,28,0,0,6,9,2,12.0,0,0,6,10,3,12.666666666666666,0,12.7,3.7,-1.7,Dropout,High,Communication Design
STD262260,2,39,1,8014,0,19,133.1,1,37,37,9,6,107.0,0,0,0,1,1,0,41,0,1,7,7,7,12.857142857142858,0,0,6,6,6,13.166666666666666,0,12.7,3.7,-1.7,Graduate,Low,Social Service (evening attendance)
STD262261,1,1,2,9670,1,1,122.0,1,1,19,4,4,116.1,0,0,0,1,1,1,19,0,0,6,10,6,13.125,0,0,6,9,6,12.714285714285714,0,11.1,0.6,2.02,Enrolled,Low,Advertising and Marketing Management
STD262262,1,43,1,9147,1,1,123.0,1,1,1,4,4,114.4,0,0,0,1,1,0,22,0,0,5,6,0,0.0,0,0,5,8,2,11.5,0,15.5,2.8,-4.06,Dropout,High,Management
STD262263,1,1,1,9254,1,1,178.0,1,2,1,2,3,157.7,0,0,0,1,1,0,34,0,0,6,13,2,13.5,0,0,6,6,0,0.0,0,15.5,2.8,-4.06,Dropout,High,Tourism
STD262264,1,39,1,9003,1,1,130.0,1,38,38,9,9,150.0,0,0,1,0,1,0,28,0,5,11,14,11,15.090909090909092,0,5,10,11,10,15.0,0,11.1,0.6,2.02,Dropout,High,Agronomy
STD262265,1,1,1,9853,1,1,110.0,1,37,37,9,4,114.3,1,0,0,1,1,0,42,0,0,6,9,5,12.4,0,0,6,10,5,11.8,0,7.6,2.6,0.32,Enrolled,Low,Basic Education
STD262266,1,18,1,9085,1,1,106.0,1,1,19,3,5,104.6,0,0,0,0,1,0,21,0,0,6,10,5,14.0,0,0,6,11,4,14.8,0,11.1,0.6,2.02,Enrolled,High,Veterinary Nursing
STD262267,1,7,1,9003,1,3,140.0,1,39,39,9,4,140.0,0,0,0,1,1,0,50,0,2,6,8,2,13.5,0,1,6,9,1,13.0,0,15.5,2.8,-4.06,Dropout,High,Agronomy
STD262268,1,1,4,9147,1,1,108.0,1,3,1,3,4,109.1,1,0,0,1,1,0,19,0,0,5,5,0,0.0,0,0,5,5,0,0.0,0,12.4,0.5,1.79,Dropout,High,Management
STD262269,1,43,1,9500,1,1,120.0,1,3,4,2,4,120.6,0,0,0,1,1,0,18,0,0,7,12,4,12.65,0,0,7,10,3,10.666666666666666,0,16.2,0.3,-0.92,Dropout,Medium,Nursing
STD262270,2,39,1,9991,0,1,100.0,1,37,37,1,1,161.9,0,0,0,1,1,0,59,0,0,5,7,0,0.0,0,0,5,7,0,0.0,0,16.2,0.3,-0.92,Dropout,High,Management (evening attendance)
STD262271,2,7,1,9991,0,3,140.0,1,34,34,99,99,140.0,1,0,0,0,1,0,33,0,0,5,5,0,0.0,0,0,5,5,0,0.0,0,7.6,2.6,0.32,Dropout,High,Management (evening attendance)
STD262272,1,17,2,9070,1,1,133.1,1,37,38,9,10,178.0,1,0,0,1,1,1,23,0,0,6,8,6,13.333333333333334,0,0,6,7,5,12.8,0,9.4,-0.8,-3.12,Graduate,Low,Communication Design
STD262273,2,39,1,9991,0,19,133.1,1,37,1,5,5,138.3,0,0,0,1,1,0,44,0,0,5,9,3,11.333333333333334,0,0,5,8,5,11.142857142857142,0,13.9,-0.3,0.79,Dropout,Medium,Management (evening attendance)
STD262274,2,1,4,8014,0,1,140.0,1,34,34,0,0,128.0,1,0,0,1,1,0,37,0,0,6,0,0,0.0,0,0,6,0,0,0.0,0,9.4,-0.8,-3.12,Dropout,High,Social Service (evening attendance)
STD262275,2,39,1,171,1,19,100.0,1,37,37,9,9,139.0,0,0,0,1,1,0,36,0,0,0,0,0,0.0,0,0,0,0,0,0.0,0,10.8,1.4,1.74,Dropout,High,Animation and Multimedia Design
STD262276,1,1,2,9991,0,1,123.0,1,1,3,4,2,113.2,0,0,0,0,1,0,22,0,0,5,7,3,11.666666666666666,0,0,5,8,2,10.5,2,7.6,2.6,0.32,Dropout,High,Management (evening attendance)
STD262277,2,39,1,8014,0,19,133.1,1,37,37,6,6,139.0,0,0,0,1,1,0,49,0,0,6,8,6,12.166666666666666,0,0,6,8,6,14.428571428571429,0,12.4,0.5,1.79,Graduate,Low,Social Service (evening attendance)
STD262278,1,51,1,9773,1,1,135.0,1,1,42,5,3,110.0,1,0,0,1,1,0,23,0,0,6,7,6,13.333333333333334,0,0,6,6,4,12.75,0,11.1,0.6,2.02,Graduate,Low,Journalism and Communication
STD262279,1,1,1,9070,1,1,132.0,1,1,1,4,9,136.6,1,0,0,1,1,0,19,0,0,6,7,5,11.4,0,0,6,10,3,11.0,3,7.6,2.6,0.32,Enrolled,Low,Communication Design
STD262280,2,43,1,8014,0,1,120.0,1,37,37,5,5,161.1,0,0,0,1,1,0,47,0,0,6,9,6,12.142857142857142,0,0,6,6,0,0.0,0,16.2,0.3,-0.92,Dropout,Low,Social Service (evening attendance)
STD262281,1,43,1,9003,1,1,130.0,1,1,2,4,2,130.0,0,0,0,1,1,0,28,0,9,18,36,17,13.058823529411764,1,6,12,15,12,12.307692307692308,0,15.5,2.8,-4.06,Graduate,Low,Agronomy
STD262282,1,44,1,9003,1,39,140.0,1,1,38,9,6,140.0,0,0,0,1,1,0,21,0,0,6,13,4,11.75,0,0,6,15,4,10.5,0,15.5,2.8,-4.06,Enrolled,Medium,Agronomy
STD262283,1,1,1,9254,1,1,133.1,1,38,1,9,9,121.0,0,0,1,0,1,0,21,0,0,6,9,5,11.833333333333334,0,0,6,8,5,10.0,0,8.9,1.4,3.51,Dropout,High,Tourism
STD262284,1,43,1,9238,1,39,120.0,1,2,1,1,2,118.6,0,0,0,1,1,0,21,0,9,11,14,10,12.4,0,6,10,13,10,11.8,0,13.9,-0.3,0.79,Graduate,Low,Social Service
STD262285,1,1,1,9070,1,1,140.0,1,19,38,4,4,138.3,0,0,0,1,1,0,20,0,1,6,8,6,13.428571428571429,1,0,6,12,4,11.5,0,13.9,-0.3,0.79,Enrolled,Low,Communication Design
STD262286,2,42,1,9147,1,1,133.1,1,37,37,9,9,115.8,0,0,0,0,1,0,49,0,0,5,5,0,0.0,0,0,5,9,0,0.0,0,10.8,1.4,1.74,Dropout,High,Management
STD262287,1,39,1,9991,0,1,120.0,1,19,37,6,8,160.0,0,0,0,1,1,0,40,0,0,5,5,5,11.0,0,0,5,5,5,13.4,0,15.5,2.8,-4.06,Graduate,Low,Management (evening attendance)
STD262288,1,17,1,9254,1,1,125.0,1,1,1,3,3,114.5,0,0,0,1,1,1,22,0,0,6,8,6,13.625,0,0,6,8,6,14.428571428571429,0,11.1,0.6,2.02,Graduate,Low,Tourism
STD262289,1,42,1,9119,1,1,136.0,1,1,37,5,5,117.5,0,0,0,1,1,0,19,0,2,5,6,4,11.8,0,0,5,7,2,11.5,0,15.5,2.8,-4.06,Enrolled,Low,Informatics Engineering
STD262290,1,39,1,9991,0,1,133.1,1,3,38,2,7,121.7,0,0,0,1,1,0,31,0,0,5,5,0,0.0,0,0,5,7,0,0.0,0,13.9,-0.3,0.79,Dropout,High,Management (evening attendance)
STD262291,1,42,1,9119,1,1,120.0,1,5,5,2,2,115.0,0,0,0,1,1,0,30,0,1,6,9,2,15.0,0,1,6,7,2,13.5,0,15.5,2.8,-4.06,Dropout,High,Informatics Engineering
STD262292,1,1,1,9238,1,1,127.0,1,37,37,5,10,125.3,0,0,0,1,1,0,19,0,0,6,9,5,10.8,0,0,6,11,5,11.0,0,7.6,2.6,0.32,Graduate,Low,Social Service
STD262293,1,18,1,9147,1,1,131.0,1,34,34,90,90,131.0,0,0,0,1,1,0,22,0,0,5,11,3,13.666666666666666,0,0,5,10,3,11.333333333333334,0,9.4,-0.8,-3.12,Dropout,Medium,Management
STD262294,1,1,1,9773,1,1,127.0,1,19,37,9,9,126.3,0,0,0,1,1,0,19,0,0,6,8,6,12.833333333333334,0,0,6,8,6,13.333333333333334,0,15.5,2.8,-4.06,Graduate,Low,Journalism and Communication
STD262295,1,17,1,171,1,1,132.0,1,1,37,4,9,127.1,0,0,0,0,1,0,21,0,0,0,0,0,0.0,0,0,0,0,0,0.0,0,7.6,2.6,0.32,Dropout,High,Animation and Multimedia Design
STD262296,1,17,3,9670,1,1,137.0,1,1,38,4,7,138.4,0,0,0,1,1,0,19,0,0,6,8,6,15.125,0,0,6,7,6,13.428571428571429,0,11.1,0.6,2.02,Graduate,Low,Advertising and Marketing Management
STD262297,1,43,2,9147,1,1,126.0,1,1,19,3,3,100.0,1,0,0,1,1,0,22,0,0,5,11,0,0.0,0,0,5,7,1,10.0,1,16.2,0.3,-0.92,Dropout,High,Management
STD262298,1,1,1,9238,1,1,136.0,1,4,5,2,2,126.2,0,0,0,1,1,0,22,0,0,6,10,5,11.4,0,0,6,8,5,11.0,0,10.8,1.4,1.74,Graduate,Low,Social Service
STD262299,1,1,1,9238,1,1,124.0,1,1,1,4,4,118.8,0,0,0,1,1,0,19,0,0,6,12,4,12.25,0,0,6,9,6,11.0,0,9.4,-0.8,-3.12,Graduate,Medium,Social Service
STD262300,1,39,1,9254,1,39,137.0,1,1,1,5,10,124.5,0,0,0,0,1,0,26,0,0,6,0,0,0.0,0,0,6,0,0,0.0,0,16.2,0.3,-0.92,Dropout,High,Tourism
STD262301,1,44,1,9119,1,39,140.0,1,5,41,3,2,140.0,0,0,0,1,1,0,23,0,3,7,12,3,14.0,0,1,6,12,1,14.0,0,12.4,0.5,1.79,Enrolled,High,Informatics Engineering
STD262302,1,17,1,9070,1,1,131.0,1,19,19,7,7,125.1,0,0,0,1,1,0,18,0,0,6,7,6,12.333333333333334,0,0,6,10,5,10.8,4,16.2,0.3,-0.92,Enrolled,Low,Communication Design
STD262303,1,1,1,9147,1,1,130.0,1,37,37,9,9,118.8,0,0,1,1,1,1,22,0,0,5,8,5,10.666666666666666,0,0,5,11,2,11.0,0,15.5,2.8,-4.06,Enrolled,Low,Management
STD262304,1,18,5,9119,1,1,136.0,1,3,2,2,3,125.2,1,0,0,1,1,0,19,0,0,5,9,5,11.833333333333334,0,0,5,9,5,14.714285714285714,0,12.4,0.5,1.79,Enrolled,Low,Informatics Engineering
STD262305,1,17,1,9147,1,1,133.1,1,1,19,4,8,95.0,0,0,0,1,1,0,20,0,0,5,14,0,0.0,0,0,5,5,0,0.0,0,11.1,0.6,2.02,Dropout,High,Management
STD262306,1,1,3,9070,1,1,110.0,1,37,37,9,9,107.6,1,0,0,1,1,1,22,0,0,6,6,6,11.666666666666666,0,0,6,6,6,12.166666666666666,0,7.6,2.6,0.32,Enrolled,Low,Communication Design
STD262307,1,7,1,9130,1,3,140.0,1,2,38,2,3,140.0,1,0,0,0,1,0,18,0,2,5,7,2,13.0,0,0,5,5,0,0.0,0,12.7,3.7,-1.7,Dropout,High,Equinculture
STD262308,4,43,2,9991,0,38,133.1,1,3,1,2,9,125.4,0,0,0,1,1,0,39,0,0,2,5,0,0.0,0,0,4,4,0,0.0,0,10.8,1.4,1.74,Dropout,High,Management (evening attendance)
STD262309,1,1,1,9500,1,1,141.0,1,19,1,90,90,128.0,0,0,0,1,1,0,18,0,0,8,8,0,0.0,3,0,8,8,0,0.0,3,10.8,1.4,1.74,Dropout,High,Nursing
STD262310,1,17,3,9119,1,1,130.0,1,1,38,3,3,129.3,0,0,0,1,1,1,18,0,0,5,5,5,13.0,0,0,5,5,5,14.2,0,8.9,1.4,3.51,Graduate,Low,Informatics Engineering
STD262311,1,1,1,9238,1,1,160.0,1,19,38,9,9,152.0,0,0,0,1,1,1,19,0,0,6,7,6,13.857142857142858,0,0,6,6,6,14.0,0,13.9,-0.3,0.79,Graduate,Low,Social Service
STD262312,1,1,1,9500,1,1,140.0,1,1,19,9,9,128.8,0,0,0,1,1,0,18,0,0,7,7,6,13.391666666666666,0,0,8,8,8,12.4875,0,12.4,0.5,1.79,Graduate,Low,Nursing
STD262313,1,1,1,9147,1,1,150.0,1,34,19,0,4,152.8,1,0,0,1,1,1,18,0,0,5,7,4,12.75,0,0,5,5,0,0.0,0,7.6,2.6,0.32,Dropout,Low,Management
STD262314,1,44,1,9130,1,39,150.0,1,37,37,6,6,150.0,1,0,0,1,1,0,22,0,0,5,7,4,14.5,0,0,5,5,5,14.6,0,10.8,1.4,1.74,Graduate,Low,Equinculture
STD262315,1,1,1,9238,1,1,133.1,1,1,1,3,4,112.0,0,0,0,1,1,0,19,0,0,6,7,6,12.166666666666666,0,0,6,6,6,12.166666666666666,0,12.4,0.5,1.79,Graduate,Low,Social Service
STD262316,1,1,1,9130,1,1,152.0,1,19,37,9,8,135.6,1,0,0,1,1,0,18,0,0,5,5,5,15.4,0,0,5,5,5,15.6,0,12.7,3.7,-1.7,Dropout,Low,Equinculture
STD262317,1,39,1,9119,1,19,133.1,1,1,1,4,3,134.4,0,0,1,0,1,0,31,0,0,5,9,2,13.333333333333334,0,0,5,9,2,16.0,4,16.2,0.3,-0.92,Dropout,High,Informatics Engineering
STD262318,1,39,1,9991,0,1,130.0,1,3,1,3,3,120.5,0,0,0,1,1,0,28,0,0,5,5,0,0.0,0,0,5,5,0,0.0,0,12.7,3.7,-1.7,Dropout,High,Management (evening attendance)
STD262319,1,1,1,9070,1,1,148.0,1,1,1,4,8,141.4,0,0,0,1,1,0,19,0,0,6,0,0,0.0,0,0,6,0,0,0.0,0,15.5,2.8,-4.06,Dropout,High,Communication Design
STD262320,1,17,1,9254,1,1,148.0,1,1,1,4,8,145.2,0,0,0,1,1,0,20,0,0,6,7,6,13.714285714285714,0,0,6,8,6,14.714285714285714,0,16.2,0.3,-0.92,Graduate,Low,Tourism
STD262321,4,39,1,9238,1,1,130.0,1,19,3,9,2,140.0,0,0,0,1,1,0,50,0,0,6,7,4,12.25,0,0,6,7,0,0.0,0,8.9,1.4,3.51,Dropout,Medium,Social Service
STD262322,1,43,1,9070,1,1,160.0,1,1,2,4,2,100.0,0,0,0,1,1,0,38,0,1,6,9,5,16.0,1,0,6,11,4,16.5,0,13.9,-0.3,0.79,Enrolled,Low,Communication Design
STD262323,2,39,1,9991,0,1,130.0,1,37,37,9,9,140.0,1,0,0,1,1,0,31,0,0,5,8,1,11.0,0,0,5,5,1,13.0,0,9.4,-0.8,-3.12,Dropout,High,Management (evening attendance)
STD262324,1,39,1,9500,1,1,110.0,1,1,37,9,9,126.0,1,0,0,1,1,0,27,0,0,7,7,7,14.085714285714284,0,0,7,7,7,14.085714285714284,0,7.6,2.6,0.32,Enrolled,Low,Nursing
STD262325,1,18,1,9238,1,1,122.0,1,1,3,9,2,112.6,1,0,0,1,1,0,21,0,0,6,9,6,10.166666666666666,0,0,6,10,6,10.5,0,12.7,3.7,-1.7,Graduate,Low,Social Service
STD262326,2,39,1,9119,1,1,110.0,1,37,37,9,9,106.8,0,0,0,1,1,0,34,0,0,5,8,1,10.0,0,0,5,9,0,0.0,0,8.9,1.4,3.51,Dropout,High,Informatics Engineering
STD262327,1,51,1,9119,1,1,129.0,1,2,37,2,9,121.6,1,0,0,1,1,0,19,0,0,5,10,0,0.0,0,0,5,7,1,10.0,0,7.6,2.6,0.32,Enrolled,High,Informatics Engineering
STD262328,2,39,1,9991,0,1,110.0,1,37,37,1,4,120.0,1,0,0,0,1,0,40,0,0,5,10,2,10.5,0,0,5,5,3,10.666666666666666,0,9.4,-0.8,-3.12,Dropout,High,Management (evening attendance)
STD262329,1,1,1,171,1,1,170.0,1,38,19,9,2,160.6,1,0,0,1,1,1,18,0,0,0,0,0,0.0,0,0,0,0,0,0.0,0,12.7,3.7,-1.7,Graduate,High,Animation and Multimedia Design
STD262330,2,39,1,9070,1,12,110.0,1,37,38,5,10,130.0,0,0,1,0,1,1,46,0,0,6,6,0,0.0,0,0,6,6,0,0.0,0,15.5,2.8,-4.06,Dropout,High,Communication Design
STD262331,1,43,5,8014,0,1,110.0,1,34,34,0,0,110.0,0,0,0,1,1,0,37,0,0,6,12,0,0.0,0,0,5,10,0,0.0,0,7.6,2.6,0.32,Dropout,High,Social Service (evening attendance)
STD262332,1,39,1,9003,1,1,133.1,1,19,37,9,7,110.0,1,0,0,1,1,0,31,0,0,6,8,0,0.0,0,0,6,10,0,0.0,0,16.2,0.3,-0.92,Dropout,High,Agronomy
STD262333,1,39,1,9003,1,1,133.1,1,1,19,4,10,145.8,0,0,0,1,1,0,34,0,0,6,15,5,13.333333333333334,0,0,6,15,5,12.4,0,12.4,0.5,1.79,Graduate,Low,Agronomy
STD262334,1,1,6,171,1,1,126.0,1,10,10,4,4,130.2,1,0,0,1,1,1,18,0,0,0,0,0,0.0,0,0,0,0,0,0.0,0,9.4,-0.8,-3.12,Dropout,High,Animation and Multimedia Design
STD262335,1,1,1,9670,1,1,137.0,1,38,37,9,9,122.3,0,0,0,1,1,1,18,0,0,6,7,6,13.571428571428571,0,0,6,6,6,14.333333333333334,0,12.4,0.5,1.79,Graduate,Low,Advertising and Marketing Management
STD262336,1,17,4,9070,1,1,117.0,1,1,1,3,3,125.4,1,0,0,1,1,1,19,0,0,6,6,6,12.833333333333334,0,0,6,7,6,11.166666666666666,0,11.1,0.6,2.02,Graduate,Low,Communication Design
STD262337,1,43,1,9991,0,1,100.0,1,37,19,9,4,130.0,0,0,0,1,1,0,40,0,1,5,6,4,10.25,0,3,8,18,5,11.2,5,15.5,2.8,-4.06,Dropout,Low,Management (evening attendance)
STD262338,1,39,1,9130,1,1,120.0,1,1,38,9,9,150.0,0,0,0,1,1,0,25,0,0,6,6,0,0.0,0,0,6,6,0,0.0,0,12.4,0.5,1.79,Dropout,High,Equinculture
STD262339,1,17,5,9119,1,1,126.0,1,38,38,5,9,116.9,1,0,1,1,1,0,20,0,0,5,5,4,14.5,0,0,6,8,3,13.333333333333334,0,11.1,0.6,2.02,Dropout,Low,Informatics Engineering
STD262340,1,17,1,9119,1,1,122.0,1,19,19,9,9,114.7,0,0,0,1,1,0,20,0,0,5,6,5,15.8,0,0,5,8,5,13.714285714285714,0,11.1,0.6,2.02,Enrolled,Low,Informatics Engineering
STD262341,1,39,1,9003,1,1,111.0,1,37,37,9,10,95.8,1,0,0,0,1,0,43,0,0,6,0,0,0.0,0,0,6,0,0,0.0,0,15.5,2.8,-4.06,Dropout,High,Agronomy
STD262342,1,17,4,9119,1,1,139.0,1,37,19,9,4,133.1,1,0,0,1,1,0,18,0,0,5,8,4,12.5,0,0,5,7,3,14.666666666666666,1,7.6,2.6,0.32,Enrolled,Low,Informatics Engineering
STD262343,1,43,1,9003,1,1,150.0,1,2,4,4,1,150.0,0,0,0,1,1,0,35,0,16,18,22,18,11.666666666666666,0,12,13,13,12,11.5,1,15.5,2.8,-4.06,Graduate,Low,Agronomy
STD262344,1,17,2,9991,0,1,116.0,1,37,19,9,4,118.5,0,0,0,1,1,0,23,0,0,5,6,4,13.0,0,0,5,5,5,13.0,0,7.6,2.6,0.32,Graduate,Low,Management (evening attendance)
STD262345,1,17,1,9500,1,1,130.0,1,3,3,2,2,131.1,0,0,0,1,1,0,19,0,0,7,8,7,12.12142857142857,0,0,9,12,8,11.50625,0,12.4,0.5,1.79,Graduate,Low,Nursing
STD262346,1,53,1,9085,1,42,150.0,1,1,19,3,8,150.3,1,0,0,1,1,1,21,0,7,11,15,9,14.22222222222222,0,4,9,15,7,13.75,0,8.9,1.4,3.51,Graduate,Low,Veterinary Nursing
STD262347,1,43,1,9670,1,1,132.0,1,3,19,4,8,120.5,0,0,0,1,1,0,19,0,0,6,17,4,12.5,0,0,6,8,4,13.25,0,13.9,-0.3,0.79,Enrolled,Medium,Advertising and Marketing Management
STD262348,1,18,1,9119,1,1,108.0,1,1,1,4,3,105.6,1,0,0,1,1,0,20,0,0,5,7,5,12.166666666666666,0,0,5,7,5,15.285714285714286,0,12.4,0.5,1.79,Graduate,Low,Informatics Engineering
STD262349,1,39,1,9670,1,1,133.1,1,19,19,3,3,125.3,0,1,0,1,1,1,30,0,0,6,0,0,0.0,0,0,6,0,0,0.0,0,12.4,0.5,1.79,Dropout,High,Advertising and Marketing Management
STD262350,4,39,1,9254,1,1,120.0,1,37,19,9,9,131.0,1,0,0,1,1,0,44,0,0,6,6,6,12.666666666666666,0,0,6,6,6,11.5,0,12.4,0.5,1.79,Graduate,Low,Tourism
STD262351,1,18,1,9500,1,1,146.0,1,19,3,4,9,127.0,0,0,0,1,1,0,19,0,0,8,8,7,13.614285714285714,0,0,8,8,7,13.614285714285714,0,12.7,3.7,-1.7,Graduate,Low,Nursing
STD262352,1,44,1,9130,1,39,150.0,1,2,1,3,6,150.0,1,0,0,1,1,0,22,0,11,18,32,12,12.857142857142858,1,8,12,15,10,14.3,0,16.2,0.3,-0.92,Graduate,Medium,Equinculture
STD262353,1,1,1,9130,1,1,160.0,1,3,3,1,2,149.2,0,0,0,1,1,0,18,0,0,5,7,4,14.0,0,0,5,5,5,14.2,0,7.6,2.6,0.32,Graduate,Low,Equinculture
STD262354,1,17,1,9670,1,1,125.0,1,37,37,9,9,121.5,1,0,0,1,1,1,21,0,0,6,8,4,14.75,0,0,6,6,5,11.8,0,12.7,3.7,-1.7,Graduate,Medium,Advertising and Marketing Management
STD262355,1,1,2,9085,1,1,125.0,1,37,19,90,90,137.3,0,0,0,1,1,0,18,0,0,6,0,0,0.0,0,0,6,0,0,0.0,0,7.6,2.6,0.32,Dropout,High,Veterinary Nursing
STD262356,1,17,4,9670,1,1,122.0,1,3,1,2,3,119.6,1,0,0,1,1,0,18,0,0,6,8,6,13.625,0,0,6,7,6,14.285714285714286,0,11.1,0.6,2.02,Graduate,Low,Advertising and Marketing Management
STD262357,1,1,1,171,1,1,138.0,1,1,1,4,3,141.5,0,0,0,1,1,0,19,0,0,0,0,0,0.0,0,0,0,0,0,0.0,0,7.6,2.6,0.32,Graduate,High,Animation and Multimedia Design
STD262358,1,44,1,9003,1,39,150.0,1,1,38,6,6,150.0,1,0,0,1,1,0,21,0,0,6,12,4,11.8,0,0,6,11,4,11.875,0,16.2,0.3,-0.92,Dropout,Medium,Agronomy
STD262359,1,39,1,9003,1,1,140.0,1,3,3,2,2,110.0,0,0,0,1,1,0,31,0,0,6,8,6,15.125,0,0,6,10,6,14.6,0,16.2,0.3,-0.92,Graduate,Low,Agronomy
STD262360,1,17,5,9254,1,1,113.0,1,1,1,2,3,110.2,1,0,0,1,1,0,21,0,0,6,10,4,11.5,0,0,6,10,2,10.5,0,9.4,-0.8,-3.12,Dropout,Medium,Tourism
STD262361,1,39,1,9119,1,1,139.0,1,19,19,9,7,110.3,0,0,1,1,1,0,24,0,0,5,12,1,10.0,0,0,5,11,1,11.0,0,8.9,1.4,3.51,Enrolled,High,Informatics Engineering
STD262362,1,42,1,9773,1,1,133.1,1,19,6,4,3,120.0,0,0,0,1,1,0,27,0,0,4,8,0,0.0,0,0,5,10,0,0.0,0,9.4,-0.8,-3.12,Dropout,High,Journalism and Communication
STD262363,1,1,5,9147,1,1,118.0,1,19,19,9,9,114.2,1,0,0,1,1,0,20,0,0,5,9,3,10.333333333333334,0,0,5,6,5,12.8,0,12.4,0.5,1.79,Graduate,Medium,Management
STD262364,1,44,1,9119,1,39,140.0,1,1,19,4,5,140.0,1,0,0,1,1,0,22,0,0,5,9,0,0.0,0,0,5,6,2,11.666666666666666,0,10.8,1.4,1.74,Enrolled,High,Informatics Engineering
STD262365,1,1,1,9003,1,1,144.0,1,19,19,9,9,132.8,0,0,0,1,1,1,19,0,0,6,9,4,12.0,2,0,6,10,4,12.5,0,15.5,2.8,-4.06,Enrolled,Medium,Agronomy
STD262366,1,18,1,9773,1,1,125.0,1,1,1,4,7,121.5,1,0,0,1,1,0,19,0,0,6,6,6,13.833333333333334,0,0,6,6,6,14.5,0,8.9,1.4,3.51,Graduate,Low,Journalism and Communication
STD262367,1,1,1,171,1,1,131.0,1,1,1,7,4,127.2,1,0,1,1,1,0,23,0,13,17,19,13,12.153846153846152,0,10,17,28,11,11.909090909090908,1,11.1,0.6,2.02,Enrolled,Low,Animation and Multimedia Design
STD262368,1,17,1,9130,1,1,131.0,1,12,12,2,8,128.2,1,0,0,1,1,0,18,0,0,6,7,6,14.0,0,0,6,8,6,13.666666666666666,0,12.4,0.5,1.79,Graduate,Low,Equinculture
STD262369,1,1,1,9773,1,1,140.0,1,3,2,4,6,133.4,1,0,0,0,1,0,29,0,0,6,8,6,16.5,0,0,6,6,5,13.8,0,11.1,0.6,2.02,Enrolled,High,Journalism and Communication
STD262370,1,39,1,9130,1,1,133.1,1,1,19,4,5,120.0,1,0,0,1,1,0,29,0,0,5,11,1,18.0,2,0,5,10,3,13.333333333333334,2,10.8,1.4,1.74,Dropout,High,Equinculture
STD262371,1,44,1,9003,1,1,140.0,1,1,1,4,5,140.0,0,0,0,1,1,0,20,0,0,6,11,6,11.285714285714286,0,0,6,12,5,11.77777777777778,0,16.2,0.3,-0.92,Enrolled,Low,Agronomy
STD262372,1,1,5,171,1,1,139.0,1,19,3,9,2,136.9,1,0,0,1,1,1,19,0,0,0,0,0,0.0,0,0,0,0,0,0.0,0,9.4,-0.8,-3.12,Graduate,High,Animation and Multimedia Design
STD262373,1,17,3,171,1,1,125.0,1,3,39,2,5,117.0,1,1,0,1,1,0,22,0,0,0,0,0,0.0,0,0,0,0,0,0.0,0,10.8,1.4,1.74,Enrolled,High,Animation and Multimedia Design
STD262374,1,1,2,9670,1,1,117.0,1,3,1,3,5,110.7,1,0,0,1,1,0,20,0,0,6,10,5,14.0,0,0,6,10,6,12.0,0,11.1,0.6,2.02,Enrolled,Low,Advertising and Marketing Management
STD262375,1,39,1,9130,1,1,150.0,1,19,19,9,5,160.0,1,0,0,1,1,0,24,0,0,5,13,4,13.75,1,0,5,9,3,12.0,0,9.4,-0.8,-3.12,Enrolled,Low,Equinculture
STD262376,1,1,1,9670,1,1,95.0,1,37,37,5,8,95.0,0,0,0,0,1,0,21,0,0,6,9,4,13.25,0,0,6,6,5,11.0,0,12.7,3.7,-1.7,Dropout,High,Advertising and Marketing Management
STD262377,1,39,1,9147,1,1,150.0,1,37,1,7,3,148.8,0,0,0,1,1,1,25,0,0,5,7,4,14.25,0,0,5,7,4,14.75,0,12.7,3.7,-1.7,Graduate,Low,Management
STD262378,1,39,1,9147,1,1,120.0,1,37,37,9,9,110.0,0,0,0,0,1,0,32,0,0,5,9,0,0.0,1,0,5,5,0,0.0,0,9.4,-0.8,-3.12,Dropout,High,Management
STD262379,1,43,1,9991,0,1,136.0,1,3,4,2,2,133.9,0,0,0,0,1,0,26,0,8,12,12,8,11.25,0,3,8,8,3,11.333333333333334,0,7.6,2.6,0.32,Dropout,High,Management (evening attendance)
STD262380,1,1,1,9130,1,1,133.0,1,2,37,9,7,125.7,1,0,0,1,1,1,18,0,0,6,7,6,13.5,0,0,6,8,6,12.5,0,12.4,0.5,1.79,Graduate,Low,Equinculture
STD262381,1,17,1,9254,1,1,125.0,1,1,19,4,7,116.6,0,0,0,1,1,1,19,0,0,6,8,5,12.666666666666666,0,0,6,10,6,12.857142857142858,0,16.2,0.3,-0.92,Graduate,Low,Tourism
STD262382,1,1,3,9070,1,1,127.0,1,19,38,5,7,141.0,1,0,0,1,1,1,19,0,0,6,6,6,15.166666666666666,0,0,6,6,6,12.333333333333334,0,12.4,0.5,1.79,Graduate,Low,Communication Design
STD262383,1,7,1,9119,1,40,130.0,1,1,1,4,4,130.0,0,0,0,1,1,0,27,0,4,6,6,6,13.166666666666666,0,2,5,7,5,15.142857142857142,0,11.1,0.6,2.02,Dropout,Low,Informatics Engineering
STD262384,1,53,1,9003,1,1,130.0,1,19,1,9,9,130.0,0,0,1,1,1,0,21,0,7,12,20,10,11.8,0,5,12,15,9,11.444444444444445,0,8.9,1.4,3.51,Enrolled,Low,Agronomy
STD262385,1,17,1,9119,1,1,127.0,1,19,1,4,5,115.8,0,0,0,1,1,0,20,0,0,5,10,4,11.5,0,0,5,11,0,0.0,0,13.9,-0.3,0.79,Enrolled,Low,Informatics Engineering
STD262386,1,44,1,9070,1,39,140.0,1,19,38,4,0,140.0,1,0,0,1,1,0,21,0,0,6,6,6,14.5,0,0,6,8,6,11.333333333333334,0,12.4,0.5,1.79,Graduate,Low,Communication Design
STD262387,1,1,5,9773,1,1,125.0,1,37,3,5,2,126.1,1,0,0,1,1,0,22,0,0,6,10,5,13.4,0,0,6,12,3,10.666666666666666,0,9.4,-0.8,-3.12,Enrolled,Low,Journalism and Communication
STD262388,1,1,1,171,1,1,135.0,1,1,38,5,7,137.5,1,0,1,0,1,0,19,0,0,0,0,0,0.0,0,0,0,0,0,0.0,0,12.7,3.7,-1.7,Graduate,High,Animation and Multimedia Design
STD262389,1,17,4,9147,1,1,132.0,1,38,19,5,5,120.8,1,0,0,1,1,1,18,0,0,5,8,4,10.8,0,0,5,10,2,12.5,0,11.1,0.6,2.02,Dropout,Low,Management
STD262390,1,39,2,9238,1,1,110.0,1,19,1,5,5,136.5,0,0,0,1,1,0,28,0,0,5,6,0,0.0,0,0,5,5,0,0.0,0,13.9,-0.3,0.79,Dropout,High,Social Service
STD262391,2,39,1,9003,1,1,130.0,1,1,37,9,1,122.0,0,0,1,0,1,0,25,0,3,10,23,6,11.428571428571429,0,2,7,15,4,12.0,1,15.5,2.8,-4.06,Dropout,High,Agronomy
STD262392,1,43,1,9003,1,1,130.0,1,37,1,5,4,130.0,0,0,0,1,1,0,25,0,8,14,24,8,12.5,2,6,13,23,10,11.6,0,15.5,2.8,-4.06,Dropout,Medium,Agronomy
STD262393,1,1,1,9147,1,1,135.0,1,38,19,9,5,126.3,0,0,0,1,1,0,18,0,0,5,11,2,13.5,0,0,5,11,3,12.333333333333334,0,8.9,1.4,3.51,Enrolled,High,Management
STD262394,1,1,1,9254,1,1,133.1,1,4,19,4,5,98.0,0,0,0,1,1,0,26,0,0,6,6,0,0.0,0,0,6,12,0,0.0,0,10.8,1.4,1.74,Dropout,High,Tourism
STD262395,1,17,3,9147,1,1,135.0,1,37,37,6,5,121.0,1,0,0,1,1,1,18,0,0,5,8,5,12.75,0,0,5,7,5,11.5,0,13.9,-0.3,0.79,Graduate,Low,Management
STD262396,1,43,1,9773,1,1,128.0,1,19,38,9,7,124.2,1,0,0,1,1,0,22,0,0,6,17,3,11.333333333333334,3,0,6,14,3,12.333333333333334,0,15.5,2.8,-4.06,Enrolled,Medium,Journalism and Communication
STD262397,1,39,1,9003,1,1,140.0,1,1,3,4,5,130.0,0,0,0,1,1,0,25,0,0,6,8,0,0.0,0,0,6,10,0,0.0,0,16.2,0.3,-0.92,Dropout,High,Agronomy
STD262398,1,1,2,9773,1,1,135.0,1,3,1,4,4,136.1,1,0,0,1,1,0,19,0,0,6,9,5,11.4,0,0,6,13,5,12.4,0,8.9,1.4,3.51,Enrolled,Low,Journalism and Communication
STD262399,1,17,2,9773,1,1,131.0,1,3,19,2,3,132.8,1,0,0,1,1,0,19,0,0,6,7,6,14.428571428571429,0,0,6,7,6,14.571428571428571,0,13.9,-0.3,0.79,Graduate,Low,Journalism and Communication
STD262400,1,17,1,9500,1,1,131.0,1,1,1,5,5,126.3,0,0,0,1,1,0,19,0,0,7,9,7,12.492857142857144,0,0,8,10,8,11.7125,0,16.2,0.3,-0.92,Graduate,Low,Nursing
STD262401,4,39,1,8014,0,19,100.0,1,1,37,9,1,111.5,0,0,0,1,1,0,45,0,2,8,10,4,11.5,0,2,8,13,4,11.0,0,10.8,1.4,1.74,Dropout,Medium,Social Service (evening attendance)
STD262402,2,39,1,9991,0,1,140.0,1,37,37,9,9,118.2,0,0,0,1,1,0,52,0,0,5,7,5,11.2,0,0,5,6,5,12.8,1,7.6,2.6,0.32,Graduate,Low,Management (evening attendance)
STD262403,1,1,1,9147,1,1,124.0,1,19,19,9,3,115.6,1,0,0,0,1,0,20,0,0,5,9,3,12.0,1,0,5,7,3,11.0,0,9.4,-0.8,-3.12,Dropout,High,Management
STD262404,1,1,1,9500,1,1,130.0,1,38,37,5,10,117.8,1,0,0,1,1,0,19,0,0,8,8,7,15.885714285714286,0,0,8,8,7,15.885714285714286,0,10.8,1.4,1.74,Graduate,Low,Nursing
STD262405,1,1,1,9500,1,1,142.0,1,1,38,9,9,127.0,0,0,1,0,1,0,21,0,0,7,12,4,12.94,0,0,7,12,4,11.58,0,12.4,0.5,1.79,Dropout,High,Nursing
STD262406,2,39,1,8014,0,1,150.0,1,37,37,9,9,140.0,0,0,0,0,1,0,35,0,0,6,6,6,14.0,0,0,6,6,6,14.166666666666666,0,9.4,-0.8,-3.12,Graduate,High,Social Service (evening attendance)
STD262407,2,39,1,171,1,12,110.0,1,37,37,7,7,106.0,1,0,0,1,1,0,36,0,0,0,0,0,0.0,0,0,0,0,0,0.0,0,7.6,2.6,0.32,Graduate,High,Animation and Multimedia Design
STD262408,4,39,1,9500,1,19,110.0,1,37,38,5,5,151.0,0,0,1,0,1,0,47,0,0,7,7,0,0.0,7,0,8,8,0,0.0,8,15.5,2.8,-4.06,Dropout,High,Nursing
STD262409,1,18,1,9991,0,1,112.0,1,43,40,2,2,106.4,0,0,0,1,1,0,22,0,0,5,0,0,0.0,0,0,5,0,0,0.0,0,8.9,1.4,3.51,Dropout,High,Management (evening attendance)
STD262410,2,39,1,9991,0,1,100.0,1,37,37,9,9,125.3,1,0,0,1,1,0,41,0,0,5,8,4,11.25,0,0,5,8,3,11.0,1,7.6,2.6,0.32,Dropout,Low,Management (evening attendance)
STD262411,1,7,1,9119,1,3,130.0,1,34,34,90,90,130.0,0,0,0,1,1,0,26,0,0,5,5,0,0.0,0,0,5,6,0,0.0,0,10.8,1.4,1.74,Dropout,High,Informatics Engineering
STD262412,2,39,1,8014,0,1,133.1,1,34,34,90,90,116.0,0,0,0,0,0,0,51,0,0,6,13,4,11.25,0,0,6,12,0,0.0,1,10.8,1.4,1.74,Dropout,High,Social Service (evening attendance)
STD262413,2,39,2,9991,0,1,150.0,1,37,37,9,9,120.0,0,0,0,1,0,0,43,0,0,5,11,3,10.666666666666666,0,1,5,10,4,12.5,0,9.4,-0.8,-3.12,Enrolled,Medium,Management (evening attendance)
STD262414,2,39,2,8014,0,1,100.0,1,34,34,0,0,100.0,1,0,0,1,0,0,41,0,0,6,9,5,11.8,0,1,6,10,3,10.666666666666666,1,7.6,2.6,0.32,Graduate,Low,Social Service (evening attendance)
STD262415,1,43,2,9147,1,1,130.0,1,34,37,9,9,118.5,1,0,0,1,1,0,23,0,5,10,19,8,11.625,1,4,10,16,10,11.181818181818182,3,7.6,2.6,0.32,Graduate,Low,Management
STD262416,1,43,2,9238,1,1,129.0,1,34,30,0,5,118.9,1,0,0,1,1,0,22,0,0,6,11,0,0.0,0,0,5,10,0,0.0,0,9.4,-0.8,-3.12,Dropout,High,Social Service
STD262417,1,17,2,9070,1,1,127.0,1,37,37,9,9,119.3,1,1,0,1,1,1,25,0,0,6,8,4,10.25,0,0,6,6,4,11.25,0,12.7,3.7,-1.7,Dropout,Medium,Communication Design
STD262418,1,43,1,9991,0,1,140.0,1,37,37,9,9,135.8,1,0,0,1,1,0,25,0,14,15,16,15,10.8,0,13,14,14,14,11.357142857142858,0,9.4,-0.8,-3.12,Graduate,Low,Management (evening attendance)
STD262419,1,53,1,171,1,42,130.0,1,1,19,9,9,130.0,1,0,0,0,1,1,22,0,5,12,15,11,12.545454545454543,0,4,11,16,11,12.666666666666666,0,8.9,1.4,3.51,Graduate,High,Animation and Multimedia Design
STD262420,1,39,1,9003,1,1,133.1,6,1,1,192,144,129.8,0,0,0,1,1,0,24,1,0,7,7,7,13.571428571428571,0,0,6,9,5,13.4,0,8.9,1.4,3.51,Enrolled,Low,Agronomy
STD262421,1,39,1,9085,1,2,140.0,1,38,38,9,10,150.0,0,0,0,1,1,0,47,0,0,6,0,0,0.0,0,0,6,0,0,0.0,0,16.2,0.3,-0.92,Dropout,High,Veterinary Nursing
STD262422,2,39,1,9991,0,19,133.1,1,37,37,5,5,111.9,1,0,0,1,1,0,41,0,0,5,5,0,0.0,0,0,5,5,0,0.0,0,7.6,2.6,0.32,Dropout,High,Management (evening attendance)
STD262423,1,39,1,9003,1,1,120.0,1,37,37,9,9,150.1,1,0,0,1,1,0,43,0,0,6,9,6,14.77777777777778,0,0,6,11,5,12.2,0,13.9,-0.3,0.79,Graduate,Low,Agronomy
STD262424,1,39,1,9003,1,1,133.1,1,1,37,9,8,130.0,0,0,0,1,1,0,29,0,0,3,4,0,0.0,0,0,4,8,0,0.0,0,16.2,0.3,-0.92,Dropout,High,Agronomy
STD262425,1,39,2,9119,1,1,120.0,1,37,37,5,5,128.0,0,0,0,1,1,0,30,0,0,2,2,0,0.0,0,0,2,2,0,0.0,0,7.6,2.6,0.32,Dropout,High,Informatics Engineering
STD262426,1,39,2,9147,1,38,133.1,1,19,38,9,9,102.5,0,0,0,0,1,0,26,0,0,4,4,0,0.0,0,0,5,0,0,0.0,0,12.7,3.7,-1.7,Dropout,High,Management
STD262427,1,39,2,9991,0,1,133.1,1,19,38,9,9,102.5,0,0,0,0,1,0,27,0,0,5,10,0,0.0,0,0,5,5,0,0.0,0,15.5,2.8,-4.06,Dropout,High,Management (evening attendance)
STD262428,2,39,2,9670,1,1,100.0,1,37,37,9,9,110.0,0,0,0,1,1,1,36,0,0,5,5,5,11.4,0,0,5,7,5,11.6,0,9.4,-0.8,-3.12,Graduate,Low,Advertising and Marketing Management
STD262429,1,39,1,9003,1,19,133.1,1,1,19,4,10,114.0,0,0,0,1,1,0,29,0,3,9,13,6,11.666666666666666,0,2,7,10,6,10.857142857142858,0,15.5,2.8,-4.06,Dropout,Medium,Agronomy
STD262430,1,42,1,9119,1,1,120.0,1,34,34,0,0,128.2,1,0,0,1,1,0,35,0,6,10,12,7,11.285714285714286,0,2,8,8,5,13.0,0,9.4,-0.8,-3.12,Dropout,Medium,Informatics Engineering
STD262431,1,1,1,9773,1,1,128.0,1,38,38,6,3,116.5,0,0,0,1,1,1,18,0,0,6,12,4,11.5,0,0,6,10,5,12.6,0,10.8,1.4,1.74,Graduate,Medium,Journalism and Communication
STD262432,1,1,1,9991,0,1,172.0,1,38,37,9,9,149.3,0,0,0,1,1,1,24,0,0,5,5,5,16.0,0,0,5,5,5,16.0,0,8.9,1.4,3.51,Graduate,Low,Management (evening attendance)
STD262433,1,1,3,9773,1,1,146.0,1,38,38,9,7,134.1,1,0,0,1,1,1,18,0,0,6,6,6,12.5,0,0,6,7,6,12.666666666666666,0,10.8,1.4,1.74,Dropout,Low,Journalism and Communication
STD262434,1,17,4,9119,1,1,135.0,1,38,37,5,7,126.6,1,0,0,1,1,0,18,0,0,5,7,4,12.0,0,0,5,10,3,13.0,3,7.6,2.6,0.32,Enrolled,Low,Informatics Engineering
STD262435,2,43,1,9085,1,1,160.0,1,37,37,9,7,120.0,0,0,0,1,1,0,21,0,0,5,11,0,0.0,2,0,5,11,3,11.666666666666666,1,9.4,-0.8,-3.12,Enrolled,High,Veterinary Nursing
STD262436,1,42,1,9119,1,1,150.0,1,38,37,5,8,133.5,1,0,0,1,1,0,21,0,0,5,10,5,13.0,0,0,5,10,5,12.6,0,9.4,-0.8,-3.12,Graduate,Low,Informatics Engineering
STD262437,1,39,1,9003,1,1,130.0,1,1,3,2,6,110.0,0,0,0,1,1,0,32,0,8,18,27,13,13.714285714285714,1,7,12,18,12,12.083333333333334,0,15.5,2.8,-4.06,Graduate,Medium,Agronomy
STD262438,1,1,4,9119,1,1,111.0,1,37,37,9,5,107.5,1,0,0,1,1,1,22,0,0,5,9,3,12.333333333333334,0,0,6,14,3,12.5,0,11.1,0.6,2.02,Dropout,Medium,Informatics Engineering
STD262439,1,7,1,9003,1,3,130.0,1,1,38,9,7,130.0,1,0,0,0,1,0,32,0,11,17,31,11,12.727272727272728,4,10,12,24,10,12.7,1,15.5,2.8,-4.06,Dropout,High,Agronomy
STD262440,1,43,1,9670,1,6,170.0,1,34,34,0,0,111.6,0,0,0,1,1,0,35,0,1,5,5,1,14.0,0,0,5,5,0,0.0,0,9.4,-0.8,-3.12,Dropout,High,Advertising and Marketing Management
STD262441,1,18,3,9147,1,1,133.1,1,1,38,4,7,101.0,1,0,0,0,1,0,23,0,0,5,0,0,0.0,0,0,5,0,0,0.0,0,8.9,1.4,3.51,Dropout,High,Management
STD262442,1,39,1,8014,0,1,100.0,1,37,37,6,6,108.3,0,0,0,1,1,0,39,0,0,6,8,5,11.4,0,1,6,12,3,11.0,1,7.6,2.6,0.32,Enrolled,Low,Social Service (evening attendance)
STD262443,2,43,1,9670,1,1,120.0,1,34,34,0,0,128.2,0,0,0,1,1,0,35,0,0,5,5,0,0.0,0,0,5,5,1,10.0,0,9.4,-0.8,-3.12,Dropout,High,Advertising and Marketing Management
STD262444,2,39,1,9003,1,3,110.0,1,3,19,4,6,150.0,0,0,0,1,1,0,32,0,0,6,8,6,18.875,0,6,12,14,12,17.692307692307693,0,16.2,0.3,-0.92,Graduate,Low,Agronomy
STD262445,1,1,1,9853,1,1,133.1,1,34,34,0,0,142.8,0,0,0,1,1,0,20,0,0,6,12,0,0.0,0,0,6,12,0,0.0,0,7.6,2.6,0.32,Dropout,High,Basic Education
STD262446,1,39,1,9500,1,1,120.0,1,37,37,9,9,100.0,0,0,0,1,1,0,34,0,0,7,15,6,11.333333333333334,0,0,7,16,4,12.6,0,16.2,0.3,-0.92,Enrolled,Low,Nursing
STD262447,1,7,1,9991,0,40,150.0,1,37,37,6,6,150.0,1,0,0,1,1,0,44,0,3,7,9,7,13.5,0,0,5,6,5,16.2,0,8.9,1.4,3.51,Dropout,Low,Management (evening attendance)
STD262448,2,39,1,9254,1,19,133.1,1,37,19,9,10,156.5,0,0,0,1,1,0,53,0,7,11,12,2,15.0,7,4,9,10,3,10.0,4,16.2,0.3,-0.92,Graduate,High,Tourism
STD262449,1,39,1,9119,1,19,120.0,1,37,37,9,4,98.6,0,0,1,0,1,0,28,0,0,5,10,0,0.0,0,0,5,7,0,0.0,0,12.4,0.5,1.79,Dropout,High,Informatics Engineering
STD262450,1,7,1,9991,0,3,130.0,1,37,37,9,9,130.0,0,0,0,1,1,0,31,0,9,9,9,9,14.22222222222222,0,5,5,5,5,12.8,0,12.7,3.7,-1.7,Dropout,Low,Management (evening attendance)
STD262451,1,1,1,171,1,1,130.0,1,1,38,5,9,118.1,0,0,1,0,1,0,18,0,0,0,0,0,0.0,0,0,0,0,0,0.0,0,9.4,-0.8,-3.12,Enrolled,High,Animation and Multimedia Design
STD262452,1,39,1,9003,1,1,100.0,1,1,3,9,10,120.0,0,0,1,0,1,0,44,0,2,7,14,4,12.0,2,0,6,16,0,0.0,1,15.5,2.8,-4.06,Dropout,High,Agronomy
STD262453,1,1,1,9085,1,1,142.0,1,1,1,9,9,127.7,1,0,0,1,1,0,19,0,0,5,9,5,12.6,1,0,5,8,4,12.0,0,12.7,3.7,-1.7,Graduate,Low,Veterinary Nursing
STD262454,1,15,1,171,1,1,130.0,26,1,1,2,9,130.0,0,0,0,1,1,0,21,1,6,12,12,12,15.083333333333334,0,4,11,15,11,13.083333333333334,0,8.9,1.4,3.51,Enrolled,Low,Animation and Multimedia Design
STD262455,1,18,1,9119,1,1,148.0,1,3,19,3,5,147.7,0,0,0,1,1,1,18,0,0,5,5,0,0.0,0,0,5,5,0,0.0,0,9.4,-0.8,-3.12,Dropout,High,Informatics Engineering
STD262456,1,44,1,9003,1,39,170.0,1,19,19,5,5,170.0,1,0,0,1,1,0,20,0,0,6,8,6,14.5,0,0,6,10,6,15.3,0,16.2,0.3,-0.92,Graduate,Low,Agronomy
STD262457,1,39,1,9070,1,1,110.0,1,37,37,7,7,110.2,0,0,0,1,1,0,55,0,0,6,6,6,14.5,0,0,6,6,6,13.5,0,11.1,0.6,2.02,Graduate,Low,Communication Design
STD262458,1,1,1,9147,1,1,166.0,1,19,37,4,8,146.4,0,0,0,1,1,0,27,0,0,5,12,3,10.0,0,0,5,12,1,13.0,0,7.6,2.6,0.32,Enrolled,Medium,Management
STD262459,1,17,2,9119,1,1,135.0,1,12,19,5,5,121.0,0,0,0,1,1,0,19,0,0,5,0,0,0.0,0,0,5,0,0,0.0,0,12.4,0.5,1.79,Dropout,High,Informatics Engineering
STD262460,1,1,1,9147,1,1,133.0,1,19,37,9,9,129.9,0,0,0,1,1,0,18,0,0,5,5,5,11.6,0,0,5,5,5,13.2,0,12.4,0.5,1.79,Graduate,Low,Management
STD262461,2,39,1,9773,1,1,133.1,1,37,37,7,4,132.0,0,0,0,1,1,0,43,0,0,6,10,4,11.75,0,0,6,7,0,0.0,0,15.5,2.8,-4.06,Dropout,Medium,Journalism and Communication
STD262462,1,18,3,9254,1,1,121.0,1,19,19,9,6,125.9,1,0,0,1,1,0,18,0,0,6,0,0,0.0,0,0,6,0,0,0.0,0,13.9,-0.3,0.79,Dropout,High,Tourism
STD262463,1,1,1,171,1,1,159.0,1,3,3,2,2,165.7,1,0,0,1,1,0,18,0,0,0,0,0,0.0,0,0,0,0,0,0.0,0,9.4,-0.8,-3.12,Dropout,High,Animation and Multimedia Design
STD262464,1,17,5,9254,1,1,130.0,1,37,38,9,9,122.7,1,0,1,1,1,1,20,0,0,6,7,0,0.0,0,0,6,6,0,0.0,0,8.9,1.4,3.51,Dropout,High,Tourism
STD262465,2,39,1,9991,0,1,121.0,1,37,19,9,9,141.4,0,0,1,0,1,0,29,0,0,5,7,4,11.25,0,0,5,8,4,11.8,0,10.8,1.4,1.74,Dropout,High,Management (evening attendance)
STD262466,1,39,1,9130,1,19,133.1,1,37,37,9,10,156.4,1,0,1,1,1,0,44,0,0,6,9,5,11.571428571428571,0,0,6,11,0,0.0,0,13.9,-0.3,0.79,Dropout,Low,Equinculture
STD262467,1,1,1,9119,1,1,146.0,1,37,37,9,9,148.5,1,0,0,1,1,0,18,0,0,5,7,4,10.0,0,0,5,8,1,16.0,0,10.8,1.4,1.74,Enrolled,Low,Informatics Engineering
STD262468,1,44,1,9003,1,39,140.0,1,37,37,9,1,140.0,0,0,0,1,1,1,20,0,0,6,11,5,13.833333333333334,0,0,6,13,6,12.3,0,15.5,2.8,-4.06,Enrolled,Low,Agronomy
STD262469,1,43,1,9070,1,1,125.0,1,38,37,8,7,131.7,1,0,0,1,1,0,20,0,3,6,6,4,12.75,0,3,9,12,3,12.666666666666666,0,12.4,0.5,1.79,Dropout,Medium,Communication Design
STD262470,2,39,2,9147,1,1,120.0,1,37,37,9,9,104.7,1,0,0,1,1,0,36,0,0,4,4,0,0.0,0,0,5,9,0,0.0,0,10.8,1.4,1.74,Dropout,High,Management
STD262471,1,44,1,9130,1,39,150.0,1,5,1,2,5,150.0,1,0,0,1,1,0,19,0,1,6,13,5,11.6,0,1,6,12,2,11.0,0,13.9,-0.3,0.79,Enrolled,Low,Equinculture
STD262472,2,39,1,9085,1,19,110.0,1,37,37,90,90,110.0,0,0,0,0,1,0,29,0,0,5,5,0,0.0,0,0,5,5,0,0.0,0,12.7,3.7,-1.7,Dropout,High,Veterinary Nursing
STD262473,1,1,1,9670,1,1,120.0,1,1,1,9,9,129.1,1,0,0,1,1,0,18,0,0,6,6,4,11.25,0,0,6,10,3,10.333333333333334,0,10.8,1.4,1.74,Dropout,Medium,Advertising and Marketing Management
STD262474,1,39,1,9003,1,1,133.1,1,1,1,1,6,120.0,0,0,0,0,1,0,24,0,0,6,0,0,0.0,0,0,6,0,0,0.0,0,13.9,-0.3,0.79,Dropout,High,Agronomy
STD262475,1,1,1,9773,1,1,133.1,1,3,19,2,5,127.0,0,0,0,1,1,0,20,0,0,6,6,6,14.333333333333334,0,0,6,7,6,15.0,0,15.5,2.8,-4.06,Graduate,Low,Journalism and Communication
STD262476,2,39,1,8014,0,19,133.1,1,19,37,9,9,151.5,0,0,1,0,1,0,45,0,0,6,7,0,0.0,0,0,5,5,0,0.0,0,16.2,0.3,-0.92,Dropout,High,Social Service (evening attendance)
STD262477,1,43,2,9500,1,1,130.0,1,38,37,4,4,126.8,1,0,0,1,1,1,28,0,18,23,23,20,13.5,3,18,23,23,20,13.5,3,7.6,2.6,0.32,Graduate,Low,Nursing
STD262478,1,1,1,9254,1,1,160.0,1,19,38,9,9,140.8,1,0,0,1,1,0,23,0,0,6,8,6,12.666666666666666,0,0,6,10,5,12.2,0,7.6,2.6,0.32,Enrolled,Low,Tourism
STD262479,1,1,1,9500,1,1,128.0,1,1,19,4,7,125.6,1,0,0,1,1,0,18,0,0,7,7,7,12.444285714285714,0,0,8,11,7,11.347142857142858,0,12.4,0.5,1.79,Graduate,Low,Nursing
STD262480,1,1,2,9147,1,1,140.0,1,19,19,9,4,127.8,1,0,0,1,1,0,23,0,0,5,7,3,10.666666666666666,1,0,5,7,3,11.333333333333334,0,9.4,-0.8,-3.12,Dropout,Medium,Management
STD262481,1,43,1,171,1,1,120.0,1,3,3,2,2,120.0,1,0,0,1,1,0,22,0,0,0,0,0,0.0,0,0,0,0,0,0.0,0,7.6,2.6,0.32,Enrolled,High,Animation and Multimedia Design
STD262482,1,1,1,9070,1,1,140.0,1,19,19,5,5,131.3,0,0,0,1,1,1,22,0,1,6,6,6,12.666666666666666,0,1,6,6,5,12.4,0,12.4,0.5,1.79,Graduate,Low,Communication Design
STD262483,1,39,1,9991,0,12,120.0,1,37,38,5,5,155.7,0,0,0,1,1,0,33,0,0,5,5,5,13.2,0,0,5,6,5,14.833333333333334,0,10.8,1.4,1.74,Graduate,Low,Management (evening attendance)
STD262484,1,53,1,9003,1,42,130.0,1,1,38,9,6,128.5,0,0,0,1,1,0,21,0,7,12,20,10,12.7,0,5,12,14,11,12.181818181818182,0,8.9,1.4,3.51,Graduate,Low,Agronomy
STD262485,2,39,1,9147,1,1,100.0,1,37,37,9,5,170.0,0,0,0,1,1,0,45,0,0,5,6,5,14.833333333333334,0,0,5,5,5,14.8,0,15.5,2.8,-4.06,Graduate,Low,Management
STD262486,2,39,1,9003,1,1,133.1,1,37,37,9,9,100.0,0,0,0,0,1,0,44,0,4,10,10,4,11.5,0,1,7,8,1,12.0,0,15.5,2.8,-4.06,Dropout,High,Agronomy
STD262487,4,39,1,9670,1,1,110.0,1,19,19,90,99,107.2,0,0,0,1,1,0,42,0,0,6,0,0,0.0,0,0,6,0,0,0.0,0,12.7,3.7,-1.7,Dropout,High,Advertising and Marketing Management
STD262488,1,18,1,9147,1,1,147.0,1,19,1,9,7,139.3,1,0,0,1,1,0,20,0,0,5,0,0,0.0,0,0,5,0,0,0.0,0,12.4,0.5,1.79,Dropout,High,Management
STD262489,1,17,6,9147,1,1,133.0,1,19,38,5,6,123.2,1,0,0,1,1,0,20,0,0,5,7,3,12.666666666666666,1,0,5,12,2,12.5,0,9.4,-0.8,-3.12,Enrolled,Medium,Management
STD262490,1,1,2,9254,1,1,137.0,1,1,38,2,8,122.3,1,0,0,1,1,1,20,0,0,6,7,6,14.714285714285714,0,0,6,6,6,12.5,0,8.9,1.4,3.51,Graduate,Low,Tourism
STD262491,1,17,2,9773,1,1,124.0,1,1,1,4,4,127.9,1,0,0,1,1,0,20,0,0,6,11,3,13.666666666666666,0,0,6,13,4,10.25,0,9.4,-0.8,-3.12,Enrolled,Medium,Journalism and Communication
STD262492,1,1,2,9147,1,1,128.0,1,1,1,9,6,120.3,0,0,0,1,1,0,19,0,0,5,9,5,10.8,0,0,5,13,2,13.5,0,8.9,1.4,3.51,Enrolled,Low,Management
STD262493,1,51,1,8014,0,1,120.0,1,1,1,4,4,128.5,0,0,1,0,1,0,26,0,2,8,13,4,10.5,0,5,10,16,7,10.428571428571429,0,12.4,0.5,1.79,Dropout,High,Social Service (evening attendance)
STD262494,2,39,1,9003,1,1,133.1,1,37,37,8,7,150.0,0,0,0,1,1,0,31,0,0,6,10,6,15.0,0,0,6,11,5,12.5,0,13.9,-0.3,0.79,Graduate,Low,Agronomy
STD262495,1,1,1,9773,1,1,142.0,1,1,19,9,9,136.1,0,0,1,1,1,1,19,0,0,6,6,6,12.666666666666666,0,0,6,6,6,14.0,0,16.2,0.3,-0.92,Graduate,Low,Journalism and Communication
STD262496,1,39,1,9773,1,19,100.0,1,37,37,0,0,128.0,1,0,0,1,1,0,28,0,0,6,7,6,13.166666666666666,0,0,6,6,6,13.666666666666666,0,7.6,2.6,0.32,Graduate,Low,Journalism and Communication
STD262497,1,1,1,171,1,1,149.0,1,19,37,9,9,158.1,1,0,0,1,1,1,20,0,0,0,0,0,0.0,0,0,0,0,0,0.0,0,10.8,1.4,1.74,Graduate,High,Animation and Multimedia Design
STD262498,2,1,2,8014,0,1,110.0,1,37,1,9,10,108.7,1,0,0,1,0,0,43,0,0,6,6,6,13.0,0,0,6,6,6,12.5,0,9.4,-0.8,-3.12,Graduate,Low,Social Service (evening attendance)
STD262499,1,39,1,171,1,19,133.1,101,1,19,2,7,110.0,0,0,0,1,1,1,25,1,0,0,0,0,0.0,0,0,0,0,0,0.0,0,15.5,2.8,-4.06,Dropout,High,Animation and Multimedia Design
STD262500,1,39,1,9238,1,19,133.1,1,37,37,9,9,120.0,0,1,1,1,0,0,40,0,0,6,13,2,10.0,0,0,6,10,1,15.0,0,16.2,0.3,-0.92,Dropout,High,Social Service
STD262501,1,44,1,9085,1,39,150.0,6,5,4,1,1,150.0,0,0,0,1,0,0,20,1,2,6,7,6,13.333333333333334,0,1,6,16,5,13.375,0,12.4,0.5,1.79,Graduate,Low,Veterinary Nursing
STD262502,2,39,1,8014,0,12,133.1,1,37,37,9,1,113.0,0,0,0,1,0,0,46,0,0,6,13,3,12.333333333333334,0,0,6,6,6,13.333333333333334,0,11.1,0.6,2.02,Graduate,Medium,Social Service (evening attendance)
STD262503,1,51,1,33,1,1,121.0,1,19,37,5,7,118.6,0,0,0,1,0,0,26,0,14,21,23,20,13.181818181818182,0,10,14,18,14,11.642857142857142,0,8.9,1.4,3.51,Graduate,Low,Biofuel Production Technologies
STD262504,2,39,1,9500,1,1,133.1,1,3,1,5,5,148.8,0,0,0,1,0,1,34,0,0,7,7,6,12.513333333333334,0,0,8,9,7,13.071428571428571,0,12.4,0.5,1.79,Graduate,Low,Nursing
STD262505,1,18,3,9853,1,1,122.0,1,38,37,9,5,120.3,1,0,0,1,0,0,19,0,0,6,0,0,0.0,0,0,6,0,0,0.0,0,10.8,1.4,1.74,Dropout,High,Basic Education
STD262506,1,1,6,9500,1,1,143.0,1,19,19,9,9,127.0,1,0,0,1,0,1,18,0,0,8,8,7,13.585714285714284,0,0,8,8,7,13.585714285714284,0,12.7,3.7,-1.7,Graduate,Low,Nursing
STD262507,1,1,1,9556,1,1,123.0,1,19,19,4,9,113.8,1,0,0,1,0,0,18,0,0,7,9,7,11.155555555555557,0,0,8,10,8,11.425,0,12.7,3.7,-1.7,Graduate,Low,Oral Hygiene
STD262508,1,39,1,8014,0,1,120.0,1,38,37,9,7,108.0,0,0,0,1,1,1,37,0,1,7,9,6,11.857142857142858,0,1,6,7,5,12.0,0,13.9,-0.3,0.79,Graduate,Low,Social Service (evening attendance)
STD262509,1,17,1,171,1,1,114.0,1,19,38,9,7,129.1,0,0,0,1,1,1,23,0,0,0,0,0,0.0,0,0,0,0,0,0.0,0,9.4,-0.8,-3.12,Graduate,High,Animation and Multimedia Design
STD262510,1,43,1,9070,1,1,114.0,1,19,38,9,7,135.9,0,0,0,1,1,0,26,0,9,14,14,14,14.0,0,7,13,13,13,13.615384615384617,0,15.5,2.8,-4.06,Graduate,Low,Communication Design
STD262511,1,10,2,9773,1,1,154.4,22,19,38,3,5,154.4,1,0,0,0,0,0,18,1,0,6,8,5,12.0,0,0,6,0,0,0.0,0,10.8,1.4,1.74,Dropout,High,Journalism and Communication
STD262512,1,15,1,9500,1,1,190.0,108,3,2,122,4,190.0,1,0,0,1,0,0,18,1,0,7,15,4,11.575,0,0,7,10,5,12.419999999999998,0,12.4,0.5,1.79,Enrolled,Medium,Nursing
STD262513,1,17,4,9500,1,1,136.0,1,3,3,2,2,132.5,1,0,0,1,0,0,19,0,0,7,8,7,13.198571428571428,0,0,8,8,8,13.0625,0,11.1,0.6,2.02,Graduate,Low,Nursing
STD262514,1,10,2,9085,1,1,163.3,22,19,1,4,9,163.3,0,0,0,1,0,0,18,1,0,6,10,6,13.5,0,0,6,12,6,12.0,0,12.4,0.5,1.79,Graduate,Low,Veterinary Nursing
STD262515,1,1,1,9670,1,1,126.0,1,1,3,4,3,122.5,1,0,0,1,0,0,19,0,0,6,6,6,13.333333333333334,0,0,6,8,5,12.8,0,8.9,1.4,3.51,Dropout,Low,Advertising and Marketing Management
STD262516,1,17,4,9119,1,1,122.0,62,1,1,191,171,121.0,1,0,0,1,1,0,20,1,0,5,10,4,14.25,0,0,5,14,1,10.0,0,8.9,1.4,3.51,Enrolled,Low,Informatics Engineering
STD262517,1,17,1,9070,1,1,137.0,1,1,1,1,5,131.8,0,0,0,1,0,1,22,0,0,6,7,6,12.166666666666666,0,0,6,9,4,12.0,0,9.4,-0.8,-3.12,Graduate,Low,Communication Design
STD262518,1,1,3,9500,1,1,139.0,1,19,1,9,5,135.0,1,0,0,1,0,1,18,0,0,8,8,7,12.214285714285714,0,0,8,8,7,12.214285714285714,0,12.7,3.7,-1.7,Graduate,Low,Nursing
STD262519,1,17,1,9254,1,1,142.0,1,19,39,5,4,141.7,0,0,0,1,0,1,18,0,0,6,8,6,12.666666666666666,0,0,6,6,6,13.0,0,13.9,-0.3,0.79,Graduate,Low,Tourism
STD262520,1,1,3,9773,1,1,133.1,1,38,38,5,5,131.3,1,0,0,1,0,1,18,0,0,6,7,6,12.285714285714286,0,0,6,6,6,13.5,0,8.9,1.4,3.51,Graduate,Low,Journalism and Communication
STD262521,1,1,6,9254,1,1,126.0,1,38,37,5,7,123.9,1,0,0,1,0,1,18,0,0,6,7,6,13.0,0,0,6,6,6,13.0,0,12.4,0.5,1.79,Graduate,Low,Tourism
STD262522,1,1,2,9254,1,1,131.0,1,4,3,7,4,126.1,1,0,0,1,0,0,18,0,0,6,8,6,12.142857142857142,0,0,6,6,6,11.166666666666666,0,8.9,1.4,3.51,Graduate,Low,Tourism
STD262523,1,17,6,9500,1,1,131.0,1,1,19,7,7,126.5,1,0,0,1,0,1,19,0,0,7,8,7,13.875714285714285,0,0,8,9,7,13.085714285714284,0,11.1,0.6,2.02,Graduate,Low,Nursing
STD262524,1,17,1,9853,1,1,108.0,1,19,1,5,5,107.3,0,0,0,1,0,0,20,0,0,6,0,0,0.0,0,0,6,0,0,0.0,0,15.5,2.8,-4.06,Dropout,High,Basic Education
STD262525,1,17,4,9238,1,1,133.1,1,1,19,9,5,95.0,1,0,0,1,0,1,19,0,0,6,12,6,11.666666666666666,0,0,6,7,0,0.0,0,15.5,2.8,-4.06,Dropout,Low,Social Service
STD262526,1,1,2,9085,1,1,122.0,1,3,1,4,7,116.1,1,0,0,1,0,0,18,0,0,6,13,6,13.153846153846152,0,0,6,12,3,11.0,0,15.5,2.8,-4.06,Graduate,Low,Veterinary Nursing
STD262527,1,1,4,9070,1,1,143.0,1,1,1,9,7,134.6,1,0,0,1,0,1,18,0,0,6,6,6,14.5,0,0,6,6,6,12.833333333333334,0,12.4,0.5,1.79,Dropout,Low,Communication Design
STD262528,1,17,6,9500,1,1,135.0,1,19,19,7,7,128.0,1,0,0,1,0,1,18,0,0,7,7,7,14.44142857142857,0,0,8,8,8,13.65625,0,11.1,0.6,2.02,Graduate,Low,Nursing
STD262529,1,17,2,9773,1,1,148.0,1,3,38,2,6,144.2,1,0,0,1,0,0,18,0,0,6,6,6,15.166666666666666,0,0,6,7,6,14.285714285714286,0,12.4,0.5,1.79,Graduate,Low,Journalism and Communication
STD262530,1,17,1,9147,1,1,134.0,1,19,38,4,8,129.5,0,0,0,1,0,1,18,0,0,5,5,5,11.6,0,0,5,12,4,12.625,0,10.8,1.4,1.74,Graduate,Low,Management
STD262531,1,17,1,9773,1,1,122.0,1,1,1,4,7,116.8,1,0,1,1,0,0,18,0,0,6,6,6,11.666666666666666,0,0,6,6,6,12.333333333333334,0,16.2,0.3,-0.92,Graduate,Low,Journalism and Communication
STD262532,1,44,1,9003,1,39,160.0,1,37,38,9,6,160.0,0,0,0,1,0,1,20,0,0,6,8,6,12.625,0,0,6,10,6,13.2,0,16.2,0.3,-0.92,Graduate,Low,Agronomy
STD262533,1,16,2,9238,1,1,126.0,1,38,37,3,5,127.1,1,0,0,1,0,1,19,0,0,6,14,3,12.666666666666666,0,0,6,7,6,11.0,0,9.4,-0.8,-3.12,Graduate,Medium,Social Service
STD262534,1,17,1,9130,1,1,138.0,1,2,19,2,6,126.3,1,0,0,1,0,1,18,0,0,6,7,6,12.833333333333334,1,0,6,8,6,13.0,0,8.9,1.4,3.51,Enrolled,Low,Equinculture
STD262535,1,1,1,9238,1,1,115.0,1,38,38,8,7,112.9,1,0,0,1,0,1,19,0,0,6,7,6,11.857142857142858,0,0,6,8,6,13.142857142857142,0,12.4,0.5,1.79,Graduate,Low,Social Service
STD262536,1,17,2,9853,1,1,141.0,1,3,1,1,5,130.2,1,0,0,1,0,0,19,0,0,6,8,5,11.4,1,0,6,7,4,10.75,0,12.7,3.7,-1.7,Enrolled,Low,Basic Education
STD262537,1,43,1,9130,1,1,100.0,41,3,4,3,2,100.0,0,0,0,1,0,0,19,1,0,5,10,5,14.857142857142858,2,0,5,7,5,15.142857142857142,0,9.4,-0.8,-3.12,Enrolled,Low,Equinculture
STD262538,1,1,1,9670,1,1,130.0,1,19,19,7,7,121.6,0,0,0,1,0,0,19,0,0,6,7,6,14.714285714285714,0,0,6,6,6,15.833333333333334,0,12.4,0.5,1.79,Graduate,Low,Advertising and Marketing Management
STD262539,1,15,1,9670,1,1,130.0,26,42,1,2,7,130.0,0,1,1,1,0,0,20,1,0,6,6,6,13.5,0,0,6,9,5,13.0,0,8.9,1.4,3.51,Graduate,Low,Advertising and Marketing Management
STD262540,1,18,1,9130,1,1,135.0,1,38,19,9,5,121.7,1,0,0,1,0,1,18,0,0,5,7,4,11.5,0,0,5,5,5,12.4,0,10.8,1.4,1.74,Graduate,Low,Equinculture
STD262541,1,7,1,9147,1,3,120.0,1,1,39,4,7,120.0,0,0,0,1,0,0,33,0,2,5,9,2,14.0,0,0,5,5,0,0.0,0,12.4,0.5,1.79,Dropout,High,Management
STD262542,1,1,1,9853,1,1,148.0,1,19,19,4,5,143.5,0,0,0,1,0,1,19,0,0,7,8,6,12.833333333333334,0,0,6,6,0,0.0,0,13.9,-0.3,0.79,Dropout,Low,Basic Education
STD262543,1,17,2,9556,1,1,136.0,1,1,1,9,9,128.3,0,0,0,1,0,1,18,0,0,7,7,7,13.428571428571429,0,0,8,8,8,14.75,0,15.5,2.8,-4.06,Graduate,Low,Oral Hygiene
STD262544,1,17,1,9070,1,1,108.0,1,19,1,4,3,111.9,0,0,0,1,0,0,19,0,0,6,0,0,0.0,0,0,6,0,0,0.0,0,8.9,1.4,3.51,Dropout,High,Communication Design
STD262545,1,44,1,9003,1,39,140.0,1,38,38,6,3,140.0,0,0,0,1,0,0,19,0,0,6,18,3,11.666666666666666,0,0,6,14,4,11.5,0,15.5,2.8,-4.06,Enrolled,Medium,Agronomy
STD262546,1,1,3,9773,1,1,153.0,1,3,1,2,8,137.6,1,0,0,1,0,0,18,0,0,6,6,6,16.0,0,0,6,7,6,14.333333333333334,0,12.4,0.5,1.79,Graduate,Low,Journalism and Communication
STD262547,1,1,1,9238,1,1,135.0,1,19,19,9,5,135.0,1,0,0,1,0,0,20,0,0,6,6,6,13.833333333333334,0,0,6,6,6,11.833333333333334,0,10.8,1.4,1.74,Graduate,Low,Social Service
STD262548,1,1,5,9500,1,1,146.0,1,19,37,7,7,133.8,1,0,0,1,0,0,19,0,0,8,9,8,13.2325,1,0,8,9,8,13.2325,1,9.4,-0.8,-3.12,Graduate,Low,Nursing
STD262549,1,1,2,9773,1,1,130.0,1,19,19,9,9,126.9,1,0,0,1,1,1,18,0,0,6,6,6,14.0,0,0,6,6,6,14.166666666666666,0,9.4,-0.8,-3.12,Graduate,Low,Journalism and Communication
STD262550,1,17,2,9254,1,1,113.0,1,1,2,5,3,106.7,1,0,1,1,1,1,19,0,0,6,14,2,10.0,0,0,6,6,0,0.0,0,13.9,-0.3,0.79,Dropout,High,Tourism
STD262551,1,43,1,8014,0,1,145.7,22,37,37,9,9,145.7,1,0,0,1,0,0,25,1,8,16,16,15,13.333333333333334,0,11,13,13,11,12.272727272727272,0,13.9,-0.3,0.79,Graduate,Low,Social Service (evening attendance)
STD262552,1,17,3,9070,1,1,145.0,1,3,3,4,4,153.1,1,0,0,1,0,1,20,0,0,6,6,6,12.5,0,0,6,6,6,14.333333333333334,0,12.7,3.7,-1.7,Enrolled,Low,Communication Design
STD262553,1,1,1,8014,0,1,126.0,1,38,37,5,5,118.7,0,0,0,1,0,0,19,0,0,6,6,6,12.5,0,0,6,6,6,11.5,0,12.7,3.7,-1.7,Graduate,Low,Social Service (evening attendance)
STD262554,1,17,1,9991,0,1,160.0,1,34,34,0,0,161.8,1,0,1,1,1,0,33,0,0,5,8,2,10.5,0,0,5,5,0,0.0,0,7.6,2.6,0.32,Dropout,High,Management (evening attendance)
STD262555,1,18,4,9119,1,1,134.0,1,19,38,194,175,124.9,1,0,1,1,1,0,18,0,0,5,11,3,10.666666666666666,0,0,5,9,3,11.333333333333334,0,8.9,1.4,3.51,Enrolled,Medium,Informatics Engineering
STD262556,1,1,1,9119,1,1,163.0,1,19,37,5,8,150.8,1,0,0,1,1,0,18,0,0,5,9,4,10.5,0,0,5,11,2,10.5,3,7.6,2.6,0.32,Enrolled,Low,Informatics Engineering
STD262557,1,15,1,9147,1,1,130.0,26,1,1,2,3,130.0,0,0,0,1,0,0,19,1,0,5,10,4,12.0,0,0,5,6,5,11.4,0,11.1,0.6,2.02,Graduate,Low,Management
STD262558,1,1,2,171,1,1,165.0,1,3,3,2,2,163.6,1,0,0,1,0,0,18,0,0,0,0,0,0.0,0,0,0,0,0,0.0,0,12.4,0.5,1.79,Enrolled,High,Animation and Multimedia Design
STD262559,1,43,1,9147,1,1,142.0,1,38,19,141,171,115.0,0,0,0,1,0,0,19,0,0,5,11,5,11.5,0,0,5,9,2,10.666666666666666,0,13.9,-0.3,0.79,Enrolled,Low,Management
STD262560,1,1,1,9773,1,1,156.0,1,19,1,5,10,136.8,1,0,0,1,0,0,18,0,0,6,6,6,14.0,0,0,6,6,6,13.5,0,11.1,0.6,2.02,Dropout,Low,Journalism and Communication
STD262561,1,17,5,9853,1,1,141.0,1,3,19,2,7,130.9,1,0,0,1,0,0,18,0,0,6,7,6,13.5,0,0,6,8,5,12.6,0,7.6,2.6,0.32,Graduate,Low,Basic Education
STD262562,1,1,3,9500,1,1,143.0,1,19,37,7,7,127.0,1,0,0,1,0,0,18,0,0,8,8,8,13.07375,0,0,8,8,8,13.07375,0,9.4,-0.8,-3.12,Graduate,Low,Nursing
STD262563,2,39,1,9500,1,19,133.1,1,38,38,2,10,120.0,0,0,0,1,0,0,37,0,0,7,9,2,10.75,0,0,7,9,0,0.0,0,16.2,0.3,-0.92,Dropout,High,Nursing
STD262564,1,1,1,9238,1,1,133.0,1,38,1,2,4,126.0,0,0,0,1,0,0,20,0,0,6,11,1,12.0,0,0,5,10,0,0.0,0,9.4,-0.8,-3.12,Enrolled,High,Social Service
STD262565,1,1,1,9254,1,1,172.0,41,37,37,5,5,153.8,1,0,0,1,0,1,20,1,0,6,6,6,14.0,0,0,6,6,6,13.333333333333334,0,10.8,1.4,1.74,Graduate,Low,Tourism
STD262566,1,15,1,9238,1,1,140.0,26,19,19,9,6,140.0,0,0,0,1,1,0,21,1,0,6,7,6,12.333333333333334,0,0,6,7,6,13.428571428571429,0,11.1,0.6,2.02,Graduate,Low,Social Service
STD262567,1,17,1,9500,1,1,142.0,1,38,1,5,4,136.6,0,0,0,1,0,1,18,0,0,7,7,7,13.464285714285714,0,0,8,9,8,14.788888888888888,0,12.4,0.5,1.79,Graduate,Low,Nursing
STD262568,1,39,1,8014,0,1,140.0,1,19,1,9,8,105.0,0,0,0,1,0,0,26,0,0,6,14,3,10.666666666666666,1,0,6,9,5,11.2,0,15.5,2.8,-4.06,Enrolled,Medium,Social Service (evening attendance)
STD262569,1,39,1,9147,1,12,133.1,1,37,37,9,7,139.4,0,0,1,1,0,0,41,0,0,5,6,5,11.6,0,0,5,8,5,12.2,0,7.6,2.6,0.32,Enrolled,Low,Management
STD262570,1,1,2,9773,1,1,148.0,1,19,1,3,9,140.0,1,0,0,1,0,1,18,0,0,6,6,6,13.666666666666666,0,0,6,6,6,14.666666666666666,0,16.2,0.3,-0.92,Graduate,Low,Journalism and Communication
STD262571,1,1,4,9500,1,1,137.0,1,19,37,9,7,130.8,0,0,1,1,0,0,18,0,0,8,9,8,14.4025,1,0,8,9,8,14.4025,1,9.4,-0.8,-3.12,Graduate,Low,Nursing
STD262572,1,1,1,9500,1,1,143.0,1,38,38,9,9,138.8,1,0,0,1,0,0,31,0,0,7,9,7,15.46875,0,0,8,8,8,16.3875,0,11.1,0.6,2.02,Graduate,Low,Nursing
STD262573,1,1,1,9238,1,1,133.1,1,1,1,4,10,110.0,0,0,1,1,0,0,23,0,0,6,8,6,12.625,0,0,6,6,6,14.166666666666666,0,12.7,3.7,-1.7,Graduate,Low,Social Service
STD262574,1,1,4,9500,1,1,138.0,1,37,19,9,9,127.8,1,0,0,1,0,0,19,0,0,7,7,6,14.983333333333334,0,0,7,7,6,14.983333333333334,0,7.6,2.6,0.32,Graduate,Low,Nursing
STD262575,1,16,3,9773,1,1,138.0,1,37,38,4,9,134.2,1,0,0,1,0,1,20,0,0,6,6,6,15.0,0,0,6,6,6,13.0,0,11.1,0.6,2.02,Graduate,Low,Journalism and Communication
STD262576,2,39,1,8014,0,1,150.0,1,37,37,7,5,143.0,0,0,0,1,0,0,40,0,5,9,9,9,15.88888888888889,0,3,7,7,7,14.142857142857142,0,12.7,3.7,-1.7,Graduate,Low,Social Service (evening attendance)
STD262577,1,44,1,9085,1,39,120.0,1,37,37,9,9,120.0,1,0,1,1,0,0,32,0,0,6,14,4,11.5,0,0,6,14,3,11.0,0,16.2,0.3,-0.92,Dropout,Medium,Veterinary Nursing
STD262578,1,1,4,9254,1,1,110.0,1,37,37,9,7,113.2,1,0,0,1,0,0,24,0,0,6,14,2,10.5,0,0,6,11,1,10.0,0,10.8,1.4,1.74,Dropout,High,Tourism
STD262579,1,17,4,9500,1,1,146.0,1,19,37,5,8,135.8,1,0,0,1,0,0,18,0,0,7,7,6,13.983333333333334,0,0,7,7,6,13.983333333333334,0,7.6,2.6,0.32,Graduate,Low,Nursing
STD262580,1,1,1,9238,1,1,148.0,1,37,37,9,9,143.5,0,0,0,1,0,0,18,0,0,6,6,6,13.0,0,0,6,6,6,12.833333333333334,0,10.8,1.4,1.74,Graduate,Low,Social Service
STD262581,1,1,1,9238,1,1,145.0,1,19,37,4,7,148.9,1,0,0,1,0,1,18,0,0,6,6,6,13.666666666666666,0,0,6,6,6,13.0,0,10.8,1.4,1.74,Graduate,Low,Social Service
STD262582,1,39,1,9003,1,1,133.1,1,38,38,4,7,115.6,1,0,0,0,0,0,27,0,0,6,8,0,0.0,0,0,6,8,0,0.0,0,15.5,2.8,-4.06,Dropout,High,Agronomy
STD262583,1,1,1,9147,1,1,160.0,1,38,37,9,5,159.3,0,0,0,1,0,0,18,0,0,5,5,5,14.4,0,0,5,5,5,15.4,0,7.6,2.6,0.32,Graduate,Low,Management
STD262584,1,39,1,9991,0,1,150.0,1,19,37,9,8,138.5,0,0,0,1,0,0,26,0,0,5,10,4,12.0,0,0,5,9,4,11.25,0,12.7,3.7,-1.7,Enrolled,Low,Management (evening attendance)
STD262585,1,1,1,9853,1,1,130.0,1,19,12,9,4,133.2,1,0,0,1,0,0,19,0,0,6,6,6,14.166666666666666,0,0,6,7,6,13.666666666666666,0,7.6,2.6,0.32,Graduate,Low,Basic Education
STD262586,1,17,2,8014,0,1,120.0,1,37,34,0,0,117.6,1,0,0,1,0,0,19,0,0,6,8,5,12.2,0,0,6,7,6,12.0,0,7.6,2.6,0.32,Graduate,Low,Social Service (evening attendance)
STD262587,1,18,2,9147,1,1,115.0,1,1,37,5,5,108.7,1,0,0,1,0,0,21,0,0,5,8,3,12.0,1,0,5,9,3,12.666666666666666,0,9.4,-0.8,-3.12,Enrolled,Medium,Management
STD262588,1,1,4,9147,1,1,133.1,1,1,19,4,6,106.0,1,0,0,1,0,0,24,0,0,5,11,2,10.5,0,0,5,14,1,11.0,0,12.7,3.7,-1.7,Enrolled,High,Management
STD262589,1,17,1,9853,1,1,120.0,1,37,37,9,10,122.6,0,0,0,1,0,0,20,0,0,6,8,3,12.333333333333334,0,0,6,11,2,10.5,0,12.7,3.7,-1.7,Dropout,Medium,Basic Education
STD262590,1,1,4,9853,1,1,134.0,1,19,1,5,9,127.4,1,0,0,1,0,0,18,0,0,6,7,5,12.2,0,0,6,7,5,12.2,0,10.8,1.4,1.74,Enrolled,Low,Basic Education
STD262591,1,39,1,9003,1,1,133.1,1,19,19,9,9,100.0,0,0,0,1,0,0,30,0,0,6,6,0,0.0,0,0,6,6,0,0.0,0,11.1,0.6,2.02,Dropout,High,Agronomy
STD262592,1,1,1,9853,1,1,133.1,1,19,37,9,9,95.0,1,0,1,0,0,0,22,0,0,7,10,6,11.5,0,0,7,8,6,13.166666666666666,0,11.1,0.6,2.02,Enrolled,High,Basic Education
STD262593,1,7,1,9147,1,3,130.0,1,37,19,9,8,130.0,0,0,0,1,0,0,21,0,4,9,9,9,10.88888888888889,0,3,10,18,10,11.615384615384617,0,10.8,1.4,1.74,Graduate,Low,Management
STD262594,1,39,1,9556,1,1,120.0,1,19,19,4,5,122.8,0,0,0,1,0,0,26,0,0,7,12,6,12.166666666666666,0,0,8,8,8,11.675,0,13.9,-0.3,0.79,Dropout,Low,Oral Hygiene
STD262595,1,17,1,9147,1,1,115.0,1,19,19,7,7,115.0,1,0,0,1,0,0,23,0,0,5,7,2,10.0,1,0,5,9,1,12.0,0,9.4,-0.8,-3.12,Enrolled,High,Management
STD262596,1,17,1,9070,1,1,135.0,1,19,37,5,9,145.9,0,0,0,1,0,1,18,0,0,6,6,6,12.666666666666666,0,0,6,6,6,12.166666666666666,0,16.2,0.3,-0.92,Graduate,Low,Communication Design
STD262597,1,1,1,9070,1,1,133.1,1,1,37,5,9,143.0,1,0,1,1,0,0,21,0,0,6,9,5,11.4,0,0,6,8,5,12.2,0,12.7,3.7,-1.7,Dropout,Low,Communication Design
STD262598,1,43,1,171,1,1,145.0,1,19,38,9,9,100.0,0,0,0,1,0,1,18,0,0,0,0,0,0.0,0,0,0,0,0,0.0,0,13.9,-0.3,0.79,Dropout,High,Animation and Multimedia Design
STD262599,1,17,3,9085,1,1,130.0,1,19,37,5,5,121.3,1,0,0,1,0,0,21,0,0,5,14,2,13.0,2,0,5,8,4,12.0,1,9.4,-0.8,-3.12,Enrolled,High,Veterinary Nursing
STD262600,1,17,3,9853,1,1,118.0,1,38,38,7,7,121.2,1,0,0,1,0,0,18,0,0,6,8,5,13.4,0,0,6,7,5,12.0,0,7.6,2.6,0.32,Enrolled,Low,Basic Education
STD262601,1,17,3,9853,1,1,138.0,1,37,37,5,9,125.1,1,1,0,1,0,1,19,0,0,6,6,6,13.5,0,0,6,8,5,12.8,0,12.7,3.7,-1.7,Dropout,Low,Basic Education
STD262602,1,17,1,9254,1,1,122.0,1,1,1,4,9,112.9,1,0,0,1,0,0,22,0,0,6,14,4,12.25,0,0,6,11,3,11.333333333333334,0,7.6,2.6,0.32,Enrolled,Medium,Tourism
STD262603,1,1,3,9238,1,1,126.0,1,38,19,5,8,120.8,1,0,0,1,0,0,19,0,0,6,7,6,12.285714285714286,0,0,6,7,6,12.833333333333334,0,12.4,0.5,1.79,Graduate,Low,Social Service
STD262604,1,1,5,9085,1,1,121.0,1,38,37,9,8,114.0,1,0,0,0,0,0,19,0,0,5,12,0,0.0,4,0,5,8,0,0.0,1,9.4,-0.8,-3.12,Dropout,High,Veterinary Nursing
STD262605,1,17,1,9238,1,1,152.0,1,37,37,7,5,132.1,1,0,0,1,0,0,19,0,0,6,10,2,10.5,0,0,6,11,1,13.0,0,9.4,-0.8,-3.12,Dropout,High,Social Service
STD262606,2,44,1,9085,1,39,160.0,1,37,37,192,192,160.0,0,0,0,1,0,0,27,0,0,5,12,3,14.0,2,0,5,8,5,12.0,1,9.4,-0.8,-3.12,Graduate,Medium,Veterinary Nursing
STD262607,1,10,1,9085,1,1,134.0,1,37,37,5,5,134.0,1,0,0,1,0,0,22,0,2,5,7,5,14.2,0,0,5,10,5,12.2,0,12.7,3.7,-1.7,Graduate,Low,Veterinary Nursing
STD262608,1,1,1,9773,1,1,128.0,1,37,1,9,7,124.2,1,0,0,1,0,0,18,0,0,6,8,5,13.0,0,0,6,7,6,13.142857142857142,0,15.5,2.8,-4.06,Dropout,Low,Journalism and Communication
STD262609,1,17,4,9254,1,1,125.0,1,38,38,5,5,115.6,1,0,0,1,0,0,20,0,0,6,6,6,11.0,0,0,6,8,4,12.75,0,9.4,-0.8,-3.12,Graduate,Low,Tourism
STD262610,2,43,1,9991,0,1,130.0,1,37,37,9,9,128.2,0,0,0,1,0,0,34,0,3,8,9,3,11.0,0,2,7,7,2,10.0,0,9.4,-0.8,-3.12,Dropout,High,Management (evening attendance)
STD262611,1,17,2,9500,1,1,138.0,1,1,38,5,8,132.8,1,0,0,1,0,0,18,0,0,7,9,6,12.385714285714286,0,0,8,9,8,13.755555555555556,0,13.9,-0.3,0.79,Graduate,Low,Nursing
STD262612,1,17,2,9773,1,1,121.0,1,1,1,5,5,123.1,1,0,0,1,1,0,20,0,0,6,12,4,14.75,0,0,6,7,4,12.25,0,9.4,-0.8,-3.12,Graduate,Medium,Journalism and Communication
STD262613,1,1,1,9130,1,1,134.0,41,1,19,5,5,125.6,1,0,0,1,0,0,20,1,0,5,6,5,16.166666666666668,0,0,5,6,5,15.833333333333334,0,12.7,3.7,-1.7,Graduate,Low,Equinculture
STD262614,1,39,1,9991,0,1,130.0,1,1,38,4,9,115.0,0,0,0,1,1,0,25,0,0,5,7,0,0.0,0,0,5,8,0,0.0,0,16.2,0.3,-0.92,Dropout,High,Management (evening attendance)
STD262615,1,1,4,9119,1,1,126.0,1,3,19,2,9,123.6,1,0,0,1,1,0,18,0,0,5,6,5,12.4,0,0,5,9,3,13.0,0,8.9,1.4,3.51,Dropout,Low,Informatics Engineering
STD262616,1,1,1,9130,1,1,148.0,1,1,1,9,9,141.7,0,0,0,0,1,0,18,0,0,6,8,5,11.6,0,0,6,11,4,13.0,0,8.9,1.4,3.51,Dropout,High,Equinculture
STD262617,1,17,1,9853,1,1,160.0,1,19,38,5,7,139.0,1,0,0,1,0,1,18,0,0,6,8,5,12.2,0,0,6,13,0,0.0,0,9.4,-0.8,-3.12,Dropout,Low,Basic Education
STD262618,1,17,1,9254,1,1,118.0,1,1,19,5,4,118.0,0,0,0,1,0,1,19,0,0,6,7,5,11.0,0,0,6,7,5,12.8,0,12.4,0.5,1.79,Graduate,Low,Tourism
STD262619,1,17,2,9853,1,1,150.0,1,38,19,5,5,142.0,1,0,0,1,0,1,19,0,0,6,8,6,12.333333333333334,0,0,6,7,5,12.4,0,10.8,1.4,1.74,Dropout,Low,Basic Education
STD262620,1,44,1,9238,1,1,140.0,1,1,1,5,5,143.4,0,0,0,1,0,1,21,0,3,6,6,6,14.833333333333334,0,2,6,7,6,12.571428571428571,0,13.9,-0.3,0.79,Graduate,Low,Social Service
STD262621,1,42,1,9070,1,1,100.0,1,3,2,2,2,115.9,0,0,0,1,0,0,29,0,9,10,15,9,11.555555555555555,0,7,11,17,10,11.9,0,9.4,-0.8,-3.12,Enrolled,Low,Communication Design
STD262622,1,1,1,9070,1,1,110.0,1,1,37,9,9,105.1,1,0,0,1,0,1,20,0,0,6,6,6,12.0,0,0,6,6,6,11.833333333333334,0,12.4,0.5,1.79,Graduate,Low,Communication Design
STD262623,1,51,1,8014,0,42,140.0,1,19,37,134,193,138.0,1,0,1,1,0,1,21,0,13,13,13,11,12.727272727272728,0,9,11,11,10,12.6,0,8.9,1.4,3.51,Graduate,Low,Social Service (evening attendance)
STD262624,1,43,1,9991,0,1,133.1,41,37,37,9,8,114.7,0,0,0,1,0,0,34,1,2,2,2,2,10.5,0,1,1,1,1,11.0,0,10.8,1.4,1.74,Dropout,Low,Management (evening attendance)
STD262625,1,1,4,9773,1,1,140.0,22,1,37,3,9,130.5,1,0,0,1,0,0,20,1,0,6,6,6,12.333333333333334,0,0,6,6,6,12.0,0,12.7,3.7,-1.7,Graduate,Low,Journalism and Communication
STD262626,1,39,1,9991,0,1,110.0,1,37,37,9,9,134.3,0,0,0,1,1,0,24,0,0,5,10,0,0.0,0,0,5,7,1,12.0,0,10.8,1.4,1.74,Dropout,High,Management (evening attendance)
STD262627,1,1,1,9500,1,1,148.0,1,1,1,4,3,137.5,0,0,0,1,1,0,18,0,0,7,7,7,14.842857142857143,0,0,8,9,8,14.38888888888889,0,16.2,0.3,-0.92,Graduate,Low,Nursing
STD262628,1,1,1,9500,1,1,137.0,1,1,19,4,4,125.3,0,0,0,1,1,0,19,0,0,7,7,7,12.2,0,0,7,7,7,12.2,0,7.6,2.6,0.32,Enrolled,Low,Nursing
STD262629,1,1,1,9147,1,1,120.0,1,1,19,7,7,111.3,0,0,0,1,1,1,18,0,0,5,10,4,10.8,0,0,5,10,4,11.75,0,15.5,2.8,-4.06,Enrolled,Low,Management
STD262630,1,39,9,9991,0,1,120.0,1,38,38,9,5,144.8,0,0,0,1,1,0,28,0,0,5,7,4,12.75,0,0,5,7,5,14.333333333333334,0,10.8,1.4,1.74,Enrolled,Low,Management (evening attendance)
STD262631,1,39,1,9991,0,1,130.0,1,1,1,9,7,152.1,0,0,0,1,1,0,28,0,0,5,13,2,11.0,0,0,5,12,1,12.0,0,11.1,0.6,2.02,Dropout,High,Management (evening attendance)
STD262632,1,17,1,9254,1,1,132.0,1,38,38,0,5,126.1,0,0,0,1,1,0,20,0,0,6,9,4,10.75,0,0,6,12,0,0.0,0,7.6,2.6,0.32,Dropout,Medium,Tourism
STD262633,1,43,1,9500,1,1,130.0,1,1,1,7,4,136.0,1,0,0,1,1,0,22,0,0,8,9,8,12.55375,1,0,8,9,8,12.55375,1,9.4,-0.8,-3.12,Graduate,Low,Nursing
STD262634,1,1,4,9500,1,1,128.0,1,19,1,4,4,124.3,1,0,0,1,1,0,19,0,0,8,8,7,12.665714285714284,0,0,8,8,7,12.665714285714284,0,10.8,1.4,1.74,Graduate,Low,Nursing
STD262635,1,1,1,9670,1,1,132.0,1,1,19,7,5,129.9,1,0,0,1,1,0,20,0,0,6,10,6,12.714285714285714,0,0,6,8,4,13.0,0,12.4,0.5,1.79,Enrolled,Low,Advertising and Marketing Management
STD262636,1,39,2,9556,1,1,133.1,1,3,1,2,4,136.1,0,0,0,1,1,0,26,0,0,7,7,2,11.75,0,0,5,10,0,0.0,0,12.4,0.5,1.79,Dropout,High,Oral Hygiene
STD262637,1,1,2,9254,1,1,120.0,1,37,37,9,9,115.1,1,0,0,0,1,0,21,0,0,6,11,3,11.0,0,0,6,14,0,0.0,0,9.4,-0.8,-3.12,Dropout,High,Tourism
STD262638,1,16,2,171,1,1,145.0,1,3,3,2,2,143.6,1,0,0,1,1,0,18,0,0,0,0,0,0.0,0,0,0,0,0,0.0,0,12.4,0.5,1.79,Graduate,High,Animation and Multimedia Design
STD262639,1,17,1,9147,1,1,127.0,1,37,38,9,7,115.8,1,0,0,1,1,0,18,0,0,5,5,5,13.4,0,0,5,6,5,12.2,0,11.1,0.6,2.02,Graduate,Low,Management
STD262640,1,1,2,171,1,1,135.0,1,19,19,4,7,149.0,1,0,0,1,1,0,22,0,14,17,21,17,12.578947368421051,0,15,17,20,17,12.117647058823527,0,11.1,0.6,2.02,Graduate,Low,Animation and Multimedia Design
STD262641,2,39,1,9119,1,19,133.1,1,37,37,9,9,100.0,0,0,0,1,1,0,36,0,0,5,0,0,0.0,0,0,5,0,0,0.0,0,16.2,0.3,-0.92,Dropout,High,Informatics Engineering
STD262642,1,1,1,9773,1,1,125.0,1,38,38,9,9,133.4,1,0,0,1,1,1,20,0,0,6,8,6,12.0,0,0,6,8,6,11.5,0,13.9,-0.3,0.79,Graduate,Low,Journalism and Communication
STD262643,1,17,5,9670,1,1,127.0,1,3,4,2,2,122.8,0,0,0,1,1,0,20,0,0,6,6,3,12.333333333333334,0,0,6,9,0,0.0,0,10.8,1.4,1.74,Dropout,Medium,Advertising and Marketing Management
STD262644,1,39,1,9991,0,1,133.1,1,37,1,5,4,151.2,0,0,0,1,1,0,25,0,0,5,11,4,11.5,0,0,5,11,3,13.5,0,12.4,0.5,1.79,Dropout,Low,Management (evening attendance)
STD262645,1,39,1,9003,1,1,150.0,1,37,19,6,4,137.0,0,0,0,1,1,0,35,0,1,6,7,5,12.8,0,1,6,11,5,13.833333333333334,0,15.5,2.8,-4.06,Graduate,Low,Agronomy
STD262646,1,1,1,171,1,1,133.1,1,1,37,7,7,118.0,0,0,0,1,1,0,22,0,0,0,0,0,0.0,0,0,0,0,0,0.0,0,11.1,0.6,2.02,Dropout,High,Animation and Multimedia Design
STD262647,1,43,1,9070,1,1,150.0,1,3,39,3,7,126.4,0,0,0,1,1,0,26,0,5,7,8,7,13.285714285714286,0,3,8,11,7,12.142857142857142,0,12.4,0.5,1.79,Enrolled,Low,Communication Design
STD262648,1,44,1,9003,1,39,130.0,1,38,38,9,5,130.0,0,0,1,0,1,0,20,0,0,6,16,4,11.8,0,0,6,15,2,12.0,0,16.2,0.3,-0.92,Dropout,High,Agronomy
STD262649,1,43,1,8014,0,12,133.1,1,37,1,9,10,112.5,0,0,0,1,1,0,50,0,6,13,13,6,11.333333333333334,0,2,11,11,2,13.5,0,16.2,0.3,-0.92,Dropout,High,Social Service (evening attendance)
STD262650,1,1,1,9500,1,1,125.0,1,19,38,9,8,118.3,0,0,0,1,1,0,20,0,0,8,12,5,12.002,1,0,8,12,5,12.002,1,10.8,1.4,1.74,Dropout,Medium,Nursing
STD262651,1,1,1,9500,1,1,127.0,1,3,1,2,8,121.4,0,0,0,1,1,0,20,0,0,7,10,5,13.976666666666668,0,0,8,9,8,13.22222222222222,0,12.4,0.5,1.79,Enrolled,Medium,Nursing
STD262652,1,7,1,9003,1,3,140.0,1,3,19,2,10,140.0,0,0,0,0,1,0,35,0,0,6,10,5,15.2,0,1,6,9,1,11.0,0,15.5,2.8,-4.06,Dropout,High,Agronomy
STD262653,1,1,1,9670,1,1,110.0,1,3,19,4,5,109.0,0,0,0,1,1,1,19,0,0,6,7,6,13.142857142857142,0,0,6,8,6,14.166666666666666,0,15.5,2.8,-4.06,Graduate,Low,Advertising and Marketing Management
STD262654,2,39,2,9147,1,1,133.1,1,37,37,5,7,110.0,0,0,0,1,1,0,43,0,0,5,14,0,0.0,1,0,5,5,0,0.0,0,9.4,-0.8,-3.12,Dropout,High,Management
STD262655,1,17,5,9500,1,1,124.0,1,3,38,2,1,119.8,0,0,0,1,1,0,19,0,0,8,11,7,13.867142857142856,0,0,8,11,7,13.867142857142856,0,10.8,1.4,1.74,Graduate,Low,Nursing
STD262656,1,39,1,9500,1,1,114.0,1,37,37,9,9,130.0,0,0,0,1,1,0,25,0,0,8,11,6,12.675,0,0,8,11,6,12.675,0,12.7,3.7,-1.7,Graduate,Low,Nursing
STD262657,1,16,1,171,1,1,155.0,1,1,3,5,10,167.3,1,0,0,1,1,0,19,0,0,0,0,0,0.0,0,0,0,0,0,0.0,0,13.9,-0.3,0.79,Graduate,High,Animation and Multimedia Design
STD262658,1,17,2,9853,1,1,114.0,1,1,19,9,9,111.9,1,0,0,1,1,1,20,0,0,6,6,6,12.0,0,0,6,7,6,12.5,0,7.6,2.6,0.32,Enrolled,Low,Basic Education
STD262659,1,1,1,171,1,1,133.1,1,38,37,5,5,136.0,1,0,0,1,1,0,22,0,0,0,0,0,0.0,0,0,0,0,0,0.0,0,12.7,3.7,-1.7,Dropout,High,Animation and Multimedia Design
STD262660,1,1,1,9254,1,1,125.0,1,37,37,3,3,124.0,0,0,0,1,1,1,19,0,0,6,7,6,11.0,0,0,6,6,5,12.2,0,11.1,0.6,2.02,Dropout,Low,Tourism
STD262661,2,39,1,9991,0,1,120.0,1,19,37,3,9,132.9,0,0,0,1,1,0,32,0,0,5,11,4,10.75,0,0,5,11,4,11.333333333333334,0,13.9,-0.3,0.79,Dropout,Low,Management (evening attendance)
STD262662,2,39,1,9773,1,38,100.0,1,37,37,9,7,154.0,1,0,0,1,1,0,57,0,0,6,7,5,14.2,0,0,6,6,6,14.166666666666666,0,9.4,-0.8,-3.12,Graduate,Low,Journalism and Communication
STD262663,1,1,1,9500,1,1,133.1,1,1,19,3,5,115.0,0,0,0,0,1,0,20,0,0,7,11,4,12.6,0,0,7,7,4,11.575,0,16.2,0.3,-0.92,Dropout,High,Nursing
STD262664,1,39,1,9991,0,1,120.0,1,1,1,5,5,96.0,1,0,0,0,1,0,38,0,0,5,5,0,0.0,0,0,5,5,0,0.0,0,8.9,1.4,3.51,Dropout,High,Management (evening attendance)
STD262665,2,39,1,9991,0,1,120.0,1,37,3,9,3,168.2,0,0,0,1,1,0,45,0,0,5,6,5,14.0,0,0,5,6,5,14.166666666666666,0,12.4,0.5,1.79,Graduate,Low,Management (evening attendance)
STD262666,2,39,1,9773,1,1,110.0,1,37,37,9,10,140.0,0,0,1,0,1,0,43,0,0,6,16,2,10.0,0,0,6,12,4,12.25,0,10.8,1.4,1.74,Dropout,High,Journalism and Communication
STD262667,1,17,4,9070,1,1,144.0,1,38,1,9,9,137.4,1,0,0,1,1,0,19,0,0,6,6,6,13.833333333333334,0,0,6,8,6,13.125,0,10.8,1.4,1.74,Graduate,Low,Communication Design
STD262668,2,39,1,9991,0,19,133.1,1,19,19,4,4,150.0,0,0,0,0,1,0,49,0,0,5,8,2,11.0,0,0,5,5,1,11.0,0,15.5,2.8,-4.06,Dropout,High,Management (evening attendance)
STD262669,2,39,1,9500,1,19,133.1,1,37,38,9,7,100.5,1,0,0,1,1,0,43,0,0,8,8,7,11.635714285714286,0,0,8,8,7,11.635714285714286,0,10.8,1.4,1.74,Enrolled,Low,Nursing
STD262670,1,39,1,8014,0,1,133.1,1,37,38,9,9,148.5,0,0,0,1,1,0,34,0,0,6,6,4,12.25,0,0,5,5,0,0.0,0,11.1,0.6,2.02,Dropout,Medium,Social Service (evening attendance)
STD262671,1,17,5,9119,1,1,138.0,1,19,19,5,5,123.3,1,0,1,1,1,0,18,0,0,5,9,4,12.5,0,0,5,11,5,11.285714285714286,0,12.4,0.5,1.79,Enrolled,Low,Informatics Engineering
STD262672,2,39,1,9991,0,1,120.0,1,38,38,1,4,138.7,0,0,0,1,1,0,43,0,0,5,5,5,13.8,0,0,5,6,5,13.666666666666666,0,10.8,1.4,1.74,Graduate,Low,Management (evening attendance)
STD262673,1,1,2,9254,1,1,120.0,1,19,1,9,8,117.2,0,0,0,1,1,0,21,0,0,6,8,3,12.0,0,0,6,9,1,11.0,0,15.5,2.8,-4.06,Dropout,Medium,Tourism
STD262674,2,39,1,9991,0,1,160.0,1,34,34,99,99,114.3,0,0,0,1,1,0,40,0,0,5,9,3,11.0,0,0,5,8,4,12.5,1,7.6,2.6,0.32,Enrolled,Medium,Management (evening attendance)
STD262675,1,17,1,9670,1,1,134.0,1,19,37,5,5,125.3,1,0,0,1,1,1,19,0,0,6,7,4,13.75,0,0,6,10,6,11.555555555555555,0,10.8,1.4,1.74,Graduate,Medium,Advertising and Marketing Management
STD262676,1,1,1,9254,1,1,133.1,1,37,37,1,1,97.0,0,0,0,1,1,0,27,0,0,6,6,6,10.666666666666666,0,0,6,8,4,11.25,0,10.8,1.4,1.74,Enrolled,Low,Tourism
STD262677,2,42,1,9556,1,1,110.0,1,37,37,9,6,140.0,0,0,0,1,1,0,43,0,0,7,7,0,0.0,0,0,8,13,2,13.15,0,16.2,0.3,-0.92,Dropout,High,Oral Hygiene
STD262678,1,43,1,9991,0,1,130.0,1,37,37,9,9,124.0,0,0,0,1,1,0,31,0,1,5,6,5,13.833333333333334,0,0,5,7,5,15.4,0,9.4,-0.8,-3.12,Graduate,Low,Management (evening attendance)
STD262679,1,44,1,9003,1,39,140.0,1,38,1,134,134,140.0,1,0,1,1,1,0,26,0,0,6,6,0,0.0,0,0,6,7,0,0.0,0,8.9,1.4,3.51,Enrolled,High,Agronomy
STD262680,1,39,1,9991,0,1,150.0,1,37,38,175,103,127.0,0,0,0,1,1,0,34,0,0,5,5,5,15.8,0,0,5,5,5,16.8,0,8.9,1.4,3.51,Graduate,Low,Management (evening attendance)
STD262681,4,43,1,9500,1,19,100.0,1,34,34,0,0,110.0,0,0,0,1,1,0,30,0,11,14,26,12,12.52608695652174,1,11,14,26,12,12.52608695652174,1,7.6,2.6,0.32,Graduate,Low,Nursing
STD262682,2,39,1,9500,1,19,133.1,1,38,38,7,8,170.0,0,0,0,1,1,0,36,0,0,7,9,6,12.783333333333331,0,0,8,11,0,0.0,0,16.2,0.3,-0.92,Dropout,Low,Nursing
STD262683,1,7,1,9991,0,3,120.0,1,37,37,6,7,120.0,0,0,1,0,1,0,46,0,0,5,5,0,0.0,0,0,5,5,1,10.0,0,11.1,0.6,2.02,Dropout,High,Management (evening attendance)
STD262684,1,17,1,9085,1,1,133.1,1,1,19,5,9,130.0,0,0,0,1,1,0,22,0,0,5,8,3,13.0,0,0,5,8,3,10.666666666666666,0,7.6,2.6,0.32,Graduate,Medium,Veterinary Nursing
STD262685,1,7,1,9003,1,3,130.0,1,1,19,5,9,130.0,0,0,0,1,1,0,27,0,0,6,8,0,0.0,0,0,6,10,0,0.0,0,16.2,0.3,-0.92,Dropout,High,Agronomy
STD262686,1,1,2,9119,1,1,126.0,1,1,38,141,192,122.5,1,0,0,1,1,0,20,0,0,5,7,5,10.8,0,0,5,9,3,12.0,0,8.9,1.4,3.51,Enrolled,Low,Informatics Engineering
STD262687,1,51,1,9147,1,1,130.0,1,19,38,9,8,115.7,0,0,0,1,1,0,20,0,0,5,7,5,11.0,0,0,5,7,3,10.0,0,8.9,1.4,3.51,Enrolled,Low,Management
STD262688,1,42,1,9119,1,1,140.0,1,19,19,90,90,120.0,0,0,1,0,1,0,31,0,0,4,4,0,0.0,0,0,5,5,0,0.0,0,12.7,3.7,-1.7,Dropout,High,Informatics Engineering
STD262689,1,1,1,9119,1,1,140.0,1,37,19,9,9,166.0,1,0,1,1,1,0,20,0,0,5,7,0,0.0,0,0,5,5,0,0.0,0,9.4,-0.8,-3.12,Enrolled,High,Informatics Engineering
STD262690,1,17,1,9773,1,1,145.0,1,1,38,90,8,132.8,1,0,0,0,1,0,21,0,0,6,10,2,12.0,0,0,6,0,0,0.0,0,10.8,1.4,1.74,Dropout,High,Journalism and Communication
STD262691,1,17,1,9147,1,1,133.1,1,19,19,9,7,100.0,0,0,0,1,1,0,21,0,0,5,7,4,10.75,0,0,5,10,2,11.0,3,16.2,0.3,-0.92,Dropout,Low,Management
STD262692,1,1,1,9147,1,1,127.0,1,1,4,9,10,121.8,0,0,0,1,1,0,19,0,0,5,8,5,11.6,0,0,5,10,4,13.5,3,16.2,0.3,-0.92,Graduate,Low,Management
STD262693,1,17,4,9147,1,1,114.0,1,19,19,4,4,109.5,1,0,0,1,1,1,20,0,0,5,6,5,11.8,0,0,5,8,4,11.6,0,8.9,1.4,3.51,Graduate,Low,Management
STD262694,1,1,1,9003,1,1,140.0,1,38,1,9,4,138.3,0,0,0,1,1,0,18,0,0,6,7,6,16.0,0,0,6,6,6,15.166666666666666,0,12.4,0.5,1.79,Graduate,Low,Agronomy
STD262695,1,1,2,9773,1,1,140.0,1,1,1,4,3,131.6,0,0,0,1,1,1,18,0,0,6,6,6,12.666666666666666,0,0,6,6,6,11.5,0,16.2,0.3,-0.92,Graduate,Low,Journalism and Communication
STD262696,1,39,1,9500,1,1,120.0,1,1,2,144,123,125.3,0,0,1,1,1,0,30,0,0,7,12,4,14.4,0,0,7,9,6,13.5,0,12.4,0.5,1.79,Enrolled,Medium,Nursing
STD262697,1,39,1,9254,1,19,133.1,1,19,19,3,1,101.5,0,0,1,0,1,0,34,0,0,6,6,0,0.0,0,0,6,6,0,0.0,0,15.5,2.8,-4.06,Dropout,High,Tourism
STD262698,1,17,1,9670,1,1,115.0,1,19,19,191,171,109.1,0,0,1,0,1,0,21,0,0,6,11,4,12.25,0,0,6,9,4,13.4,0,11.1,0.6,2.02,Enrolled,High,Advertising and Marketing Management
STD262699,1,44,1,9070,1,39,123.9,1,37,1,9,7,123.9,0,0,0,1,1,0,20,0,2,7,9,5,12.6,0,5,9,10,8,12.75,1,16.2,0.3,-0.92,Dropout,Medium,Communication Design
STD262700,1,1,1,9500,1,1,157.0,1,37,37,9,9,143.0,0,0,0,1,1,0,18,0,0,8,8,7,13.4,0,0,8,8,7,13.4,0,12.7,3.7,-1.7,Graduate,Low,Nursing
STD262701,1,1,1,171,1,1,127.0,1,1,1,4,3,126.3,1,0,1,1,1,0,21,0,0,0,0,0,0.0,0,0,0,0,0,0.0,0,16.2,0.3,-0.92,Dropout,High,Animation and Multimedia Design
STD262702,2,42,1,9003,1,1,120.0,1,3,1,2,2,113.3,0,0,0,1,1,0,26,0,0,6,9,1,10.0,0,0,6,6,0,0.0,0,12.4,0.5,1.79,Dropout,High,Agronomy
STD262703,1,17,1,9119,1,1,130.0,1,38,19,7,3,119.9,1,0,1,1,1,0,20,0,0,5,5,0,0.0,0,0,5,5,0,0.0,5,9.4,-0.8,-3.12,Dropout,High,Informatics Engineering
STD262704,1,44,1,9003,1,39,140.0,1,1,38,1,9,140.0,0,0,0,1,1,0,25,0,0,6,16,3,11.25,0,0,6,14,4,11.2,0,15.5,2.8,-4.06,Dropout,Medium,Agronomy
STD262705,1,17,1,9670,1,1,109.0,1,1,1,4,4,108.0,0,0,0,1,1,0,19,0,0,5,10,0,0.0,0,0,5,5,0,0.0,0,7.6,2.6,0.32,Enrolled,High,Advertising and Marketing Management
STD262706,1,39,2,9147,1,1,143.0,1,19,5,4,1,100.0,1,0,0,1,1,0,24,0,0,5,8,3,10.666666666666666,1,0,5,5,1,14.0,0,9.4,-0.8,-3.12,Dropout,Medium,Management
STD262707,1,1,1,9130,1,1,125.0,1,3,3,2,2,132.4,0,0,0,1,1,0,20,0,0,5,7,4,11.75,0,0,5,5,5,13.4,0,7.6,2.6,0.32,Graduate,Low,Equinculture
STD262708,1,1,1,9147,1,1,136.0,1,1,3,9,5,137.1,0,0,0,1,1,0,20,0,0,5,5,0,0.0,0,0,5,5,0,0.0,0,12.7,3.7,-1.7,Dropout,High,Management
STD262709,1,5,3,9070,1,1,157.0,1,3,1,9,6,138.1,1,0,0,1,0,0,18,0,0,6,6,6,12.666666666666666,0,0,6,8,6,14.125,0,10.8,1.4,1.74,Graduate,Low,Communication Design
STD262710,4,39,1,9556,1,1,160.0,1,19,3,9,2,130.0,0,0,0,1,0,0,25,0,0,7,14,7,11.95,0,0,8,15,7,12.042857142857144,0,12.7,3.7,-1.7,Enrolled,Low,Oral Hygiene
STD262711,1,17,1,9254,1,1,116.0,1,38,37,9,6,109.7,1,0,0,1,0,0,22,0,0,6,7,5,14.0,0,0,6,6,6,15.666666666666666,0,11.1,0.6,2.02,Graduate,Low,Tourism
STD262712,1,43,1,8014,0,1,113.0,1,37,37,0,6,128.2,0,0,0,0,0,0,41,0,0,6,6,0,0.0,6,0,6,12,0,0.0,0,9.4,-0.8,-3.12,Dropout,High,Social Service (evening attendance)
STD262713,1,1,2,9147,1,1,130.0,1,37,38,7,9,117.8,0,0,1,1,0,1,19,0,0,5,11,2,11.5,0,0,5,10,0,0.0,0,12.7,3.7,-1.7,Dropout,High,Management
STD262714,1,43,1,9130,1,1,150.0,1,3,3,3,4,150.0,1,0,0,1,0,0,21,0,0,6,10,6,12.0,0,0,6,12,5,12.8,0,13.9,-0.3,0.79,Graduate,Low,Equinculture
STD262715,1,39,1,9085,1,1,110.0,1,1,1,5,5,160.0,1,0,1,1,0,0,30,0,0,6,7,6,16.428571428571427,0,0,6,7,6,16.666666666666668,0,13.9,-0.3,0.79,Dropout,Low,Veterinary Nursing
STD262716,1,1,5,9500,1,1,101.0,1,38,38,9,9,104.5,1,0,0,1,0,1,21,0,0,7,9,5,13.336000000000002,0,0,8,9,7,13.207142857142856,0,11.1,0.6,2.02,Graduate,Medium,Nursing
STD262717,2,39,2,9556,1,1,110.0,1,19,38,9,9,112.8,0,0,0,1,0,1,26,0,0,7,7,0,0.0,0,0,8,8,0,0.0,6,10.8,1.4,1.74,Enrolled,High,Oral Hygiene
STD262718,1,15,1,9670,1,1,133.1,41,1,1,9,4,100.0,0,0,0,1,0,0,21,1,2,7,9,7,14.666666666666666,0,1,6,8,6,14.0,0,11.1,0.6,2.02,Graduate,Low,Advertising and Marketing Management
STD262719,1,1,1,9500,1,1,138.0,1,1,1,3,4,132.5,1,0,0,1,0,0,18,0,0,8,8,7,14.115714285714288,0,0,8,8,7,14.115714285714288,0,10.8,1.4,1.74,Graduate,Low,Nursing
STD262720,1,1,4,9085,1,1,138.0,1,3,1,1,4,123.3,1,0,0,1,0,1,19,0,0,6,7,6,14.857142857142858,0,0,6,10,6,13.11111111111111,0,12.4,0.5,1.79,Graduate,Low,Veterinary Nursing
STD262721,1,1,2,9085,1,1,141.0,1,1,38,9,8,128.9,1,0,0,1,0,1,18,0,0,6,7,6,13.833333333333334,0,0,6,10,6,13.714285714285714,0,8.9,1.4,3.51,Graduate,Low,Veterinary Nursing
STD262722,1,17,2,9147,1,1,129.0,1,2,3,2,2,128.3,1,0,0,1,0,0,19,0,0,5,10,3,11.0,0,0,5,9,4,11.75,0,12.7,3.7,-1.7,Enrolled,Medium,Management
STD262723,1,43,1,9085,1,1,127.0,1,3,3,2,5,100.0,0,0,0,1,0,0,21,0,0,6,11,4,11.75,0,0,6,12,3,13.666666666666666,0,13.9,-0.3,0.79,Enrolled,Medium,Veterinary Nursing
STD262724,1,17,2,9147,1,1,133.0,1,19,1,9,3,120.1,1,0,0,1,0,1,18,0,0,5,15,2,10.0,0,0,5,14,2,12.0,0,13.9,-0.3,0.79,Dropout,High,Management
STD262725,1,39,1,9500,1,1,100.0,1,37,37,7,7,160.0,1,0,0,1,0,1,24,0,0,8,15,6,12.415,0,0,8,15,6,12.415,0,10.8,1.4,1.74,Graduate,Low,Nursing
STD262726,1,1,1,9130,1,1,138.0,1,4,5,2,2,123.0,1,0,0,1,0,0,21,0,0,5,12,1,11.0,0,0,5,9,2,10.5,0,12.7,3.7,-1.7,Enrolled,High,Equinculture
STD262727,1,44,1,9085,1,39,150.0,1,19,19,9,9,150.0,1,0,0,1,0,0,23,0,1,6,14,5,14.428571428571429,0,1,6,7,6,13.428571428571429,0,16.2,0.3,-0.92,Graduate,Low,Veterinary Nursing
STD262728,1,17,2,9500,1,1,129.0,1,38,19,5,7,124.0,1,0,0,1,0,1,18,0,0,8,8,7,14.312857142857142,0,0,8,8,7,14.312857142857142,0,10.8,1.4,1.74,Graduate,Low,Nursing
STD262729,1,39,1,9085,1,1,130.0,1,4,1,2,9,120.0,0,0,0,0,0,0,26,0,0,6,8,6,15.428571428571429,0,0,6,7,5,14.5,0,11.1,0.6,2.02,Enrolled,High,Veterinary Nursing
STD262730,1,1,1,9130,1,1,133.0,1,38,38,5,8,120.4,1,0,0,1,0,0,20,0,0,5,9,4,12.0,1,0,5,6,5,13.4,0,9.4,-0.8,-3.12,Graduate,Low,Equinculture
STD262731,1,1,1,9238,1,1,133.0,1,4,1,5,5,131.6,0,0,0,1,0,0,18,0,0,6,7,6,13.833333333333334,0,0,6,7,6,13.714285714285714,0,11.1,0.6,2.02,Graduate,Low,Social Service
STD262732,1,1,1,9238,1,1,107.0,1,2,12,3,10,104.2,1,0,0,1,0,0,20,0,0,6,6,6,12.166666666666666,0,0,6,7,6,12.142857142857142,0,11.1,0.6,2.02,Graduate,Low,Social Service
STD262733,1,1,1,9500,1,1,131.0,1,19,19,4,4,122.0,1,0,0,1,0,0,20,0,0,8,8,7,14.014285714285714,0,0,8,8,7,14.014285714285714,0,12.7,3.7,-1.7,Enrolled,Low,Nursing
STD262734,1,17,2,9238,1,1,118.0,1,1,19,4,10,110.7,1,1,0,1,0,0,18,0,0,6,15,2,10.333333333333334,3,0,6,13,3,13.333333333333334,0,12.7,3.7,-1.7,Enrolled,High,Social Service
STD262735,1,1,4,9773,1,1,136.0,1,1,12,9,10,121.7,1,0,0,1,0,1,22,0,0,6,7,5,13.2,0,0,6,7,5,13.6,0,12.4,0.5,1.79,Graduate,Low,Journalism and Communication
STD262736,1,1,1,9500,1,1,125.0,1,37,37,9,9,126.0,1,0,1,1,0,0,20,0,0,7,7,6,15.4,0,0,7,7,6,15.4,0,7.6,2.6,0.32,Graduate,Low,Nursing
STD262737,1,17,4,9500,1,1,137.0,1,1,37,9,9,128.4,1,0,0,1,0,1,19,0,0,7,7,7,13.385714285714286,0,0,8,8,8,15.925,0,13.9,-0.3,0.79,Graduate,Low,Nursing
STD262738,1,1,1,9130,1,1,144.0,1,3,1,2,4,134.9,1,0,1,1,0,0,18,0,0,6,13,6,10.857142857142858,0,0,6,10,4,11.0,0,15.5,2.8,-4.06,Dropout,Low,Equinculture
STD262739,1,17,2,9147,1,1,146.0,1,38,37,6,6,143.9,0,0,0,1,0,0,18,0,0,5,11,5,11.333333333333334,0,0,5,8,5,12.0,0,13.9,-0.3,0.79,Graduate,Low,Management
STD262740,1,1,4,9085,1,1,145.0,1,37,1,9,9,145.0,1,0,0,1,0,1,19,0,0,5,7,4,14.5,0,0,5,5,5,13.6,0,10.8,1.4,1.74,Graduate,Low,Veterinary Nursing
STD262741,1,1,2,9070,1,1,126.0,1,19,38,9,9,132.0,1,0,0,1,0,1,19,0,0,6,6,6,14.166666666666666,0,0,6,8,6,12.375,0,10.8,1.4,1.74,Graduate,Low,Communication Design
STD262742,1,17,1,8014,0,1,141.0,1,34,34,0,0,136.1,0,0,0,1,0,0,24,0,0,6,7,6,12.833333333333334,0,0,6,8,6,12.0,0,7.6,2.6,0.32,Graduate,Low,Social Service (evening attendance)
STD262743,1,1,1,9238,1,1,141.0,1,37,37,4,4,138.9,0,0,0,1,0,0,21,0,0,6,7,6,13.333333333333334,0,0,6,6,6,14.5,0,10.8,1.4,1.74,Graduate,Low,Social Service
STD262744,1,1,1,9238,1,1,133.1,1,1,1,3,3,102.0,1,0,0,1,0,1,20,0,0,6,7,6,13.666666666666666,0,0,6,7,6,14.571428571428571,0,11.1,0.6,2.02,Graduate,Low,Social Service
STD262745,1,39,1,9254,1,1,133.1,1,19,19,4,7,123.0,0,0,1,0,0,1,28,0,0,6,6,6,10.833333333333334,0,0,6,7,5,11.0,0,13.9,-0.3,0.79,Dropout,High,Tourism
STD262746,1,1,2,9853,1,1,127.0,1,37,19,9,8,137.5,1,0,0,1,0,0,21,0,0,6,7,6,13.428571428571429,0,0,6,8,6,13.142857142857142,0,7.6,2.6,0.32,Graduate,Low,Basic Education
STD262747,1,1,1,9500,1,1,106.0,1,37,38,191,163,102.2,1,0,1,1,1,0,20,0,0,7,7,7,12.401428571428571,0,0,8,10,6,11.808333333333332,0,11.1,0.6,2.02,Enrolled,Low,Nursing
STD262748,1,42,1,9003,1,1,130.0,1,3,2,2,6,105.3,0,0,0,0,1,0,36,0,0,6,8,0,0.0,0,0,6,10,0,0.0,0,16.2,0.3,-0.92,Dropout,High,Agronomy
STD262749,2,39,1,9991,0,1,110.0,1,37,37,9,9,130.0,0,0,0,0,1,0,42,0,0,4,4,0,0.0,0,0,5,0,0,0.0,0,12.7,3.7,-1.7,Dropout,High,Management (evening attendance)
STD262750,2,39,1,9991,0,1,150.0,1,37,37,9,7,122.5,0,0,0,1,1,0,47,0,0,5,9,4,11.5,0,0,5,6,5,11.6,1,7.6,2.6,0.32,Dropout,Low,Management (evening attendance)
STD262751,1,39,1,9119,1,1,160.0,1,1,38,4,7,112.0,0,0,0,0,1,0,25,0,0,5,8,0,0.0,0,0,5,5,0,0.0,0,9.4,-0.8,-3.12,Dropout,High,Informatics Engineering
STD262752,1,39,1,9670,1,12,170.0,1,1,37,3,5,110.0,0,0,0,1,1,1,25,0,0,6,8,6,14.142857142857142,0,0,6,6,6,13.5,0,15.5,2.8,-4.06,Graduate,Low,Advertising and Marketing Management
STD262753,2,39,1,8014,0,19,133.1,1,19,37,6,8,149.5,0,0,0,1,1,0,48,0,0,6,6,0,0.0,0,0,5,6,0,0.0,0,12.4,0.5,1.79,Dropout,High,Social Service (evening attendance)
STD262754,1,43,1,9991,0,1,120.0,1,38,38,9,7,141.0,0,0,0,1,1,1,32,0,5,10,12,10,13.8,0,5,10,10,10,12.8,0,10.8,1.4,1.74,Graduate,Low,Management (evening attendance)
STD262755,1,7,1,9991,0,40,130.0,1,38,38,9,7,130.0,0,0,0,1,1,0,38,0,10,10,10,10,13.6,0,5,10,10,5,13.6,0,8.9,1.4,3.51,Dropout,Low,Management (evening attendance)
STD262756,1,7,1,9238,1,40,130.0,1,37,37,5,5,130.0,0,0,0,1,1,0,37,0,11,16,23,15,11.733333333333333,0,6,11,17,9,11.88888888888889,0,15.5,2.8,-4.06,Graduate,Low,Social Service
STD262757,1,39,2,9147,1,1,120.0,1,37,37,9,9,104.0,0,0,0,0,1,0,26,0,0,5,8,1,10.0,0,0,5,9,1,10.0,0,10.8,1.4,1.74,Dropout,High,Management
STD262758,1,44,1,9085,1,39,110.0,1,3,5,2,2,110.0,0,0,0,1,1,0,23,0,0,6,19,0,0.0,0,0,6,6,0,0.0,0,13.9,-0.3,0.79,Dropout,High,Veterinary Nursing
STD262759,1,44,1,9003,1,39,120.0,1,38,19,3,5,120.0,0,0,0,1,1,0,23,0,0,6,6,0,0.0,0,0,6,8,0,0.0,0,15.5,2.8,-4.06,Enrolled,High,Agronomy
STD262760,1,44,1,9003,1,39,130.0,1,2,3,9,6,130.0,0,0,0,1,1,0,20,0,0,6,12,4,10.8,0,0,6,13,4,12.0,0,12.4,0.5,1.79,Enrolled,Medium,Agronomy
STD262761,1,39,1,9500,1,4,150.0,1,3,38,3,7,127.0,1,0,0,1,1,0,26,0,2,7,8,6,13.046666666666669,0,2,8,10,7,13.30625,0,11.1,0.6,2.02,Dropout,Low,Nursing
STD262762,1,43,1,8014,0,1,120.0,1,37,37,9,5,100.0,0,0,0,1,0,0,45,0,5,9,13,8,11.0,0,3,7,10,6,10.833333333333334,0,12.7,3.7,-1.7,Enrolled,Low,Social Service (evening attendance)
STD262763,1,39,1,8014,0,19,100.0,1,37,37,5,5,111.0,1,0,0,1,0,1,26,0,0,6,10,3,12.333333333333334,0,0,6,14,3,11.666666666666666,0,7.6,2.6,0.32,Enrolled,Medium,Social Service (evening attendance)
STD262764,1,43,1,8014,0,3,133.1,1,9,9,90,90,130.0,0,0,0,1,0,0,26,0,8,11,16,10,11.8,0,3,7,7,7,13.285714285714286,0,7.6,2.6,0.32,Graduate,Low,Social Service (evening attendance)
STD262765,1,39,1,9991,0,1,130.0,1,37,37,9,9,130.1,0,0,0,1,0,0,25,0,0,5,8,3,11.0,0,0,5,8,3,11.25,0,10.8,1.4,1.74,Enrolled,Medium,Management (evening attendance)
STD262766,1,16,4,9500,1,1,145.0,1,1,1,4,4,127.5,1,0,0,1,0,0,18,0,0,8,8,8,13.11,0,0,8,8,8,13.11,0,9.4,-0.8,-3.12,Graduate,Low,Nursing
STD262767,1,7,1,9500,1,3,130.0,1,37,37,7,7,130.0,1,0,0,1,0,0,27,0,0,8,8,7,14.414285714285716,0,0,8,8,7,14.414285714285716,0,12.7,3.7,-1.7,Graduate,Low,Nursing
STD262768,6,17,3,8014,0,1,115.0,1,19,1,5,90,115.0,0,0,0,0,0,0,24,0,0,5,5,0,0.0,0,0,5,10,0,0.0,0,10.8,1.4,1.74,Dropout,High,Social Service (evening attendance)
STD262769,1,17,1,9147,1,1,124.0,1,38,19,6,10,126.8,1,0,0,1,0,0,20,0,0,5,8,5,12.333333333333334,0,0,5,7,5,12.2,0,15.5,2.8,-4.06,Graduate,Low,Management
STD262770,1,1,1,9500,1,1,124.0,1,1,19,9,8,116.7,1,0,0,1,0,1,18,0,0,7,9,0,0.0,0,0,7,8,1,10.0,0,15.5,2.8,-4.06,Dropout,High,Nursing
STD262771,1,17,6,9556,1,1,134.0,1,19,38,7,7,128.5,1,0,0,1,0,1,18,0,0,7,9,7,14.1,0,0,8,8,8,13.3125,0,12.7,3.7,-1.7,Graduate,Low,Oral Hygiene
STD262772,1,1,4,9500,1,1,137.0,1,37,37,9,9,127.5,1,0,0,1,0,0,18,0,0,8,8,8,13.045,0,0,8,8,8,13.045,0,9.4,-0.8,-3.12,Graduate,Low,Nursing
STD262773,1,1,1,9500,1,1,124.0,1,19,37,3,8,117.5,1,0,0,1,1,0,19,0,0,8,10,5,12.858,3,0,8,10,5,12.858,3,9.4,-0.8,-3.12,Enrolled,Medium,Nursing
STD262774,1,42,3,9500,1,1,136.0,1,1,1,4,4,148.8,1,0,0,1,0,1,19,0,0,8,8,8,14.2525,0,0,8,8,8,14.2525,0,9.4,-0.8,-3.12,Graduate,Low,Nursing
STD262775,1,1,4,9500,1,1,126.0,1,12,1,5,10,120.2,0,0,0,1,0,1,19,0,0,7,9,5,14.06,0,0,7,9,7,11.242857142857142,0,12.4,0.5,1.79,Enrolled,Medium,Nursing
STD262776,1,1,4,9500,1,1,142.0,1,38,37,9,5,127.3,1,0,0,1,0,0,18,0,0,8,8,7,15.075714285714286,0,0,8,8,7,15.075714285714286,0,10.8,1.4,1.74,Graduate,Low,Nursing
STD262777,1,17,2,171,1,1,141.0,1,19,37,9,9,136.1,1,0,0,1,0,1,18,0,0,0,0,0,0.0,0,0,0,0,0,0.0,0,12.7,3.7,-1.7,Enrolled,High,Animation and Multimedia Design
STD262778,1,43,2,9670,1,1,129.0,1,3,3,5,5,122.4,1,0,0,1,0,0,19,0,0,5,5,4,13.75,0,0,6,9,5,12.6,0,12.7,3.7,-1.7,Enrolled,Low,Advertising and Marketing Management
STD262779,1,7,0,9003,1,3,130.0,1,1,37,4,9,130.0,1,0,0,1,0,0,23,0,10,17,28,17,13.15,2,8,12,22,12,13.214285714285714,0,15.5,2.8,-4.06,Graduate,Low,Agronomy
STD262780,1,1,2,9238,1,1,136.0,1,19,19,4,7,121.7,1,0,0,1,0,1,21,0,0,6,9,5,12.333333333333334,0,0,6,7,5,11.8,0,13.9,-0.3,0.79,Graduate,Low,Social Service
STD262781,1,1,3,9500,1,1,137.0,1,38,38,5,7,122.7,1,0,0,1,0,1,18,0,0,7,8,7,13.778571428571428,0,0,8,10,8,13.122222222222222,0,16.2,0.3,-0.92,Graduate,Low,Nursing
STD262782,1,1,1,9853,1,1,125.0,1,34,37,9,9,129.2,1,0,1,0,0,0,20,0,0,6,12,3,10.333333333333334,0,0,6,14,1,11.0,0,10.8,1.4,1.74,Dropout,High,Basic Education
STD262783,1,43,1,9773,1,1,119.0,1,19,37,5,5,105.0,1,0,0,1,0,0,23,0,0,6,11,3,11.333333333333334,0,0,6,7,2,11.0,0,16.2,0.3,-0.92,Enrolled,Medium,Journalism and Communication
STD262784,1,1,1,9238,1,1,132.0,1,37,37,9,7,129.9,1,0,0,1,0,0,20,0,0,6,7,5,13.2,0,0,6,6,6,12.666666666666666,0,10.8,1.4,1.74,Enrolled,Low,Social Service
STD262785,1,1,1,9070,1,1,152.0,1,37,37,5,7,136.3,0,0,0,1,0,1,18,0,1,6,8,6,13.571428571428571,1,0,6,11,6,12.375,0,13.9,-0.3,0.79,Graduate,Low,Communication Design
STD262786,1,1,1,8014,0,1,125.0,1,37,37,9,7,114.9,0,0,0,1,0,0,29,0,8,11,14,11,12.75,0,3,7,7,7,13.428571428571429,0,9.4,-0.8,-3.12,Graduate,Low,Social Service (evening attendance)
STD262787,1,39,1,9773,1,9,133.1,1,38,1,5,4,102.0,1,0,0,1,1,0,28,0,0,6,11,3,13.0,0,0,6,15,1,12.0,0,7.6,2.6,0.32,Dropout,Medium,Journalism and Communication
STD262788,1,1,3,9670,1,1,120.0,1,37,37,7,7,111.3,1,0,0,1,1,0,19,0,0,5,7,3,11.333333333333334,0,0,5,7,4,11.0,0,9.4,-0.8,-3.12,Enrolled,Medium,Advertising and Marketing Management
STD262789,1,39,1,9670,1,1,148.0,1,19,19,7,7,130.9,0,0,1,0,1,0,24,0,0,6,12,0,0.0,0,0,6,9,0,0.0,0,10.8,1.4,1.74,Dropout,High,Advertising and Marketing Management
STD262790,1,39,1,171,1,1,133.1,1,37,37,9,7,100.0,0,0,1,1,1,1,33,0,0,0,0,0,0.0,0,0,0,0,0,0.0,0,15.5,2.8,-4.06,Dropout,High,Animation and Multimedia Design
STD262791,1,17,1,9147,1,1,115.0,1,19,37,5,7,112.9,1,0,0,0,1,0,19,0,0,5,7,2,12.5,0,0,5,13,1,11.0,0,9.4,-0.8,-3.12,Dropout,High,Management
STD262792,1,1,1,9085,1,1,120.0,1,38,19,9,3,112.7,0,0,0,1,1,0,19,0,0,6,7,6,14.857142857142858,0,0,6,8,6,14.142857142857142,0,11.1,0.6,2.02,Graduate,Low,Veterinary Nursing
STD262793,4,39,1,8014,0,1,133.1,1,37,37,7,7,143.0,0,0,0,1,1,0,37,0,3,9,13,8,12.0,0,2,7,8,7,11.571428571428571,0,12.7,3.7,-1.7,Graduate,Low,Social Service (evening attendance)
STD262794,1,1,1,171,1,1,168.0,1,38,37,9,8,155.1,1,0,1,0,1,1,18,0,0,0,0,0,0.0,0,0,0,0,0,0.0,0,12.7,3.7,-1.7,Graduate,High,Animation and Multimedia Design
STD262795,4,39,1,9991,0,1,130.0,1,37,37,9,9,127.6,0,0,0,1,1,0,29,0,0,5,5,0,0.0,0,0,5,5,0,0.0,0,7.6,2.6,0.32,Enrolled,High,Management (evening attendance)
STD262796,2,39,1,9500,1,38,133.1,1,37,37,9,3,146.6,0,0,0,1,1,0,37,0,0,7,8,7,12.828571428571427,0,0,8,8,8,12.6875,0,13.9,-0.3,0.79,Graduate,Low,Nursing
STD262797,1,39,1,9500,1,1,137.0,1,37,37,9,9,141.0,0,0,0,1,1,0,36,0,0,7,0,0,0.0,0,0,8,0,0,0.0,0,12.4,0.5,1.79,Dropout,High,Nursing
STD262798,1,1,2,9670,1,1,123.0,1,1,38,7,7,120.6,1,0,0,1,1,0,19,0,0,6,6,6,13.333333333333334,0,0,6,8,5,14.0,0,8.9,1.4,3.51,Graduate,Low,Advertising and Marketing Management
STD262799,1,42,1,9500,1,1,150.0,1,19,1,9,3,110.0,1,0,0,1,1,1,33,0,6,14,20,14,13.072857142857144,6,6,14,20,14,13.072857142857144,6,9.4,-0.8,-3.12,Graduate,Low,Nursing
STD262800,1,42,1,9119,1,1,120.0,1,1,1,5,7,108.6,0,0,0,0,1,0,34,0,2,7,13,5,12.0,0,2,7,7,3,11.0,0,15.5,2.8,-4.06,Dropout,High,Informatics Engineering
STD262801,1,1,1,9254,1,1,145.0,1,3,19,3,8,134.9,1,0,0,1,0,0,18,0,0,6,6,6,15.5,0,0,6,6,6,16.0,0,12.4,0.5,1.79,Graduate,Low,Tourism
STD262802,1,44,1,9130,1,39,120.0,1,3,1,2,4,120.0,1,0,0,1,0,0,20,0,0,6,6,0,0.0,0,0,6,6,0,0.0,0,12.4,0.5,1.79,Dropout,High,Equinculture
STD262803,1,1,1,9773,1,1,142.0,1,19,37,4,7,141.3,0,0,0,1,0,1,19,0,0,6,7,6,14.714285714285714,0,0,6,6,6,15.166666666666666,0,13.9,-0.3,0.79,Graduate,Low,Journalism and Communication
STD262804,1,1,3,9085,1,1,147.0,1,19,19,9,1,135.6,1,0,0,1,0,0,20,0,0,6,7,6,16.714285714285715,0,0,6,6,6,15.333333333333334,0,13.9,-0.3,0.79,Graduate,Low,Veterinary Nursing
STD262805,1,1,1,9238,1,1,125.0,1,19,19,9,9,121.5,1,0,0,1,0,1,19,0,0,6,9,6,10.857142857142858,0,0,6,7,6,11.666666666666666,0,12.4,0.5,1.79,Graduate,Low,Social Service
STD262806,1,1,4,9500,1,1,126.0,1,19,19,9,9,125.0,1,0,0,1,0,0,19,0,0,7,8,6,11.658333333333331,0,0,8,11,6,12.416666666666666,0,12.4,0.5,1.79,Graduate,Low,Nursing
STD262807,1,18,2,9773,1,1,132.0,24,37,19,9,7,119.1,1,0,0,1,0,1,22,1,0,6,8,5,11.6,0,0,6,7,6,12.0,0,9.4,-0.8,-3.12,Graduate,Low,Journalism and Communication
STD262808,1,1,1,9670,1,1,122.0,1,12,12,5,7,126.6,1,0,0,1,0,0,18,0,0,6,8,6,14.625,0,0,6,9,6,14.142857142857142,0,11.1,0.6,2.02,Enrolled,Low,Advertising and Marketing Management
STD262809,1,1,1,9773,1,1,123.0,1,1,38,9,9,116.7,0,0,0,1,0,1,18,0,0,6,6,6,12.166666666666666,0,0,6,8,6,12.666666666666666,0,12.4,0.5,1.79,Graduate,Low,Journalism and Communication
STD262810,1,1,3,9500,1,1,126.0,1,1,19,131,181,120.1,1,0,0,1,0,0,19,0,0,7,12,4,13.375,0,0,7,8,6,12.116666666666667,0,12.4,0.5,1.79,Enrolled,Medium,Nursing
STD262811,1,1,1,9853,1,1,128.0,1,38,37,9,9,124.9,0,0,0,1,0,1,19,0,0,6,6,6,12.5,0,0,6,6,6,12.833333333333334,0,12.7,3.7,-1.7,Graduate,Low,Basic Education
STD262812,1,39,1,9500,1,1,100.0,1,19,1,1,90,114.0,1,0,1,0,0,0,31,0,0,7,8,5,12.56,0,0,7,8,5,12.56,0,7.6,2.6,0.32,Dropout,High,Nursing
STD262813,1,17,5,9500,1,1,140.0,1,1,1,4,3,131.1,1,0,0,1,0,0,18,0,0,7,7,7,13.19,0,0,8,8,8,14.23125,0,11.1,0.6,2.02,Graduate,Low,Nursing
STD262814,1,1,1,9238,1,1,145.0,1,1,19,9,9,129.3,0,0,1,1,0,1,19,0,0,6,11,3,11.0,0,0,6,9,4,11.25,0,10.8,1.4,1.74,Graduate,Medium,Social Service
STD262815,1,1,1,171,1,1,143.0,1,3,38,2,10,129.7,1,0,0,1,0,0,18,0,0,0,0,0,0.0,0,0,0,0,0,0.0,0,13.9,-0.3,0.79,Graduate,High,Animation and Multimedia Design
STD262816,1,17,1,9238,1,1,132.0,1,37,38,9,5,120.8,0,0,0,1,0,1,19,0,0,6,11,5,11.6,0,0,6,10,6,11.714285714285714,0,15.5,2.8,-4.06,Graduate,Low,Social Service
STD262817,1,1,1,9500,1,1,130.0,1,19,19,9,6,135.0,0,0,0,1,0,0,19,0,0,7,7,6,14.266666666666666,0,0,7,7,6,14.266666666666666,0,7.6,2.6,0.32,Graduate,Low,Nursing
STD262818,1,1,1,9147,1,1,129.0,1,37,37,9,7,117.8,0,0,0,1,0,1,19,0,0,5,6,4,11.0,0,0,5,9,4,13.857142857142858,0,10.8,1.4,1.74,Enrolled,Low,Management
STD262819,2,7,1,8014,0,3,124.4,1,37,34,0,0,130.0,0,0,0,1,0,0,30,0,8,10,11,9,12.666666666666666,0,3,7,7,7,12.428571428571429,1,7.6,2.6,0.32,Graduate,Low,Social Service (evening attendance)
STD262820,1,43,1,9773,1,1,127.0,1,19,1,5,5,117.6,1,0,0,1,0,0,18,0,0,6,6,0,0.0,0,0,6,10,3,11.0,0,16.2,0.3,-0.92,Enrolled,High,Journalism and Communication
STD262821,1,18,6,9500,1,1,144.0,1,1,1,3,6,130.8,1,0,0,1,0,0,18,0,0,8,11,7,12.771428571428572,0,0,8,11,7,12.771428571428572,0,12.7,3.7,-1.7,Graduate,Low,Nursing
STD262822,1,18,5,9085,1,1,121.0,1,5,3,2,3,111.9,1,0,0,1,0,0,21,0,0,5,12,0,0.0,3,0,5,5,0,0.0,0,12.7,3.7,-1.7,Dropout,High,Veterinary Nursing
STD262823,1,44,1,9238,1,1,150.0,1,1,38,4,9,145.9,0,0,0,1,0,1,19,0,3,6,6,6,15.5,0,2,6,7,6,13.571428571428571,0,13.9,-0.3,0.79,Graduate,Low,Social Service
STD262824,1,17,1,9670,1,1,115.0,1,1,1,4,4,109.1,1,0,0,1,0,1,19,0,0,6,7,6,13.285714285714286,0,0,6,9,5,14.6,0,12.4,0.5,1.79,Enrolled,Low,Advertising and Marketing Management
STD262825,1,1,5,9500,1,1,125.0,1,3,19,4,8,120.3,1,0,0,1,0,0,19,0,0,7,11,5,11.716666666666669,0,0,7,8,5,13.7,0,13.9,-0.3,0.79,Enrolled,Medium,Nursing
STD262826,1,17,1,9130,1,1,117.0,1,19,19,4,4,113.5,1,0,0,1,0,0,19,0,0,6,8,6,11.333333333333334,0,0,6,12,4,13.75,0,8.9,1.4,3.51,Dropout,Low,Equinculture
STD262827,1,1,2,9670,1,1,121.0,1,1,19,4,7,135.4,1,0,0,1,0,1,19,0,0,6,6,6,13.333333333333334,0,0,6,10,5,13.4,0,8.9,1.4,3.51,Graduate,Low,Advertising and Marketing Management
STD262828,2,39,1,9991,0,1,140.0,1,37,37,9,6,130.2,0,0,0,1,0,1,39,0,0,5,13,4,12.333333333333334,0,0,5,14,2,10.0,4,16.2,0.3,-0.92,Graduate,Low,Management (evening attendance)
STD262829,1,1,2,9070,1,1,129.0,1,3,4,2,2,136.4,1,0,0,1,0,0,18,0,0,6,6,6,12.333333333333334,0,0,6,6,6,12.833333333333334,0,7.6,2.6,0.32,Enrolled,Low,Communication Design
STD262830,1,17,1,171,1,1,130.0,1,3,1,9,9,126.9,1,0,0,1,0,0,20,0,0,0,0,0,0.0,0,0,0,0,0,0.0,0,12.7,3.7,-1.7,Dropout,High,Animation and Multimedia Design
STD262831,1,17,5,9147,1,1,131.0,1,19,38,3,10,119.8,1,0,0,1,0,0,19,0,0,5,8,5,12.6,0,0,5,9,4,11.6,0,8.9,1.4,3.51,Graduate,Low,Management
STD262832,1,17,3,9147,1,1,137.0,1,1,1,4,7,124.4,1,0,0,1,0,0,18,0,0,5,5,5,12.6,0,0,5,5,4,11.0,0,11.1,0.6,2.02,Enrolled,Low,Management
STD262833,2,39,1,9003,1,1,150.0,1,3,3,2,2,120.0,0,0,1,0,0,0,34,0,1,6,10,6,14.333333333333334,0,0,6,9,6,12.833333333333334,0,11.1,0.6,2.02,Enrolled,High,Agronomy
STD262834,1,1,2,9670,1,1,117.0,1,37,37,9,9,111.8,0,0,0,1,0,0,22,0,0,5,8,3,12.0,0,0,5,9,2,11.0,1,7.6,2.6,0.32,Enrolled,Medium,Advertising and Marketing Management
STD262835,1,39,1,9085,1,1,133.1,1,19,19,7,7,130.0,1,0,0,1,0,0,24,0,0,6,7,6,14.857142857142858,0,0,6,10,5,13.6,0,13.9,-0.3,0.79,Graduate,Low,Veterinary Nursing
STD262836,2,43,1,9147,1,1,130.0,1,19,37,7,10,138.0,0,0,0,1,0,0,34,0,12,15,17,12,11.916666666666666,0,11,13,13,11,13.181818181818182,0,7.6,2.6,0.32,Graduate,Low,Management
STD262837,2,39,1,9991,0,1,110.0,1,34,34,0,0,114.6,1,0,0,1,0,0,46,0,0,5,5,0,0.0,0,0,5,5,0,0.0,0,7.6,2.6,0.32,Dropout,High,Management (evening attendance)
STD262838,2,39,2,9147,1,1,140.0,1,37,37,9,8,108.0,0,0,0,1,0,0,50,0,0,5,12,3,13.333333333333334,1,0,5,8,5,12.2,0,9.4,-0.8,-3.12,Enrolled,Medium,Management
STD262839,1,39,1,9991,0,1,140.0,1,37,37,9,5,140.0,0,0,0,0,0,0,37,0,0,5,5,0,0.0,0,0,5,5,0,0.0,0,15.5,2.8,-4.06,Dropout,High,Management (evening attendance)
STD262840,1,1,2,9085,1,1,148.0,1,38,19,4,9,134.7,1,0,0,1,0,0,18,0,0,6,6,6,17.0,0,0,6,6,6,15.5,0,8.9,1.4,3.51,Graduate,Low,Veterinary Nursing
STD262841,1,39,1,9085,1,1,130.0,1,37,37,6,6,110.0,0,0,0,1,0,1,25,0,0,6,13,3,11.666666666666666,0,0,6,14,2,11.333333333333334,0,11.1,0.6,2.02,Enrolled,Medium,Veterinary Nursing
STD262842,2,39,1,9003,1,1,140.0,1,37,37,9,6,104.8,0,0,0,1,0,0,46,0,14,19,24,19,12.210526315789474,0,11,13,13,13,11.384615384615383,0,15.5,2.8,-4.06,Graduate,Low,Agronomy
STD262843,2,39,1,9070,1,1,160.0,1,3,1,2,5,126.5,0,0,0,1,0,1,30,0,1,6,8,6,13.0,1,0,6,9,5,12.857142857142858,0,13.9,-0.3,0.79,Graduate,Low,Communication Design
STD262844,4,1,1,9991,0,1,130.0,1,37,37,9,9,118.1,0,0,1,0,0,0,37,0,0,5,0,0,0.0,0,0,5,0,0,0.0,0,12.7,3.7,-1.7,Dropout,High,Management (evening attendance)
STD262845,2,39,1,9991,0,1,120.0,1,37,37,9,9,119.9,0,0,0,1,0,0,50,0,0,5,9,2,10.5,0,0,5,7,3,11.0,0,12.7,3.7,-1.7,Enrolled,High,Management (evening attendance)
STD262846,1,44,1,9003,1,39,160.0,1,38,38,9,6,160.0,1,0,0,1,0,0,20,0,0,6,7,6,13.571428571428571,0,0,6,9,6,12.714285714285714,0,12.4,0.5,1.79,Graduate,Low,Agronomy
STD262847,2,39,2,9556,1,12,133.1,1,34,34,99,99,100.5,0,0,0,1,0,0,39,0,0,3,7,1,14.0,0,0,2,4,0,0.0,0,11.1,0.6,2.02,Dropout,High,Oral Hygiene
STD262848,2,39,1,9773,1,19,133.1,1,37,37,9,6,110.0,0,0,0,0,0,0,53,0,0,5,5,0,0.0,0,0,4,5,0,0.0,0,15.5,2.8,-4.06,Dropout,High,Journalism and Communication
STD262849,2,42,1,9147,1,1,100.0,1,37,37,9,9,100.0,1,0,0,1,0,0,54,0,13,15,20,13,12.461538461538462,1,10,13,13,10,11.1,1,15.5,2.8,-4.06,Dropout,Low,Management
STD262850,1,44,1,9085,1,39,140.0,1,3,3,4,2,140.0,1,0,0,1,0,0,19,0,0,6,8,4,14.4,0,0,6,6,5,13.0,0,13.9,-0.3,0.79,Graduate,Medium,Veterinary Nursing
STD262851,1,18,2,9773,1,1,109.0,1,1,1,4,4,109.0,1,0,0,0,0,0,20,0,0,6,6,0,0.0,0,0,6,0,0,0.0,0,8.9,1.4,3.51,Dropout,High,Journalism and Communication
STD262852,1,1,3,9773,1,1,130.0,1,1,37,4,5,120.9,1,0,1,1,0,0,18,0,0,6,6,6,14.333333333333334,0,0,6,6,6,14.166666666666666,0,8.9,1.4,3.51,Graduate,Low,Journalism and Communication
STD262853,1,53,1,9003,1,42,130.0,1,1,1,144,144,125.8,0,0,1,1,0,0,21,0,7,13,21,11,11.909090909090908,0,5,11,14,11,10.727272727272728,0,8.9,1.4,3.51,Graduate,Low,Agronomy
STD262854,1,18,3,9070,1,1,164.0,1,1,1,5,3,161.2,1,0,0,1,0,0,18,0,1,6,8,6,13.714285714285714,1,0,6,8,6,14.375,0,13.9,-0.3,0.79,Graduate,Low,Communication Design
STD262855,1,1,1,9500,1,1,125.0,1,19,19,9,10,122.0,1,0,1,1,0,0,19,0,0,7,0,0,0.0,0,0,8,0,0,0.0,0,11.1,0.6,2.02,Dropout,High,Nursing
STD262856,1,17,1,9500,1,1,137.0,1,1,1,9,9,127.9,1,0,0,1,0,1,18,0,0,7,10,5,13.46,0,0,7,8,7,12.2375,0,11.1,0.6,2.02,Dropout,Medium,Nursing
STD262857,1,1,1,9773,1,1,133.0,1,1,3,3,3,135.8,1,0,0,1,0,0,19,0,0,6,6,6,15.0,0,0,6,6,6,13.333333333333334,0,11.1,0.6,2.02,Graduate,Low,Journalism and Communication
STD262858,1,1,1,171,1,1,163.0,1,1,1,4,3,149.7,1,0,0,1,0,1,18,0,0,0,0,0,0.0,0,0,0,0,0,0.0,0,13.9,-0.3,0.79,Dropout,High,Animation and Multimedia Design
STD262859,1,1,2,9670,1,1,160.0,1,2,1,4,4,137.3,1,0,0,1,0,0,19,0,0,6,7,5,13.4,0,0,6,6,5,12.8,0,12.7,3.7,-1.7,Graduate,Low,Advertising and Marketing Management
STD262860,4,43,1,8014,0,12,133.1,1,34,34,0,0,106.0,1,0,0,1,0,0,48,0,0,6,9,5,13.0,0,0,6,10,4,12.5,0,7.6,2.6,0.32,Enrolled,Low,Social Service (evening attendance)
STD262861,4,43,1,9238,1,1,120.0,1,37,37,9,9,110.0,0,0,1,1,0,0,34,0,0,6,13,4,11.25,0,0,6,8,4,13.75,0,13.9,-0.3,0.79,Graduate,Medium,Social Service
STD262862,1,1,1,9085,1,1,140.0,1,3,3,2,2,146.4,0,0,0,1,0,0,18,0,0,5,5,5,12.6,0,0,5,7,5,11.6,0,7.6,2.6,0.32,Graduate,Low,Veterinary Nursing
STD262863,2,39,1,8014,0,1,140.0,1,37,37,9,9,121.0,0,0,0,1,0,0,50,0,0,6,8,6,12.666666666666666,0,0,6,6,6,11.833333333333334,0,10.8,1.4,1.74,Graduate,Low,Social Service (evening attendance)
STD262864,1,43,1,9853,1,1,140.0,1,37,37,6,6,125.2,0,0,1,1,0,0,41,0,20,21,23,21,12.333333333333334,0,19,19,19,19,12.105263157894736,0,12.4,0.5,1.79,Graduate,Low,Basic Education
STD262865,1,17,2,9773,1,1,115.0,1,1,1,5,5,119.6,1,0,0,1,0,1,22,0,0,6,11,5,12.0,0,0,6,11,5,11.0,0,7.6,2.6,0.32,Dropout,Low,Journalism and Communication
STD262866,4,39,1,9147,1,1,140.0,1,37,37,9,9,142.8,0,0,0,1,0,0,43,0,0,5,5,5,16.4,0,0,5,5,5,16.6,0,7.6,2.6,0.32,Graduate,Low,Management
STD262867,2,39,1,8014,0,19,133.1,1,3,19,90,90,123.5,0,0,0,1,0,0,50,0,0,1,1,0,0.0,1,0,6,0,0,0.0,0,10.8,1.4,1.74,Dropout,High,Social Service (evening attendance)
STD262868,1,39,1,9003,1,19,133.1,1,37,37,9,9,100.0,0,0,0,1,0,0,60,0,0,6,10,6,12.75,0,0,6,6,4,14.75,0,13.9,-0.3,0.79,Graduate,Low,Agronomy
STD262869,2,39,1,9147,1,1,110.0,1,37,37,9,10,140.0,0,0,0,1,0,0,41,0,0,5,14,4,14.5,1,0,5,12,5,13.0,0,9.4,-0.8,-3.12,Enrolled,Low,Management
STD262870,2,39,1,9991,0,19,133.1,1,37,37,9,9,150.3,0,0,0,1,0,0,47,0,0,5,5,5,14.8,0,0,5,5,5,14.4,0,7.6,2.6,0.32,Graduate,Low,Management (evening attendance)
STD262871,1,1,1,171,1,3,116.0,1,3,3,2,2,128.2,0,0,0,1,0,0,22,0,12,17,22,17,10.36842105263158,0,14,17,18,17,11.5,0,11.1,0.6,2.02,Graduate,Low,Animation and Multimedia Design
STD262872,2,39,1,9500,1,1,110.0,1,37,37,9,6,114.3,0,0,0,1,0,0,41,0,0,7,0,0,0.0,0,0,8,0,0,0.0,0,10.8,1.4,1.74,Dropout,High,Nursing
STD262873,2,43,1,9991,0,1,140.0,1,38,37,5,6,117.3,0,0,0,1,0,0,28,0,6,10,15,6,10.666666666666666,0,5,10,17,9,11.333333333333334,1,7.6,2.6,0.32,Enrolled,Medium,Management (evening attendance)
STD262874,5,42,1,9254,1,2,120.0,1,37,37,4,9,120.0,0,0,0,1,0,0,32,0,9,15,21,13,12.692307692307692,0,12,15,22,13,12.384615384615383,0,10.8,1.4,1.74,Graduate,Low,Tourism
STD262875,2,39,1,9991,0,12,133.1,1,37,34,90,90,110.7,1,0,0,1,0,0,50,0,0,5,0,0,0.0,0,0,5,0,0,0.0,0,7.6,2.6,0.32,Dropout,High,Management (evening attendance)
STD262876,1,51,1,9147,1,1,160.0,1,1,37,9,10,118.0,0,0,0,1,0,0,53,0,14,15,15,15,11.8,0,12,13,13,12,11.666666666666666,1,8.9,1.4,3.51,Enrolled,Low,Management
STD262877,1,39,1,9556,1,1,133.1,6,3,3,4,4,169.2,0,0,1,0,0,0,54,1,0,7,7,0,0.0,0,0,5,10,0,0.0,0,12.4,0.5,1.79,Dropout,High,Oral Hygiene
STD262878,1,39,1,8014,0,1,120.0,1,37,37,9,7,106.8,0,0,0,1,0,0,49,0,0,6,9,5,12.333333333333334,0,0,6,12,4,11.5,0,13.9,-0.3,0.79,Enrolled,Low,Social Service (evening attendance)
STD262879,2,42,1,9853,1,1,133.1,1,37,37,4,7,100.0,0,0,0,1,0,0,34,0,6,12,18,11,13.0,0,4,13,22,8,11.875,0,12.7,3.7,-1.7,Dropout,Low,Basic Education
STD262880,4,39,1,8014,0,1,133.1,1,38,37,5,7,144.5,0,0,0,1,0,0,45,0,0,6,13,4,12.5,0,0,6,8,3,11.666666666666666,0,16.2,0.3,-0.92,Dropout,Medium,Social Service (evening attendance)
STD262881,4,39,1,8014,0,19,133.1,1,37,37,9,7,134.5,0,0,0,1,0,1,47,0,0,6,8,5,12.2,0,0,6,10,4,11.25,0,12.4,0.5,1.79,Graduate,Low,Social Service (evening attendance)
STD262882,1,43,1,9238,1,1,122.0,1,19,19,5,5,114.3,1,0,0,1,0,0,22,0,5,10,15,8,11.0,0,2,7,16,5,11.2,0,9.4,-0.8,-3.12,Enrolled,Low,Social Service
STD262883,2,39,1,9991,0,1,133.1,1,37,37,9,9,113.4,0,0,0,1,0,0,33,0,0,5,14,1,10.0,0,0,5,13,2,12.0,0,12.4,0.5,1.79,Dropout,High,Management (evening attendance)
STD262884,2,39,1,8014,0,1,140.0,1,37,37,9,9,128.0,0,0,0,1,0,1,43,0,0,6,7,6,12.333333333333334,0,0,6,8,6,11.5,0,8.9,1.4,3.51,Graduate,Low,Social Service (evening attendance)
STD262885,1,7,1,9003,1,3,120.0,1,37,37,6,6,120.0,0,0,0,1,0,0,54,0,9,13,13,13,14.307692307692308,0,5,12,15,12,15.23076923076923,0,15.5,2.8,-4.06,Graduate,Low,Agronomy
STD262886,1,39,1,8014,0,2,130.0,1,37,37,5,7,147.5,0,0,0,1,0,0,39,0,7,11,13,11,14.454545454545457,0,6,8,8,8,13.5,0,12.7,3.7,-1.7,Graduate,Low,Social Service (evening attendance)
STD262887,2,39,1,9991,0,1,120.0,1,37,37,9,9,120.7,0,0,0,1,0,0,39,0,0,5,6,5,11.0,0,0,5,5,5,13.2,0,7.6,2.6,0.32,Graduate,Low,Management (evening attendance)
STD262888,1,1,1,9853,1,1,153.0,1,19,37,9,9,153.7,0,0,0,1,0,1,18,0,0,6,8,6,13.142857142857142,0,0,6,6,6,12.833333333333334,0,15.5,2.8,-4.06,Graduate,Low,Basic Education
STD262889,1,17,1,9238,1,1,131.0,1,37,37,9,7,121.9,0,0,0,1,0,1,19,0,0,6,8,6,13.75,0,0,6,7,6,11.857142857142858,0,16.2,0.3,-0.92,Graduate,Low,Social Service
STD262890,1,17,4,9670,1,1,126.0,1,38,19,9,6,119.4,1,0,0,1,0,1,18,0,0,6,6,6,14.0,0,0,6,9,5,13.8,0,8.9,1.4,3.51,Graduate,Low,Advertising and Marketing Management
STD262891,2,39,1,8014,0,12,110.0,1,34,34,0,0,157.8,0,0,0,1,0,0,44,0,5,8,13,8,13.75,0,2,6,9,6,12.5,0,7.6,2.6,0.32,Graduate,Low,Social Service (evening attendance)
STD262892,1,39,1,9991,0,1,150.0,1,3,1,3,9,154.0,0,0,0,1,0,0,27,0,0,5,5,0,0.0,0,0,5,6,0,0.0,0,12.4,0.5,1.79,Dropout,High,Management (evening attendance)
STD262893,1,1,2,9670,1,1,131.0,1,1,19,4,7,135.9,1,0,0,1,0,1,18,0,0,6,6,6,13.166666666666666,0,0,6,8,6,12.428571428571429,0,8.9,1.4,3.51,Graduate,Low,Advertising and Marketing Management
STD262894,2,43,1,8014,0,1,130.0,1,34,34,0,0,130.0,0,0,0,1,0,0,45,0,10,12,12,9,12.444444444444445,3,4,7,8,6,12.0,0,9.4,-0.8,-3.12,Dropout,Low,Social Service (evening attendance)
STD262895,1,17,4,9853,1,1,122.0,1,38,37,9,9,118.9,1,0,0,1,0,0,20,0,0,6,7,6,12.666666666666666,0,0,6,7,5,13.0,0,7.6,2.6,0.32,Graduate,Low,Basic Education
STD262896,2,1,1,8014,0,1,151.0,1,37,37,9,9,152.4,0,0,0,1,0,0,40,0,0,6,7,6,11.333333333333334,0,0,6,7,6,10.5,0,10.8,1.4,1.74,Graduate,Low,Social Service (evening attendance)
STD262897,1,39,1,9991,0,1,120.0,1,37,37,6,6,147.8,0,0,0,1,0,0,40,0,0,5,9,4,11.25,0,0,5,6,5,12.0,0,13.9,-0.3,0.79,Enrolled,Low,Management (evening attendance)
STD262898,1,43,1,9500,1,1,136.0,1,3,3,2,2,100.0,0,0,0,1,0,0,18,0,0,7,8,7,13.6125,0,0,8,8,8,14.575,0,13.9,-0.3,0.79,Graduate,Low,Nursing
STD262899,1,18,6,9500,1,1,140.0,1,3,19,3,8,129.0,1,0,0,1,0,0,21,0,0,8,8,7,12.414285714285716,0,0,8,8,7,12.414285714285716,0,12.7,3.7,-1.7,Graduate,Low,Nursing
STD262900,1,17,2,171,1,1,131.0,1,2,1,3,3,148.9,1,0,0,1,0,0,20,0,0,0,0,0,0.0,0,0,0,0,0,0.0,0,9.4,-0.8,-3.12,Graduate,High,Animation and Multimedia Design
STD262901,2,43,1,9991,0,2,120.0,1,37,37,9,8,120.0,0,0,0,1,0,0,36,0,8,12,21,11,11.5,0,7,12,22,12,11.4375,0,9.4,-0.8,-3.12,Enrolled,Low,Management (evening attendance)
STD262902,2,7,1,8014,0,3,170.0,1,19,19,4,4,170.0,0,0,0,1,0,0,27,0,0,5,5,0,0.0,0,0,6,0,0,0.0,0,9.4,-0.8,-3.12,Dropout,High,Social Service (evening attendance)
STD262903,2,39,1,9556,1,1,100.0,6,38,38,9,9,130.0,0,0,0,1,0,0,32,1,0,7,10,7,11.0,0,0,8,8,8,13.125,0,12.7,3.7,-1.7,Graduate,Low,Oral Hygiene
STD262904,1,17,1,9238,1,1,116.0,1,1,1,3,3,119.2,1,0,0,1,0,1,18,0,0,6,6,6,14.0,0,0,6,6,6,13.5,0,8.9,1.4,3.51,Graduate,Low,Social Service
STD262905,1,39,1,8014,0,1,133.1,1,37,37,9,7,129.0,0,0,0,1,0,0,37,0,0,6,13,4,12.0,0,0,6,10,3,12.0,0,16.2,0.3,-0.92,Dropout,Medium,Social Service (evening attendance)
STD262906,1,17,1,9773,1,1,136.0,1,3,1,2,3,132.5,1,0,0,1,0,0,19,0,0,6,7,6,12.5,0,0,6,7,6,12.5,0,10.8,1.4,1.74,Graduate,Low,Journalism and Communication
STD262907,4,39,2,8014,0,1,160.0,1,37,38,7,5,115.0,0,0,0,1,0,1,41,0,0,6,8,6,11.333333333333334,0,0,6,9,6,11.333333333333334,0,10.8,1.4,1.74,Graduate,Low,Social Service (evening attendance)
STD262908,2,1,4,9500,1,1,140.0,1,1,37,4,9,128.0,0,0,0,1,0,1,18,0,0,7,7,6,14.066666666666668,0,0,7,7,6,14.066666666666668,0,7.6,2.6,0.32,Graduate,Low,Nursing
STD262909,1,43,1,9085,1,1,130.0,1,37,37,90,90,125.1,0,0,0,1,0,0,21,0,2,9,14,8,13.555555555555555,0,2,7,10,7,13.571428571428571,0,7.6,2.6,0.32,Graduate,Low,Veterinary Nursing
STD262910,1,44,1,9003,1,1,140.0,1,1,19,3,9,140.0,1,0,1,0,0,0,23,0,0,6,13,5,11.6,0,0,6,11,4,12.25,0,12.4,0.5,1.79,Dropout,High,Agronomy
STD262911,1,17,2,9773,1,1,123.0,1,1,1,3,3,120.9,1,0,0,1,0,0,18,0,0,6,0,0,0.0,0,0,6,0,0,0.0,0,13.9,-0.3,0.79,Dropout,High,Journalism and Communication
STD262912,1,1,6,9500,1,1,143.0,1,19,19,4,4,135.3,1,0,0,1,0,0,18,0,0,8,8,8,13.27625,0,0,8,8,8,13.27625,0,9.4,-0.8,-3.12,Graduate,Low,Nursing
STD262913,1,43,4,9085,1,1,133.1,1,34,34,99,99,125.2,0,0,0,1,0,0,21,0,0,6,0,0,0.0,0,0,6,0,0,0.0,0,7.6,2.6,0.32,Dropout,High,Veterinary Nursing
STD262914,1,1,2,9238,1,1,136.0,1,22,30,0,8,135.7,1,0,0,1,0,0,19,0,0,6,8,6,14.375,0,0,6,8,6,14.75,0,7.6,2.6,0.32,Graduate,Low,Social Service
STD262915,6,39,2,9147,1,1,133.1,1,37,37,9,9,110.0,0,0,0,1,0,0,47,0,0,5,0,0,0.0,0,0,5,0,0,0.0,0,9.4,-0.8,-3.12,Dropout,High,Management
STD262916,6,39,1,8014,0,1,133.1,1,37,37,9,9,119.0,0,0,0,1,0,1,48,0,0,6,7,6,10.666666666666666,0,0,6,9,5,11.8,0,10.8,1.4,1.74,Enrolled,Low,Social Service (evening attendance)
STD262917,2,7,1,8014,0,3,110.0,1,37,37,9,9,110.0,0,0,0,1,0,0,39,0,9,13,19,12,13.416666666666666,0,4,10,10,10,14.5,0,16.2,0.3,-0.92,Graduate,Low,Social Service (evening attendance)
STD262918,1,1,1,9500,1,1,118.0,1,38,38,7,7,115.2,1,0,0,1,0,0,19,0,0,7,9,6,12.97166666666667,0,0,8,9,7,12.321428571428571,0,11.1,0.6,2.02,Graduate,Low,Nursing
STD262919,1,43,1,9991,0,2,110.0,1,37,37,9,9,112.9,0,0,0,1,0,0,38,0,14,15,16,14,10.928571428571429,0,12,14,16,12,11.833333333333334,0,9.4,-0.8,-3.12,Dropout,Low,Management (evening attendance)
STD262920,5,39,1,9003,1,19,133.1,1,19,1,9,9,119.4,0,0,1,0,0,0,27,0,0,6,6,0,0.0,0,0,6,7,0,0.0,0,8.9,1.4,3.51,Dropout,High,Agronomy
STD262921,1,1,1,171,1,1,162.0,1,19,19,4,7,152.9,1,0,0,1,0,1,18,0,0,0,0,0,0.0,0,0,0,0,0,0.0,0,12.4,0.5,1.79,Graduate,High,Animation and Multimedia Design
STD262922,1,39,1,8014,0,1,155.0,1,19,37,4,5,117.5,0,0,0,1,0,0,34,0,0,6,6,4,13.25,0,0,6,6,0,0.0,0,12.7,3.7,-1.7,Enrolled,Medium,Social Service (evening attendance)
STD262923,2,39,1,9238,1,19,133.1,1,37,37,4,4,98.5,0,0,0,1,0,0,48,0,0,6,14,6,11.333333333333334,0,0,6,11,5,12.4,0,15.5,2.8,-4.06,Dropout,Low,Social Service
STD262924,1,39,1,9670,1,1,150.0,1,34,34,0,0,108.0,0,0,0,1,0,0,25,0,0,5,6,1,11.0,0,0,5,5,0,0.0,0,7.6,2.6,0.32,Dropout,High,Advertising and Marketing Management
STD262925,2,39,1,9500,1,1,133.1,1,19,37,6,6,120.0,0,0,0,1,0,1,32,0,0,8,9,7,12.757142857142856,0,0,8,9,7,12.757142857142856,0,12.7,3.7,-1.7,Graduate,Low,Nursing
STD262926,1,1,1,9773,1,1,154.0,1,37,37,9,7,150.2,0,0,0,1,0,1,18,0,0,6,6,6,14.5,0,0,6,6,6,14.666666666666666,0,16.2,0.3,-0.92,Graduate,Low,Journalism and Communication
STD262927,1,44,1,8014,0,39,140.0,1,1,3,4,6,139.2,0,0,1,1,0,0,20,0,3,6,6,6,13.833333333333334,0,2,6,7,6,14.571428571428571,0,12.4,0.5,1.79,Graduate,Low,Social Service (evening attendance)
STD262928,1,1,1,9147,1,1,158.0,1,19,37,9,7,130.0,1,0,0,1,0,0,20,0,0,5,8,4,11.25,0,0,5,7,5,10.4,0,7.6,2.6,0.32,Graduate,Low,Management
STD262929,1,1,1,171,1,1,122.0,1,37,37,9,3,115.7,1,0,0,1,0,0,20,0,0,0,0,0,0.0,0,0,0,0,0,0.0,0,9.4,-0.8,-3.12,Dropout,High,Animation and Multimedia Design
STD262930,1,1,3,9500,1,1,136.0,1,1,1,4,4,127.0,1,0,0,1,0,0,19,0,0,8,10,1,13.67,7,0,8,10,1,13.67,7,9.4,-0.8,-3.12,Enrolled,High,Nursing
STD262931,1,39,1,9991,0,9,133.1,1,37,34,90,90,118.1,1,0,0,1,0,0,39,0,0,5,9,0,0.0,0,0,5,5,2,12.5,0,7.6,2.6,0.32,Dropout,High,Management (evening attendance)
STD262932,1,1,1,9130,1,1,132.0,1,6,6,0,4,119.1,1,0,1,1,0,0,29,0,0,5,10,1,13.0,4,0,5,14,0,0.0,8,10.8,1.4,1.74,Dropout,High,Equinculture
STD262933,1,39,1,9991,0,1,130.0,1,37,37,6,6,111.9,0,0,1,1,0,0,36,0,0,5,5,0,0.0,0,0,5,5,0,0.0,0,12.7,3.7,-1.7,Dropout,High,Management (evening attendance)
STD262934,1,1,6,9500,1,1,144.0,1,19,19,9,9,130.5,1,0,0,1,0,0,18,0,0,8,12,7,11.971428571428572,0,0,8,12,7,11.971428571428572,0,12.7,3.7,-1.7,Graduate,Low,Nursing
STD262935,2,39,1,8014,0,12,133.1,1,34,34,0,0,135.0,0,0,0,1,0,0,51,0,0,6,12,0,0.0,0,1,6,11,0,0.0,1,7.6,2.6,0.32,Dropout,High,Social Service (evening attendance)
STD262936,1,43,1,9773,1,1,133.1,22,34,34,90,90,130.0,0,0,1,1,0,0,23,1,0,6,11,1,16.0,0,0,6,8,4,12.25,0,7.6,2.6,0.32,Dropout,High,Journalism and Communication
STD262937,1,44,1,9085,1,1,150.0,1,29,10,6,6,150.0,1,0,0,1,0,0,21,0,0,6,0,0,0.0,0,0,6,0,0,0.0,0,10.8,1.4,1.74,Dropout,High,Veterinary Nursing
STD262938,1,43,5,9853,1,1,150.0,1,34,34,0,0,150.2,1,0,0,0,0,0,28,0,0,6,9,4,12.75,1,0,5,5,0,0.0,5,9.4,-0.8,-3.12,Dropout,High,Basic Education
STD262939,2,39,1,9991,0,1,110.0,1,37,37,9,3,127.1,0,0,0,1,0,0,34,0,0,5,9,4,11.0,0,0,5,10,4,10.75,1,7.6,2.6,0.32,Enrolled,Low,Management (evening attendance)
STD262940,1,39,1,8014,0,1,100.0,1,37,37,6,5,107.5,0,0,0,1,0,0,41,0,0,2,2,0,0.0,0,0,6,0,0,0.0,0,12.7,3.7,-1.7,Dropout,High,Social Service (evening attendance)
STD262941,4,39,1,8014,0,3,100.0,1,37,37,9,9,130.0,0,0,0,1,0,1,43,0,0,6,7,5,12.2,0,0,6,6,6,12.333333333333334,0,9.4,-0.8,-3.12,Graduate,Low,Social Service (evening attendance)
STD262942,2,39,2,9556,1,1,133.1,105,1,3,9,2,152.8,1,0,0,1,0,0,28,1,0,7,9,7,12.428571428571429,0,0,8,8,8,12.3,0,12.4,0.5,1.79,Enrolled,Low,Oral Hygiene
STD262943,1,1,1,171,1,1,145.0,1,40,1,2,4,160.1,0,0,0,1,0,1,19,0,6,12,12,12,14.5,0,4,11,15,11,13.583333333333334,0,8.9,1.4,3.51,Graduate,Low,Animation and Multimedia Design
STD262944,1,39,1,9003,1,1,130.0,1,19,19,9,1,140.0,0,0,0,1,0,0,26,0,6,12,13,6,13.0,0,4,12,14,11,13.833333333333334,0,15.5,2.8,-4.06,Graduate,Medium,Agronomy
STD262945,1,1,4,9500,1,1,118.0,1,4,3,2,3,110.7,1,0,0,1,0,0,18,0,0,7,7,7,11.714285714285714,0,0,8,8,8,12.75,0,12.4,0.5,1.79,Graduate,Low,Nursing
STD262946,2,39,1,9853,1,1,133.1,1,37,19,9,5,138.3,0,0,0,1,0,0,45,0,0,7,12,4,10.25,0,0,7,10,3,13.0,0,11.1,0.6,2.02,Dropout,Medium,Basic Education
STD262947,1,44,1,9853,1,39,150.0,1,3,37,2,7,150.0,0,0,0,1,0,0,19,0,0,6,0,0,0.0,0,0,6,0,0,0.0,0,12.4,0.5,1.79,Dropout,High,Basic Education
STD262948,1,17,6,9670,1,1,113.0,1,4,1,3,10,112.3,0,0,0,1,0,0,20,0,0,6,9,6,12.375,0,0,6,7,6,13.142857142857142,0,11.1,0.6,2.02,Graduate,Low,Advertising and Marketing Management
STD262949,1,1,6,9853,1,1,136.0,1,1,19,5,5,122.0,0,0,0,1,0,0,18,0,0,6,6,6,12.666666666666666,0,0,6,6,6,12.0,0,7.6,2.6,0.32,Graduate,Low,Basic Education
STD262950,1,39,1,9085,1,1,140.0,1,3,3,4,2,141.7,1,0,0,1,0,0,27,0,0,6,13,3,10.5,0,0,6,19,1,12.0,0,12.4,0.5,1.79,Dropout,Medium,Veterinary Nursing
STD262951,2,1,1,9003,1,1,131.0,1,19,38,5,5,118.4,0,0,0,1,0,0,20,0,0,6,11,6,14.125,0,0,6,10,5,12.6,0,13.9,-0.3,0.79,Graduate,Low,Agronomy
STD262952,1,1,3,9085,1,1,138.0,1,1,1,4,8,128.7,1,0,0,1,0,0,18,0,0,6,7,6,14.666666666666666,0,0,6,12,6,13.833333333333334,0,8.9,1.4,3.51,Graduate,Low,Veterinary Nursing
STD262953,2,39,2,9670,1,1,100.0,1,37,37,9,9,100.0,0,0,0,1,0,0,35,0,0,5,8,5,11.4,0,0,5,7,3,12.333333333333334,0,9.4,-0.8,-3.12,Enrolled,Low,Advertising and Marketing Management
STD262954,1,39,1,171,1,1,140.0,1,37,37,9,9,100.8,0,1,0,1,0,0,26,0,0,0,0,0,0.0,0,0,0,0,0,0.0,0,16.2,0.3,-0.92,Dropout,High,Animation and Multimedia Design
STD262955,4,39,1,9238,1,1,120.0,1,37,37,9,9,125.5,1,0,0,1,0,1,39,0,0,6,7,6,14.0,0,0,6,7,5,14.8,0,12.7,3.7,-1.7,Graduate,Low,Social Service
STD262956,1,1,1,171,1,1,139.0,1,37,37,9,9,124.0,1,0,0,1,0,0,18,0,0,0,0,0,0.0,0,0,0,0,0,0.0,0,7.6,2.6,0.32,Graduate,High,Animation and Multimedia Design
STD262957,1,7,1,9500,1,3,130.0,1,37,37,9,5,130.0,0,0,0,1,0,0,36,0,0,7,7,0,0.0,7,0,7,7,0,0.0,7,16.2,0.3,-0.92,Dropout,High,Nursing
STD262958,2,39,1,8014,0,3,110.0,1,37,37,9,9,160.5,0,0,0,1,0,0,38,0,8,11,11,11,12.636363636363637,0,5,8,8,8,11.0,0,13.9,-0.3,0.79,Graduate,Low,Social Service (evening attendance)
STD262959,2,39,1,9853,1,19,133.1,1,37,19,3,7,100.0,0,0,0,1,0,0,45,0,0,6,11,3,12.333333333333334,0,0,6,13,2,11.0,0,7.6,2.6,0.32,Dropout,Medium,Basic Education
STD262960,5,39,1,9254,1,1,133.1,1,2,2,2,2,103.0,0,0,0,1,0,0,62,0,0,6,7,6,15.0,0,0,6,10,6,12.833333333333334,0,10.8,1.4,1.74,Graduate,Low,Tourism
STD262961,1,1,1,9670,1,1,133.1,1,1,1,9,1,103.0,1,0,0,1,0,1,20,0,0,6,8,4,11.75,0,0,6,10,6,12.666666666666666,0,10.8,1.4,1.74,Graduate,Medium,Advertising and Marketing Management
STD262962,1,1,1,9500,1,1,139.0,1,19,37,9,9,131.5,1,0,0,1,0,0,18,0,0,8,8,7,14.13714285714286,0,0,8,8,7,14.13714285714286,0,10.8,1.4,1.74,Graduate,Low,Nursing
STD262963,1,18,3,9070,1,1,134.0,1,1,1,3,4,121.4,0,0,0,1,0,0,18,0,0,6,6,2,12.0,0,0,6,6,1,11.0,0,9.4,-0.8,-3.12,Dropout,High,Communication Design
STD262964,2,1,1,9991,0,3,160.0,1,1,3,4,9,137.3,0,0,0,1,0,0,23,0,0,5,5,5,10.8,0,0,5,9,4,11.5,0,9.4,-0.8,-3.12,Graduate,Low,Management (evening attendance)
STD262965,1,1,1,9070,1,1,124.0,1,19,19,9,9,138.4,1,0,1,1,0,1,19,0,1,6,8,6,13.285714285714286,1,0,6,8,6,12.5,0,13.9,-0.3,0.79,Dropout,Low,Communication Design
STD262966,1,17,1,9147,1,1,137.0,1,1,3,7,3,131.1,1,0,1,1,0,1,19,0,0,5,7,5,13.6,0,0,5,5,5,12.6,0,8.9,1.4,3.51,Graduate,Low,Management
STD262967,1,42,1,9500,1,1,157.0,1,3,3,3,3,100.0,0,0,0,1,0,0,18,0,0,7,8,7,13.55,0,0,8,8,8,14.1875,0,13.9,-0.3,0.79,Graduate,Low,Nursing
STD262968,1,17,4,9500,1,1,138.0,1,4,1,2,1,133.0,1,0,0,1,0,0,18,0,0,8,8,0,0.0,5,0,8,8,0,0.0,5,9.4,-0.8,-3.12,Enrolled,High,Nursing
STD262969,1,39,2,8014,0,1,100.0,1,35,37,90,90,100.0,0,0,0,1,0,0,41,0,0,6,10,4,13.5,0,1,6,7,6,11.166666666666666,0,7.6,2.6,0.32,Graduate,Medium,Social Service (evening attendance)
STD262970,1,39,1,9670,1,1,130.0,1,19,3,4,2,159.0,0,0,0,1,0,1,51,0,0,6,8,5,11.6,0,0,6,9,5,14.2,0,12.4,0.5,1.79,Graduate,Low,Advertising and Marketing Management
STD262971,1,43,2,9238,1,1,133.1,1,19,19,4,5,120.6,1,0,0,1,0,0,24,0,6,10,16,10,12.5,0,2,7,9,4,12.6,0,16.2,0.3,-0.92,Graduate,Low,Social Service
STD262972,1,39,1,9991,0,3,120.0,1,19,1,9,5,134.0,0,0,0,1,0,0,25,0,0,5,14,1,11.0,0,0,5,11,2,12.666666666666666,4,16.2,0.3,-0.92,Dropout,High,Management (evening attendance)
STD262973,1,5,1,9085,1,1,150.0,1,1,1,4,4,139.4,0,0,0,1,0,0,18,0,0,5,9,3,12.0,1,0,5,6,4,13.0,0,7.6,2.6,0.32,Enrolled,Medium,Veterinary Nursing
STD262974,1,16,6,9147,1,1,128.0,1,37,37,9,9,116.5,1,0,0,1,0,0,20,0,0,5,8,4,11.6,0,0,5,10,3,12.333333333333334,0,7.6,2.6,0.32,Graduate,Low,Management
STD262975,1,1,1,171,1,1,124.0,1,1,19,123,103,113.9,1,1,0,1,0,0,19,0,0,0,0,0,0.0,0,0,0,0,0,0.0,0,13.9,-0.3,0.79,Dropout,High,Animation and Multimedia Design
STD262976,5,43,1,9991,0,3,130.0,1,3,3,1,1,130.0,0,0,0,1,0,0,41,0,5,10,14,10,14.636363636363637,0,5,10,13,10,14.6,0,16.2,0.3,-0.92,Graduate,Low,Management (evening attendance)
STD262977,1,1,2,9254,1,1,132.0,1,1,19,9,9,129.9,1,0,0,1,0,1,19,0,0,6,8,6,13.0,0,0,6,6,6,12.166666666666666,0,8.9,1.4,3.51,Graduate,Low,Tourism
STD262978,1,42,1,9853,1,12,133.1,1,1,3,3,2,133.7,0,0,0,1,0,0,28,0,14,18,23,14,12.785714285714286,2,16,17,18,16,13.875,0,16.2,0.3,-0.92,Dropout,Low,Basic Education
STD262979,1,1,3,9070,1,1,129.0,1,5,3,5,7,124.8,1,0,0,1,0,0,21,0,0,6,6,6,14.5,0,0,6,7,5,12.0,0,12.4,0.5,1.79,Graduate,Low,Communication Design
STD262980,1,1,1,9085,1,1,135.0,1,3,2,1,1,133.6,1,0,0,0,0,0,22,0,0,5,12,4,14.6,3,0,5,5,4,12.75,1,9.4,-0.8,-3.12,Dropout,High,Veterinary Nursing
STD262981,1,17,4,9773,1,1,138.0,1,37,19,5,7,133.5,1,0,0,0,0,0,18,0,0,6,7,6,12.5,0,0,6,6,6,12.166666666666666,0,10.8,1.4,1.74,Graduate,High,Journalism and Communication
STD262982,1,1,1,9070,1,1,135.0,1,19,37,9,9,128.0,1,0,0,1,0,1,19,0,0,6,6,6,14.0,0,0,6,8,6,13.125,0,10.8,1.4,1.74,Graduate,Low,Communication Design
STD262983,1,17,6,9500,1,1,131.0,1,3,19,5,5,127.2,1,0,0,1,0,1,19,0,0,7,7,7,13.801428571428572,0,0,8,8,8,14.575,0,11.1,0.6,2.02,Graduate,Low,Nursing
STD262984,1,7,1,9853,1,3,150.0,1,19,19,4,5,150.0,0,0,1,0,0,0,25,0,1,6,7,6,14.428571428571429,0,0,6,7,6,13.666666666666666,0,10.8,1.4,1.74,Graduate,High,Basic Education
STD262985,1,42,4,9500,1,6,133.0,1,1,19,2,9,127.8,1,0,0,1,0,1,18,0,0,7,7,6,14.35,0,0,7,7,6,14.35,0,7.6,2.6,0.32,Graduate,Low,Nursing
STD262986,1,17,1,9070,1,1,135.0,1,37,19,9,9,125.2,1,0,0,1,0,0,19,0,0,6,6,6,14.333333333333334,0,0,6,6,6,13.5,0,12.7,3.7,-1.7,Graduate,Low,Communication Design
STD262987,1,43,2,9853,1,1,118.0,1,19,1,5,4,110.0,1,0,0,1,0,0,20,0,0,6,10,4,12.25,0,0,6,8,4,11.5,0,10.8,1.4,1.74,Enrolled,Medium,Basic Education
STD262988,2,39,1,8014,0,19,100.0,1,34,34,0,0,100.0,0,0,0,1,0,0,46,0,0,6,9,6,13.333333333333334,0,0,6,6,6,11.833333333333334,0,7.6,2.6,0.32,Graduate,Low,Social Service (evening attendance)
STD262989,1,17,1,171,1,1,158.0,1,3,3,3,3,151.4,1,0,0,0,0,0,19,0,6,12,12,12,13.0,0,4,11,14,11,13.25,0,8.9,1.4,3.51,Graduate,High,Animation and Multimedia Design
STD262990,1,1,2,9254,1,1,137.0,1,38,19,9,7,125.1,1,0,0,1,0,0,18,0,0,6,10,4,11.75,0,0,6,9,5,11.2,0,7.6,2.6,0.32,Enrolled,Medium,Tourism
STD262991,1,1,1,9130,1,1,172.0,1,19,19,9,9,163.3,1,0,0,1,0,1,18,0,0,6,8,6,14.5,0,0,6,11,4,13.0,0,13.9,-0.3,0.79,Graduate,Low,Equinculture
STD262992,1,18,1,9500,1,1,123.0,1,37,37,3,3,118.0,1,0,0,1,0,1,19,0,0,8,8,7,11.82,0,0,8,8,7,11.82,0,10.8,1.4,1.74,Graduate,Low,Nursing
STD262993,1,1,2,9773,1,1,144.0,1,3,3,3,2,140.2,1,0,0,1,0,0,20,0,0,6,0,0,0.0,0,0,6,0,0,0.0,0,16.2,0.3,-0.92,Dropout,High,Journalism and Communication
STD262994,2,39,1,8014,0,1,140.0,1,37,37,5,6,128.5,0,0,0,1,0,1,38,0,0,6,6,5,12.4,0,0,6,7,6,12.666666666666666,0,9.4,-0.8,-3.12,Graduate,Low,Social Service (evening attendance)
STD262995,1,17,1,9773,1,1,136.0,1,1,38,9,8,131.5,1,0,0,1,0,0,18,0,0,6,7,6,12.571428571428571,0,0,6,8,6,11.857142857142858,0,13.9,-0.3,0.79,Graduate,Low,Journalism and Communication
STD262996,1,17,5,9500,1,1,137.0,1,1,1,5,5,132.6,1,0,0,1,0,1,18,0,0,7,7,7,13.857142857142858,0,0,8,8,8,14.9,0,13.9,-0.3,0.79,Graduate,Low,Nursing
STD262997,1,17,1,9238,1,1,128.0,1,19,1,0,5,122.1,1,0,0,1,0,0,18,0,0,6,9,5,11.833333333333334,0,0,6,7,5,13.8,0,13.9,-0.3,0.79,Graduate,Low,Social Service
STD262998,1,17,1,9147,1,1,120.0,1,3,3,2,2,112.0,0,0,0,1,0,0,20,0,0,5,10,4,11.0,0,0,5,7,4,11.5,0,15.5,2.8,-4.06,Enrolled,Low,Management
STD262999,1,1,1,9130,1,1,130.0,1,3,19,4,8,133.0,1,0,0,1,0,0,19,0,0,6,6,6,14.666666666666666,0,0,6,8,6,13.666666666666666,0,12.4,0.5,1.79,Graduate,Low,Equinculture
STD263000,4,39,1,8014,0,1,138.0,1,19,19,90,90,127.0,0,0,0,0,0,0,37,0,0,4,4,0,0.0,0,0,5,10,0,0.0,0,10.8,1.4,1.74,Dropout,High,Social Service (evening attendance)
STD263001,1,39,1,9500,1,1,148.0,1,3,19,2,5,130.0,0,0,0,1,0,0,24,0,0,8,12,7,12.714285714285714,0,0,8,12,7,12.714285714285714,0,12.7,3.7,-1.7,Enrolled,Low,Nursing
STD263002,1,1,2,9500,1,1,139.0,1,4,1,2,10,136.4,1,0,0,1,0,0,19,0,0,7,9,7,13.422222222222224,0,0,8,11,7,12.18888888888889,0,15.5,2.8,-4.06,Graduate,Low,Nursing
STD263003,1,1,3,9773,1,1,136.0,1,3,1,5,3,129.0,1,0,0,1,0,1,19,0,0,6,7,6,14.0,0,0,6,8,5,12.2,0,13.9,-0.3,0.79,Dropout,Low,Journalism and Communication
STD263004,1,17,3,9556,1,1,126.0,1,19,19,9,4,119.0,1,0,0,1,0,1,19,0,0,7,8,7,12.142857142857142,0,0,8,8,8,13.375,0,16.2,0.3,-0.92,Dropout,Low,Oral Hygiene
STD263005,1,17,1,9147,1,1,135.0,1,37,38,9,9,128.0,1,0,1,1,0,1,18,0,0,5,5,5,12.8,0,0,5,5,5,13.0,0,11.1,0.6,2.02,Graduate,Low,Management
STD263006,1,1,4,9500,1,1,122.0,1,19,38,7,7,117.1,1,0,0,1,0,1,18,0,0,7,7,7,14.572857142857142,0,0,8,9,8,14.955555555555556,0,12.4,0.5,1.79,Graduate,Low,Nursing
STD263007,1,1,4,9147,1,1,137.0,1,1,19,4,5,136.3,0,0,0,1,0,0,18,0,0,5,9,4,11.25,0,0,5,6,4,11.0,0,8.9,1.4,3.51,Graduate,Low,Management
STD263008,1,17,5,9147,1,1,127.0,1,1,38,4,5,124.6,1,0,0,1,0,1,19,0,0,5,12,2,10.0,0,0,5,11,4,11.75,0,11.1,0.6,2.02,Enrolled,High,Management
STD263009,1,1,1,9130,1,1,137.0,1,40,19,2,9,130.7,1,0,0,1,0,0,18,0,0,6,8,5,14.4,0,0,6,11,4,14.6,0,8.9,1.4,3.51,Dropout,Low,Equinculture
STD263010,1,1,4,9500,1,1,125.0,1,1,12,3,6,115.2,1,0,0,1,0,0,20,0,0,7,7,7,12.982857142857142,0,0,8,8,8,14.4625,0,12.4,0.5,1.79,Graduate,Low,Nursing
STD263011,1,17,1,9085,1,1,141.0,1,3,2,2,3,130.2,1,0,0,1,0,0,20,0,0,6,14,6,15.75,0,0,6,8,6,13.0,0,15.5,2.8,-4.06,Graduate,Low,Veterinary Nursing
STD263012,1,1,1,9085,1,1,132.0,1,2,2,6,6,128.5,0,0,0,1,0,0,18,0,0,6,11,5,12.285714285714286,0,0,6,19,3,14.0,1,12.4,0.5,1.79,Dropout,Low,Veterinary Nursing
STD263013,1,16,1,9500,1,1,133.1,1,37,37,9,9,95.0,1,0,0,1,0,0,20,0,0,7,7,6,13.755,0,0,8,9,7,13.571428571428571,0,12.4,0.5,1.79,Graduate,Low,Nursing
STD263014,1,17,1,9670,1,1,132.0,1,1,1,3,3,119.4,1,0,0,1,0,1,18,0,0,6,7,6,13.833333333333334,0,0,6,11,6,13.5,0,8.9,1.4,3.51,Graduate,Low,Advertising and Marketing Management
STD263015,1,1,6,9500,1,1,142.0,1,1,37,7,7,123.5,1,0,0,1,0,0,19,0,0,7,0,0,0.0,0,0,8,0,0,0.0,0,12.7,3.7,-1.7,Dropout,High,Nursing
STD263016,1,1,4,9500,1,1,136.0,1,38,1,5,6,133.9,1,0,0,1,0,0,18,0,0,7,9,7,14.711111111111112,0,0,8,9,8,14.627777777777778,0,15.5,2.8,-4.06,Graduate,Low,Nursing
STD263017,1,53,1,9085,1,42,150.0,1,1,19,4,8,145.2,1,0,0,1,0,0,20,0,7,11,13,11,14.615384615384617,0,4,9,11,9,13.7,0,8.9,1.4,3.51,Graduate,Low,Veterinary Nursing
STD263018,1,1,1,9500,1,1,130.0,1,3,3,1,5,118.8,0,0,0,1,0,0,18,0,0,7,7,7,13.677142857142858,0,0,8,9,8,14.533333333333331,0,11.1,0.6,2.02,Graduate,Low,Nursing
STD263019,1,16,2,9085,1,1,136.0,1,37,37,9,9,123.4,1,0,0,1,0,1,19,0,0,5,8,5,13.166666666666666,2,0,5,5,5,12.8,0,9.4,-0.8,-3.12,Graduate,Low,Veterinary Nursing
STD263020,1,17,6,9238,1,1,138.0,1,3,3,1,2,123.0,1,0,0,1,0,0,19,0,0,6,11,5,10.8,0,0,6,12,5,11.333333333333334,0,15.5,2.8,-4.06,Graduate,Low,Social Service
STD263021,1,17,1,9130,1,1,131.0,1,19,9,5,3,118.4,0,0,0,1,0,0,19,0,0,5,8,3,12.0,0,0,5,7,5,12.833333333333334,0,7.6,2.6,0.32,Graduate,Medium,Equinculture
STD263022,1,1,1,9500,1,1,147.0,1,3,1,2,3,131.6,0,0,0,1,0,0,18,0,0,7,8,6,13.958333333333334,0,0,8,8,8,14.71875,0,11.1,0.6,2.02,Graduate,Low,Nursing
STD263023,1,17,1,9853,1,1,140.0,1,38,19,4,10,122.3,1,0,0,1,0,0,19,0,0,6,9,4,13.0,0,0,6,9,4,12.25,0,12.7,3.7,-1.7,Dropout,Medium,Basic Education
STD263024,1,1,2,171,1,1,152.0,1,38,19,9,9,151.7,1,0,0,1,0,1,24,0,0,0,0,0,0.0,0,0,0,0,0,0.0,0,11.1,0.6,2.02,Graduate,High,Animation and Multimedia Design
STD263025,1,1,1,171,1,1,169.0,1,19,37,9,7,176.0,1,0,0,1,0,1,18,0,0,0,0,0,0.0,0,0,0,0,0,0.0,0,12.4,0.5,1.79,Graduate,High,Animation and Multimedia Design
STD263026,1,1,6,9500,1,1,149.0,1,1,1,4,9,133.0,1,0,0,1,0,1,18,0,0,8,8,7,14.0,0,0,8,8,7,14.0,0,12.7,3.7,-1.7,Graduate,Low,Nursing
STD263027,1,1,4,9773,1,1,137.0,1,3,19,2,3,139.8,1,1,0,1,0,0,18,0,0,6,10,6,12.571428571428571,0,0,6,11,6,12.571428571428571,0,10.8,1.4,1.74,Enrolled,Low,Journalism and Communication
STD263028,1,1,4,9773,1,1,122.0,1,41,1,4,3,119.6,1,0,0,1,0,0,19,0,0,6,6,4,12.0,0,0,6,11,3,11.333333333333334,0,11.1,0.6,2.02,Dropout,Medium,Journalism and Communication
STD263029,1,39,1,8014,0,1,130.0,1,37,37,9,6,134.0,0,0,0,1,0,1,35,0,2,8,8,8,13.625,0,1,7,7,7,14.0,0,8.9,1.4,3.51,Graduate,Low,Social Service (evening attendance)
STD263030,1,17,6,9147,1,1,145.0,1,37,37,9,9,132.0,1,0,0,1,0,0,19,0,0,5,7,4,12.5,0,0,5,8,4,10.0,1,7.6,2.6,0.32,Graduate,Low,Management
STD263031,1,7,1,9853,1,3,130.0,1,37,37,9,9,130.0,0,0,0,1,0,0,28,0,14,15,25,14,12.428571428571429,1,8,14,22,11,11.909090909090908,0,7.6,2.6,0.32,Dropout,Low,Basic Education
STD263032,1,43,1,9500,1,1,157.0,1,38,3,5,2,141.4,0,0,0,1,0,0,21,0,3,7,8,7,13.3875,0,2,8,8,8,15.9,0,13.9,-0.3,0.79,Graduate,Low,Nursing
STD263033,1,18,2,9500,1,1,135.0,1,19,1,5,5,128.9,1,0,0,1,0,1,19,0,0,7,8,6,12.648333333333332,0,0,8,9,8,12.205555555555556,0,11.1,0.6,2.02,Graduate,Low,Nursing
STD263034,1,5,2,9238,1,1,123.0,1,40,38,2,9,118.1,1,0,0,1,0,0,19,0,0,6,6,6,14.0,0,0,6,6,6,13.333333333333334,0,8.9,1.4,3.51,Graduate,Low,Social Service
STD263035,1,1,1,9085,1,1,139.0,1,3,4,2,2,130.6,0,0,0,1,0,0,18,0,0,5,12,5,12.8,2,0,5,10,5,11.857142857142858,1,9.4,-0.8,-3.12,Graduate,Low,Veterinary Nursing
STD263036,1,1,1,9254,1,1,136.0,1,12,1,4,4,122.0,1,0,0,1,0,0,18,0,0,6,8,6,11.333333333333334,0,0,6,11,6,10.833333333333334,0,7.6,2.6,0.32,Graduate,Low,Tourism
STD263037,1,1,2,9500,1,1,135.0,1,3,3,2,2,123.0,1,0,0,0,0,0,19,0,0,7,0,0,0.0,0,0,8,0,0,0.0,0,12.7,3.7,-1.7,Dropout,High,Nursing
STD263038,1,1,1,9670,1,1,126.0,1,1,1,9,10,126.7,1,0,0,1,0,1,20,0,0,6,6,6,14.166666666666666,0,0,6,9,6,13.0,0,8.9,1.4,3.51,Graduate,Low,Advertising and Marketing Management
STD263039,1,1,1,9773,1,1,122.0,1,38,19,9,9,126.6,1,0,0,1,0,0,18,0,0,6,6,6,12.833333333333334,0,0,6,6,6,13.833333333333334,0,8.9,1.4,3.51,Graduate,Low,Journalism and Communication
STD263040,1,1,1,9853,1,1,125.0,1,38,38,9,9,125.4,0,0,1,0,0,0,19,0,0,7,11,4,12.0,0,0,7,9,6,11.833333333333334,0,16.2,0.3,-0.92,Dropout,High,Basic Education
STD263041,1,1,3,9773,1,1,134.0,1,1,19,9,9,136.1,1,0,0,1,0,1,20,0,0,6,6,6,13.0,0,0,6,7,6,13.142857142857142,0,12.4,0.5,1.79,Dropout,Low,Journalism and Communication
STD263042,1,17,5,9500,1,1,130.0,1,19,1,9,4,128.8,1,0,0,1,0,0,18,0,0,7,8,6,13.39,0,0,8,10,7,12.757142857142856,0,11.1,0.6,2.02,Enrolled,Low,Nursing
STD263043,1,17,4,9670,1,1,110.0,1,1,37,7,7,111.1,1,0,0,0,0,0,18,0,0,6,6,6,12.333333333333334,0,0,6,8,5,13.6,0,8.9,1.4,3.51,Graduate,High,Advertising and Marketing Management
STD263044,1,1,1,9070,1,1,131.0,1,3,3,3,3,135.9,0,0,0,1,0,1,21,0,1,6,8,6,12.571428571428571,1,0,6,8,6,11.625,0,13.9,-0.3,0.79,Graduate,Low,Communication Design
STD263045,1,5,5,9254,1,1,122.0,1,1,37,9,7,119.6,1,0,0,1,0,1,19,0,0,6,6,6,12.333333333333334,0,0,6,6,6,12.833333333333334,0,12.4,0.5,1.79,Graduate,Low,Tourism
STD263046,1,17,2,9853,1,1,123.0,1,1,1,3,9,116.7,1,0,0,1,0,0,19,0,0,6,8,5,13.0,0,0,6,8,4,10.75,0,9.4,-0.8,-3.12,Graduate,Low,Basic Education
STD263047,1,1,1,9085,1,1,146.0,1,1,1,9,7,126.0,0,0,0,1,0,0,19,0,0,5,7,3,12.333333333333334,0,0,5,7,4,10.25,0,7.6,2.6,0.32,Enrolled,Medium,Veterinary Nursing
STD263048,1,1,4,9773,1,1,137.0,1,37,37,0,90,134.2,1,0,0,1,0,0,18,0,0,6,6,6,13.166666666666666,0,0,6,8,5,14.2,0,10.8,1.4,1.74,Dropout,Low,Journalism and Communication
STD263049,1,1,1,9147,1,1,130.0,1,1,19,3,3,123.0,0,0,0,1,0,1,18,0,0,5,7,5,13.333333333333334,0,0,5,6,5,13.6,0,12.7,3.7,-1.7,Graduate,Low,Management
STD263050,1,1,2,9085,1,1,127.0,1,38,37,5,7,123.9,1,0,0,1,0,0,18,0,0,5,9,4,13.0,0,0,5,8,5,13.142857142857142,0,10.8,1.4,1.74,Graduate,Low,Veterinary Nursing
STD263051,2,39,1,9556,1,1,160.0,1,37,37,9,6,120.0,0,0,0,1,0,0,31,0,0,7,21,5,10.9,3,0,8,21,3,11.7,1,12.7,3.7,-1.7,Dropout,Medium,Oral Hygiene
STD263052,1,42,1,9147,1,1,139.0,1,3,38,2,5,112.3,1,0,0,1,0,0,19,0,0,5,8,2,11.5,0,0,5,10,3,10.857142857142858,0,10.8,1.4,1.74,Enrolled,High,Management
STD263053,1,16,1,9085,1,1,138.0,1,37,37,9,9,123.0,1,0,0,1,0,1,20,0,0,6,7,6,15.857142857142858,0,0,6,6,6,16.0,0,13.9,-0.3,0.79,Graduate,Low,Veterinary Nursing
STD263054,1,17,1,9085,1,1,137.0,1,38,19,0,90,122.3,0,0,0,1,0,1,19,0,0,5,5,5,12.6,0,0,5,9,3,13.0,0,7.6,2.6,0.32,Dropout,Low,Veterinary Nursing
STD263055,1,17,1,9238,1,1,127.0,1,38,38,9,6,122.8,0,0,0,1,0,1,19,0,0,6,8,6,14.0,0,0,6,7,6,14.571428571428571,0,16.2,0.3,-0.92,Graduate,Low,Social Service
STD263056,5,7,1,9130,1,3,160.0,1,19,38,9,6,160.0,0,0,0,0,0,0,27,0,1,5,8,3,14.666666666666666,2,0,5,7,2,13.0,2,10.8,1.4,1.74,Dropout,High,Equinculture
STD263057,1,17,2,9773,1,1,132.0,1,19,19,9,6,120.1,1,0,0,1,0,1,18,0,0,6,6,6,13.666666666666666,0,0,6,6,6,14.0,0,8.9,1.4,3.51,Graduate,Low,Journalism and Communication
STD263058,1,1,1,8014,0,1,126.0,1,34,34,0,0,142.4,0,0,0,1,0,0,32,0,0,6,0,0,0.0,0,0,6,0,0,0.0,0,7.6,2.6,0.32,Dropout,High,Social Service (evening attendance)
STD263059,1,1,4,9500,1,1,133.0,1,38,19,8,7,127.3,1,0,0,1,0,0,18,0,0,8,8,7,12.628571428571428,0,0,8,8,7,12.628571428571428,0,12.7,3.7,-1.7,Graduate,Low,Nursing
STD263060,1,1,3,9500,1,1,140.0,1,19,37,9,9,125.5,1,0,0,1,0,1,19,0,0,8,8,7,14.232857142857142,0,0,8,8,7,14.232857142857142,0,10.8,1.4,1.74,Graduate,Low,Nursing
STD263061,1,1,2,9773,1,1,130.0,1,19,19,5,6,137.4,0,0,0,1,0,0,19,0,0,6,6,6,15.0,0,0,6,7,6,14.0,0,15.5,2.8,-4.06,Enrolled,Low,Journalism and Communication
STD263062,1,17,2,9254,1,1,129.0,1,12,37,9,9,122.0,1,0,0,1,0,0,18,0,0,6,15,2,10.0,0,0,6,12,0,0.0,0,10.8,1.4,1.74,Dropout,High,Tourism
STD263063,1,17,3,9670,1,1,110.0,1,19,1,4,4,107.5,1,0,0,1,0,1,18,0,0,6,11,4,12.25,0,0,6,10,4,11.0,0,12.7,3.7,-1.7,Dropout,Medium,Advertising and Marketing Management
STD263064,1,39,1,9773,1,19,133.1,1,19,19,171,163,104.0,0,0,1,0,0,1,24,0,0,6,6,6,13.5,0,0,6,6,6,13.0,0,11.1,0.6,2.02,Graduate,High,Journalism and Communication
STD263065,1,17,2,9238,1,1,132.0,1,38,1,7,7,133.1,1,0,0,1,0,1,19,0,0,6,8,5,12.2,0,0,6,7,6,11.5,0,9.4,-0.8,-3.12,Graduate,Low,Social Service
STD263066,1,17,2,9254,1,1,115.0,1,19,19,9,7,113.3,1,0,1,1,0,0,21,0,0,6,0,0,0.0,0,0,6,0,0,0.0,0,11.1,0.6,2.02,Dropout,High,Tourism
STD263067,1,44,1,9070,1,39,130.0,1,1,1,4,10,130.0,1,0,0,1,0,0,19,0,2,7,11,6,12.0,0,5,9,9,8,12.75,0,16.2,0.3,-0.92,Graduate,Low,Communication Design
STD263068,1,1,3,9500,1,1,140.0,6,2,3,5,2,124.3,1,0,0,1,0,0,19,1,0,7,9,5,12.32,0,0,7,9,5,11.9,0,12.4,0.5,1.79,Enrolled,Medium,Nursing
STD263069,1,39,1,9556,1,1,140.0,1,37,37,9,8,105.0,1,0,0,1,0,1,36,0,0,7,11,6,12.35,0,0,7,12,5,12.5,0,8.9,1.4,3.51,Graduate,Low,Oral Hygiene
STD263070,1,39,1,9085,1,12,133.1,1,37,37,10,9,144.0,0,0,0,1,1,0,51,0,0,6,0,0,0.0,0,0,6,0,0,0.0,0,12.4,0.5,1.79,Dropout,High,Veterinary Nursing
STD263071,1,1,3,9670,1,1,121.0,1,1,19,5,5,111.9,1,0,0,1,1,1,20,0,0,6,7,6,11.333333333333334,0,0,6,10,4,10.571428571428571,0,10.8,1.4,1.74,Enrolled,Low,Advertising and Marketing Management
STD263072,1,39,1,8014,0,38,133.1,1,1,1,4,4,107.5,0,0,1,0,1,0,29,0,0,6,6,0,0.0,0,0,5,5,0,0.0,0,8.9,1.4,3.51,Dropout,High,Social Service (evening attendance)
STD263073,1,44,1,9238,1,39,130.0,1,1,19,4,5,127.4,0,0,1,0,1,0,27,0,3,6,8,5,11.6,0,2,6,9,5,12.0,0,13.9,-0.3,0.79,Dropout,High,Social Service
STD263074,1,39,1,9119,1,1,130.0,1,19,37,9,4,149.0,1,0,0,1,1,0,33,0,0,5,10,4,12.0,0,0,5,8,3,13.666666666666666,1,7.6,2.6,0.32,Enrolled,Low,Informatics Engineering
STD263075,2,2,1,9147,1,2,120.0,1,37,37,9,9,120.0,0,0,0,0,1,0,57,0,12,15,17,12,11.75,0,9,14,16,9,12.22222222222222,0,9.4,-0.8,-3.12,Dropout,High,Management
STD263076,1,1,1,9670,1,1,132.0,1,4,2,123,112,143.6,1,0,0,1,1,0,20,0,0,6,8,5,12.8,0,0,6,10,5,11.6,0,13.9,-0.3,0.79,Enrolled,Low,Advertising and Marketing Management
STD263077,1,39,1,9670,1,1,100.0,1,1,1,4,4,120.0,0,0,0,1,1,0,26,0,0,5,7,3,11.333333333333334,0,0,5,7,3,13.666666666666666,0,9.4,-0.8,-3.12,Dropout,Medium,Advertising and Marketing Management
STD263078,1,43,1,9119,1,1,130.0,1,1,1,9,2,128.0,0,0,1,0,1,0,27,0,0,5,5,0,0.0,0,0,5,7,0,0.0,0,13.9,-0.3,0.79,Enrolled,High,Informatics Engineering
STD263079,1,1,1,9670,1,1,129.0,1,1,37,4,9,118.2,0,0,0,1,1,0,19,0,0,5,5,5,10.8,0,0,5,5,4,12.25,0,9.4,-0.8,-3.12,Graduate,Low,Advertising and Marketing Management
STD263080,1,44,1,9085,1,39,160.0,1,12,38,4,8,160.0,1,0,0,1,1,0,23,0,1,6,10,5,12.5,0,1,6,8,2,13.5,0,12.4,0.5,1.79,Dropout,Low,Veterinary Nursing
STD263081,1,39,1,9991,0,1,120.0,1,19,38,5,5,152.4,0,0,0,1,1,0,27,0,0,5,5,5,15.2,0,0,5,6,5,14.166666666666666,0,10.8,1.4,1.74,Graduate,Low,Management (evening attendance)
STD263082,1,1,6,9500,1,1,122.0,1,19,37,3,5,116.6,1,0,1,1,1,1,20,0,0,7,7,7,13.314285714285717,0,0,8,8,8,12.575,0,12.4,0.5,1.79,Graduate,Low,Nursing
STD263083,1,18,1,9070,1,1,143.0,1,38,38,7,5,141.6,0,0,0,1,0,1,19,0,6,12,12,11,13.090909090909092,0,5,11,12,11,12.083333333333334,0,10.8,1.4,1.74,Graduate,Low,Communication Design
STD263084,1,1,1,9130,1,1,110.0,1,3,19,2,9,105.5,1,0,1,0,0,0,19,0,0,6,0,0,0.0,0,0,6,0,0,0.0,0,11.1,0.6,2.02,Dropout,High,Equinculture
STD263085,1,1,1,9070,1,1,124.0,1,37,19,9,3,116.3,1,0,0,1,0,0,20,0,0,6,8,5,12.2,0,0,6,6,6,11.5,0,16.2,0.3,-0.92,Graduate,Low,Communication Design
STD263086,2,7,1,9147,1,3,110.0,1,19,1,9,9,110.0,0,0,0,1,0,0,33,0,5,8,10,6,12.833333333333334,0,2,5,8,4,12.0,0,11.1,0.6,2.02,Enrolled,Low,Management
STD263087,1,43,1,9991,0,1,130.0,1,37,37,9,9,119.5,1,0,0,1,0,0,22,0,9,15,17,15,11.2,0,9,14,15,14,12.428571428571429,0,7.6,2.6,0.32,Graduate,Low,Management (evening attendance)
STD263088,1,1,6,9147,1,1,139.0,1,19,12,4,4,125.0,1,0,0,1,0,0,18,0,0,5,8,3,12.333333333333334,0,0,5,7,4,12.0,0,7.6,2.6,0.32,Graduate,Medium,Management
STD263089,5,39,1,9500,1,3,140.0,1,37,38,9,9,160.0,0,0,0,1,0,0,27,0,0,8,8,7,15.94285714285714,0,0,8,8,7,15.94285714285714,0,12.7,3.7,-1.7,Graduate,Low,Nursing
STD263090,1,39,1,9991,0,1,150.0,1,37,37,9,7,150.0,0,0,0,1,0,0,27,0,0,5,0,0,0.0,0,0,5,0,0,0.0,0,15.5,2.8,-4.06,Dropout,High,Management (evening attendance)
STD263091,1,1,1,9238,1,1,123.0,1,37,37,9,9,115.0,1,0,0,1,0,0,19,0,0,6,10,4,10.25,0,0,6,8,6,10.714285714285714,0,11.1,0.6,2.02,Graduate,Medium,Social Service
STD263092,1,17,1,9853,1,1,128.0,1,38,38,9,7,128.4,1,0,0,1,0,1,20,0,0,6,10,5,13.2,0,0,6,12,5,12.833333333333334,0,9.4,-0.8,-3.12,Enrolled,Low,Basic Education
STD263093,1,1,1,8014,0,1,100.0,1,38,19,6,10,112.8,0,0,0,1,0,1,23,0,0,6,6,6,14.166666666666666,0,0,6,6,6,12.5,0,12.7,3.7,-1.7,Graduate,Low,Social Service (evening attendance)
STD263094,1,43,1,9500,1,1,148.0,1,29,38,90,3,131.0,1,0,0,1,0,1,22,0,18,23,23,20,14.575,3,18,23,23,20,14.575,3,7.6,2.6,0.32,Graduate,Low,Nursing
STD263095,1,17,2,9254,1,1,130.0,1,19,19,7,7,121.6,1,0,0,1,0,1,18,0,0,6,9,1,10.0,1,0,6,6,0,0.0,0,12.7,3.7,-1.7,Dropout,High,Tourism
STD263096,1,1,4,9238,1,1,118.0,1,19,38,9,9,110.0,0,0,0,1,0,1,18,0,0,6,7,6,12.285714285714286,0,0,6,8,6,11.428571428571429,0,12.4,0.5,1.79,Graduate,Low,Social Service
STD263097,1,39,1,8014,0,1,120.0,1,38,38,9,9,148.5,0,0,0,1,0,1,31,0,0,6,6,6,14.0,0,0,6,6,6,12.333333333333334,0,10.8,1.4,1.74,Graduate,Low,Social Service (evening attendance)
STD263098,1,17,4,9773,1,1,119.0,1,38,19,9,9,118.3,0,0,0,1,0,0,19,0,0,6,8,4,11.25,0,0,6,0,0,0.0,0,15.5,2.8,-4.06,Dropout,Medium,Journalism and Communication
STD263099,1,1,1,9238,1,1,138.0,1,37,37,9,9,135.9,1,0,0,1,0,0,19,0,0,6,11,5,11.6,0,0,6,11,6,11.666666666666666,0,7.6,2.6,0.32,Enrolled,Low,Social Service
STD263100,1,17,1,8014,0,1,127.0,1,19,37,4,7,115.8,0,0,0,1,0,0,24,0,0,6,12,1,12.0,0,0,6,12,0,0.0,0,10.8,1.4,1.74,Dropout,High,Social Service (evening attendance)
STD263101,1,1,1,9500,1,1,134.0,1,38,19,3,10,121.2,0,0,0,1,0,0,19,0,0,7,10,7,13.47,0,0,8,8,8,13.32625,0,15.5,2.8,-4.06,Graduate,Low,Nursing
STD263102,1,17,4,9147,1,1,133.0,1,1,1,4,5,136.2,1,0,0,1,0,0,19,0,0,5,6,5,12.4,0,0,5,5,5,12.8,0,7.6,2.6,0.32,Graduate,Low,Management
STD263103,1,39,1,9670,1,1,133.1,1,37,37,9,9,100.2,1,0,0,0,0,0,26,0,0,6,9,3,11.75,0,0,6,11,4,11.5,3,16.2,0.3,-0.92,Dropout,High,Advertising and Marketing Management
STD263104,1,1,1,171,1,1,180.0,41,37,37,9,9,152.7,1,0,1,0,1,0,27,1,0,0,0,0,0.0,0,0,0,0,0,0.0,0,7.6,2.6,0.32,Dropout,High,Animation and Multimedia Design
STD263105,1,17,4,9238,1,1,129.0,1,19,19,4,7,123.1,1,0,0,1,0,0,19,0,0,6,7,6,12.0,0,0,6,7,6,12.428571428571429,0,11.1,0.6,2.02,Graduate,Low,Social Service
STD263106,2,39,1,9085,1,1,120.0,1,19,19,1,4,130.0,0,0,0,1,0,0,29,0,0,5,8,5,15.333333333333334,2,0,5,6,5,15.4,0,9.4,-0.8,-3.12,Dropout,Low,Veterinary Nursing
STD263107,1,1,6,9500,1,1,141.0,1,1,38,4,5,125.0,1,0,0,1,0,1,18,0,0,8,8,8,12.32,0,0,8,8,8,12.32,0,9.4,-0.8,-3.12,Graduate,Low,Nursing
STD263108,1,1,1,9500,1,1,118.0,1,1,19,9,10,113.1,1,0,0,1,0,0,19,0,0,7,7,7,13.79857142857143,0,0,8,8,8,14.75625,0,11.1,0.6,2.02,Graduate,Low,Nursing
STD263109,1,1,5,9773,1,1,127.0,1,38,1,4,5,121.1,1,0,0,1,0,0,18,0,0,6,6,6,13.166666666666666,0,0,6,6,6,12.5,0,15.5,2.8,-4.06,Enrolled,Low,Journalism and Communication
STD263110,1,1,1,9147,1,1,177.0,1,1,38,3,9,162.3,0,0,0,1,0,1,18,0,0,5,6,5,16.333333333333332,0,0,5,5,5,15.4,0,15.5,2.8,-4.06,Graduate,Low,Management
STD263111,1,42,1,171,1,1,132.0,1,1,1,1,4,132.0,1,0,0,1,0,0,19,0,0,0,0,0,0.0,0,0,0,0,0,0.0,0,12.7,3.7,-1.7,Dropout,High,Animation and Multimedia Design
STD263112,1,17,4,9500,1,1,133.0,1,4,4,4,4,130.7,1,0,0,1,0,0,19,0,0,7,7,7,14.757142857142856,0,0,8,9,8,15.366666666666667,0,12.4,0.5,1.79,Graduate,Low,Nursing
STD263113,1,17,4,9254,1,1,124.0,1,1,1,4,4,122.3,1,0,0,1,0,0,19,0,0,6,7,6,11.666666666666666,0,0,6,6,6,12.333333333333334,0,13.9,-0.3,0.79,Dropout,Low,Tourism
STD263114,1,1,1,9670,1,1,143.0,1,3,38,2,9,144.1,1,0,0,1,0,0,19,0,0,6,7,5,12.6,0,0,6,10,5,12.375,0,10.8,1.4,1.74,Enrolled,Low,Advertising and Marketing Management
STD263115,1,1,1,9773,1,1,128.0,1,1,19,9,7,118.2,0,0,0,1,0,0,19,0,0,6,6,6,11.666666666666666,0,0,6,6,6,11.5,0,12.7,3.7,-1.7,Graduate,Low,Journalism and Communication
STD263116,1,1,1,9238,1,1,138.0,1,19,38,5,8,133.5,0,0,0,1,0,1,19,0,0,6,6,6,15.0,0,0,6,6,6,13.333333333333334,0,8.9,1.4,3.51,Graduate,Low,Social Service
STD263117,1,1,5,9500,1,1,144.0,1,37,37,7,9,126.8,1,0,1,0,0,0,18,0,0,7,0,0,0.0,0,0,8,0,0,0.0,0,9.4,-0.8,-3.12,Dropout,High,Nursing
STD263118,1,1,4,9773,1,1,122.0,1,19,19,9,7,121.0,1,0,0,1,0,0,20,0,0,6,7,6,13.571428571428571,0,0,6,6,6,13.333333333333334,0,13.9,-0.3,0.79,Graduate,Low,Journalism and Communication
STD263119,1,17,1,9254,1,1,111.0,1,19,19,3,10,117.7,0,0,0,1,0,0,20,0,0,6,8,5,10.8,0,0,6,9,4,11.5,0,9.4,-0.8,-3.12,Graduate,Low,Tourism
STD263120,1,1,1,9085,1,1,133.1,1,38,37,1,1,115.0,1,0,0,1,0,0,21,0,0,5,8,3,11.333333333333334,1,0,5,8,3,13.333333333333334,0,12.7,3.7,-1.7,Enrolled,Medium,Veterinary Nursing
STD263121,2,1,1,9991,0,2,120.0,1,37,37,6,3,129.2,0,0,0,1,0,0,31,0,4,10,16,5,11.4,0,4,10,10,6,12.833333333333334,0,9.4,-0.8,-3.12,Dropout,Medium,Management (evening attendance)
STD263122,1,1,1,9556,1,1,135.0,1,37,38,7,9,125.8,0,0,0,1,0,1,20,0,0,7,14,7,10.642857142857142,0,0,8,8,8,11.55,0,12.7,3.7,-1.7,Graduate,Low,Oral Hygiene
STD263123,1,17,5,9670,1,1,125.0,1,19,30,7,7,118.4,1,0,0,1,0,1,19,0,0,5,8,3,10.5,0,0,5,6,4,11.75,1,7.6,2.6,0.32,Enrolled,Medium,Advertising and Marketing Management
STD263124,1,1,1,9500,1,1,147.0,1,38,38,9,9,142.0,1,0,0,1,0,0,18,0,0,7,7,6,14.65,0,0,7,7,6,14.65,0,7.6,2.6,0.32,Graduate,Low,Nursing
STD263125,1,17,3,9500,1,1,137.0,1,19,37,7,7,126.7,1,0,0,1,0,1,19,0,0,7,7,7,13.714285714285714,0,0,8,11,8,14.863636363636363,0,16.2,0.3,-0.92,Graduate,Low,Nursing
STD263126,1,43,1,9238,1,1,117.0,1,34,34,0,0,109.3,0,0,0,1,0,0,30,0,9,16,19,15,12.266666666666667,0,11,13,14,13,12.071428571428571,0,9.4,-0.8,-3.12,Graduate,Low,Social Service
STD263127,1,17,1,9238,1,1,126.0,1,37,19,9,8,116.9,1,0,0,1,0,0,21,0,0,6,11,6,10.375,0,0,6,12,3,11.666666666666666,0,12.7,3.7,-1.7,Enrolled,Low,Social Service
STD263128,1,18,1,9147,1,1,128.0,1,19,19,9,5,121.7,1,0,0,1,0,0,19,0,0,5,8,5,11.0,0,0,5,6,5,15.4,0,12.4,0.5,1.79,Graduate,Low,Management
STD263129,1,1,6,9147,1,1,115.0,1,1,37,4,9,117.1,1,0,1,1,0,0,22,0,0,5,5,5,13.8,0,0,5,5,5,13.0,0,7.6,2.6,0.32,Graduate,Low,Management
STD263130,1,1,1,9773,1,1,121.0,1,1,38,4,9,114.4,0,0,0,1,0,1,18,0,0,6,6,6,12.666666666666666,0,0,6,6,6,12.833333333333334,0,11.1,0.6,2.02,Graduate,Low,Journalism and Communication
STD263131,1,17,1,9238,1,1,134.0,1,3,1,3,4,133.0,1,0,0,1,0,0,18,0,0,6,8,6,11.75,0,0,6,10,5,12.0,0,12.7,3.7,-1.7,Graduate,Low,Social Service
STD263132,1,1,3,9500,1,1,126.0,1,38,38,9,8,118.8,1,0,0,1,0,1,19,0,0,8,8,7,12.785714285714286,0,0,8,8,7,12.785714285714286,0,12.7,3.7,-1.7,Graduate,Low,Nursing
STD263133,1,1,1,9130,1,1,151.0,1,3,1,2,4,151.0,1,0,0,1,0,0,18,0,0,6,11,6,14.444444444444445,0,0,6,6,6,13.333333333333334,0,16.2,0.3,-0.92,Graduate,Low,Equinculture
STD263134,1,1,6,9500,1,1,122.0,1,1,1,4,4,119.6,1,0,0,1,0,0,21,0,0,7,8,6,13.25,0,0,8,8,8,13.8375,0,13.9,-0.3,0.79,Enrolled,Low,Nursing
STD263135,1,17,1,9500,1,1,141.0,1,2,38,2,10,135.4,1,0,0,1,0,0,18,0,0,7,9,7,12.50625,0,0,8,15,5,13.2,0,13.9,-0.3,0.79,Enrolled,Low,Nursing
STD263136,1,1,1,171,1,1,138.0,1,1,40,4,3,149.9,1,0,0,1,0,0,20,0,0,0,0,0,0.0,0,0,0,0,0,0.0,0,11.1,0.6,2.02,Graduate,High,Animation and Multimedia Design
STD263137,1,1,1,9085,1,1,133.0,1,38,37,9,7,120.1,1,0,0,1,0,0,18,0,0,5,8,4,12.75,1,0,5,10,4,11.75,0,12.7,3.7,-1.7,Graduate,Low,Veterinary Nursing
STD263138,1,39,1,9085,1,3,150.0,1,2,3,4,7,173.3,1,0,0,1,0,0,25,0,1,6,7,6,16.857142857142858,0,1,6,6,6,16.5,0,13.9,-0.3,0.79,Graduate,Low,Veterinary Nursing
STD263139,1,1,1,9773,1,1,136.0,1,19,19,4,3,126.2,0,0,0,1,0,0,19,0,0,6,6,6,13.166666666666666,0,0,6,6,6,15.0,0,16.2,0.3,-0.92,Graduate,Low,Journalism and Communication
STD263140,1,1,1,9853,1,1,129.0,1,19,38,2,7,126.9,1,0,0,1,0,1,19,0,0,6,9,5,12.2,0,0,6,10,4,11.5,0,7.6,2.6,0.32,Enrolled,Low,Basic Education
STD263141,1,39,1,9085,1,1,128.0,1,19,1,9,10,157.4,1,0,0,1,0,0,26,0,0,6,7,6,16.5,0,0,6,8,6,14.285714285714286,0,8.9,1.4,3.51,Graduate,Low,Veterinary Nursing
STD263142,1,17,2,9147,1,1,131.0,1,1,19,4,5,120.2,1,0,0,1,0,0,21,0,0,5,10,4,11.75,0,0,5,6,5,11.6,0,12.4,0.5,1.79,Graduate,Low,Management
STD263143,1,1,1,9147,1,1,130.0,1,38,38,2,9,124.8,0,0,0,1,0,0,19,0,0,5,14,1,11.0,0,0,5,6,0,0.0,0,13.9,-0.3,0.79,Dropout,High,Management
STD263144,1,17,1,9500,1,1,150.0,1,37,37,9,9,130.3,0,0,0,1,0,1,19,0,0,8,8,7,15.114285714285714,0,0,8,8,7,15.114285714285714,0,12.7,3.7,-1.7,Graduate,Low,Nursing
STD263145,1,1,1,9238,1,1,165.0,1,37,38,9,8,152.4,1,0,0,1,0,1,18,0,0,6,8,6,15.5,0,0,6,7,6,14.285714285714286,0,16.2,0.3,-0.92,Graduate,Low,Social Service
STD263146,2,43,1,9991,0,1,133.1,1,37,37,9,7,113.5,0,0,0,1,0,1,32,0,3,10,12,7,11.142857142857142,0,4,10,10,8,12.0,0,10.8,1.4,1.74,Graduate,Medium,Management (evening attendance)
STD263147,1,1,1,9238,1,1,126.0,1,3,1,5,5,125.7,0,0,0,1,0,1,18,0,0,6,6,6,11.333333333333334,0,0,6,8,6,11.333333333333334,0,15.5,2.8,-4.06,Graduate,Low,Social Service
STD263148,1,1,5,9500,1,1,101.0,1,1,1,3,4,102.4,0,0,0,1,0,0,20,0,0,7,9,5,12.04,0,0,7,9,6,11.77142857142857,0,12.4,0.5,1.79,Enrolled,Medium,Nursing
STD263149,1,17,3,9147,1,1,125.0,1,38,19,7,7,125.7,0,0,0,1,0,0,20,0,0,5,7,5,11.166666666666666,0,0,5,9,4,10.75,0,15.5,2.8,-4.06,Enrolled,Low,Management
STD263150,4,39,1,9670,1,1,100.0,1,37,37,4,10,120.0,0,0,1,1,0,1,39,0,0,5,6,5,10.6,0,0,5,7,4,10.75,0,9.4,-0.8,-3.12,Graduate,Low,Advertising and Marketing Management
STD263151,1,1,1,9130,1,1,117.0,1,1,1,9,9,109.3,1,0,0,1,0,0,20,0,0,5,10,4,12.5,0,0,5,12,2,13.0,0,12.7,3.7,-1.7,Enrolled,Low,Equinculture
STD263152,1,1,1,171,1,1,159.0,1,3,1,4,4,162.2,1,0,1,0,0,0,18,0,0,0,0,0,0.0,0,0,0,0,0,0.0,0,12.4,0.5,1.79,Dropout,High,Animation and Multimedia Design
STD263153,1,17,1,9773,1,1,177.0,1,2,1,123,135,155.7,0,0,1,1,0,1,18,0,0,6,6,6,15.666666666666666,0,0,6,6,6,13.833333333333334,0,8.9,1.4,3.51,Graduate,Low,Journalism and Communication
STD263154,1,1,1,171,1,1,156.0,1,3,3,2,2,147.7,1,0,0,1,0,0,21,0,6,12,12,12,15.333333333333334,0,4,11,15,11,15.0,0,8.9,1.4,3.51,Graduate,Low,Animation and Multimedia Design
STD263155,1,1,5,9500,1,1,125.0,1,1,1,3,8,115.6,1,0,0,1,0,0,18,0,0,7,9,6,12.183333333333332,0,0,7,9,6,11.783333333333331,0,16.2,0.3,-0.92,Enrolled,Low,Nursing
STD263156,1,1,2,9147,1,1,130.0,1,37,37,9,9,117.8,0,0,0,1,0,0,18,0,0,5,8,2,10.0,0,0,5,9,3,11.333333333333334,0,7.6,2.6,0.32,Enrolled,High,Management
STD263157,1,43,1,9003,1,1,125.0,1,1,38,4,7,125.0,1,0,0,1,0,0,21,0,9,14,23,9,12.0,2,6,12,21,8,11.25,0,15.5,2.8,-4.06,Graduate,Medium,Agronomy
STD263158,1,1,1,9147,1,1,127.0,1,19,19,5,5,129.8,1,0,0,1,0,0,22,0,0,5,8,3,10.333333333333334,0,0,5,11,2,10.0,0,7.6,2.6,0.32,Dropout,Medium,Management
STD263159,1,17,1,9254,1,1,121.0,1,1,1,4,4,123.1,1,0,0,1,1,0,21,0,0,6,11,6,11.166666666666666,0,0,6,14,3,14.666666666666666,0,7.6,2.6,0.32,Enrolled,Low,Tourism
STD263160,1,43,1,9070,1,1,135.0,1,19,19,9,9,122.8,1,0,0,1,1,1,20,0,0,6,8,3,11.0,0,0,6,8,2,11.333333333333334,0,10.8,1.4,1.74,Enrolled,Medium,Communication Design
STD263161,1,1,2,171,1,1,125.0,1,38,19,9,9,117.3,1,0,0,1,1,1,21,0,0,0,0,0,0.0,0,0,0,0,0,0.0,0,10.8,1.4,1.74,Graduate,High,Animation and Multimedia Design
STD263162,1,1,1,9254,1,1,138.0,41,1,1,9,9,126.5,1,0,0,1,0,1,20,1,0,6,7,6,12.857142857142858,0,0,6,8,5,11.8,0,8.9,1.4,3.51,Graduate,Low,Tourism
STD263163,1,1,4,9500,1,1,136.0,1,19,38,9,9,123.0,1,0,0,1,0,0,19,0,0,8,8,7,14.328571428571427,0,0,8,8,7,14.328571428571427,0,10.8,1.4,1.74,Graduate,Low,Nursing
STD263164,1,1,1,9238,1,1,142.0,1,1,38,5,7,127.7,0,0,0,1,0,1,20,0,0,6,7,6,15.0,0,0,6,6,6,16.333333333333332,0,13.9,-0.3,0.79,Graduate,Low,Social Service
STD263165,1,1,1,9085,1,1,129.0,1,19,37,9,9,117.5,1,0,0,1,0,0,19,0,0,5,9,5,13.6,1,0,5,5,5,12.4,0,12.7,3.7,-1.7,Graduate,Low,Veterinary Nursing
STD263166,1,1,1,9085,1,1,134.0,1,1,1,2,7,128.4,1,0,0,1,0,1,18,0,0,5,12,5,12.857142857142858,2,0,5,8,4,13.25,0,9.4,-0.8,-3.12,Graduate,Low,Veterinary Nursing
STD263167,1,17,2,9853,1,1,123.0,1,3,1,2,3,124.1,1,0,0,1,0,0,18,0,0,6,7,2,14.5,0,0,6,6,1,10.0,0,15.5,2.8,-4.06,Dropout,High,Basic Education
STD263168,1,39,1,9991,0,1,150.0,1,19,38,9,8,140.9,0,1,0,1,0,0,24,0,0,5,7,3,10.666666666666666,0,0,5,7,3,10.5,0,10.8,1.4,1.74,Dropout,Medium,Management (evening attendance)
STD263169,1,1,1,9254,1,1,129.0,1,1,1,4,2,126.2,0,0,1,0,0,1,21,0,0,6,7,6,13.428571428571429,0,0,6,8,6,11.333333333333334,0,8.9,1.4,3.51,Dropout,High,Tourism
STD263170,1,1,3,9500,1,1,134.0,1,1,37,8,7,120.5,1,0,0,1,1,1,18,0,0,7,12,7,11.716666666666663,0,0,8,13,4,10.868,0,15.5,2.8,-4.06,Graduate,Low,Nursing
STD263171,1,17,1,9147,1,1,127.0,1,1,37,4,8,121.1,1,0,0,1,1,1,20,0,0,5,11,4,12.0,0,0,5,5,5,12.8,0,11.1,0.6,2.02,Graduate,Low,Management
STD263172,1,18,2,9853,1,1,123.0,1,1,3,9,2,123.7,1,0,1,0,0,0,20,0,0,6,11,5,13.2,0,0,6,8,4,10.75,0,10.8,1.4,1.74,Dropout,High,Basic Education
STD263173,1,17,3,9254,1,1,127.0,1,12,38,5,7,116.9,1,0,1,1,0,0,18,0,0,6,7,5,12.2,0,0,6,10,4,12.25,0,12.4,0.5,1.79,Dropout,Low,Tourism
STD263174,1,39,1,9556,1,1,133.1,1,38,19,9,6,100.0,1,0,0,1,0,1,25,0,0,7,11,5,12.58,0,0,7,9,6,12.157142857142857,0,8.9,1.4,3.51,Graduate,Medium,Oral Hygiene
STD263175,1,17,5,9238,1,1,131.0,1,19,37,5,7,120.2,1,0,0,1,0,1,19,0,0,6,9,5,11.333333333333334,0,0,6,6,6,10.833333333333334,0,13.9,-0.3,0.79,Enrolled,Low,Social Service
STD263176,2,39,1,33,1,1,120.0,1,38,1,9,5,153.8,0,0,1,1,1,0,35,0,0,7,9,0,0.0,0,0,7,8,0,0.0,0,11.1,0.6,2.02,Dropout,High,Biofuel Production Technologies
STD263177,1,1,4,9500,1,1,133.0,1,19,19,9,5,120.1,1,0,0,1,0,1,19,0,0,7,9,6,12.428571428571429,0,0,8,8,8,14.0,0,13.9,-0.3,0.79,Graduate,Low,Nursing
STD263178,1,1,1,9670,1,1,133.0,1,38,38,9,9,128.1,1,0,0,1,1,1,18,0,0,6,6,6,13.0,0,0,6,6,6,13.0,0,13.9,-0.3,0.79,Dropout,Low,Advertising and Marketing Management
STD263179,1,1,1,9500,1,1,143.0,1,3,19,3,10,126.8,0,0,0,1,1,0,19,0,0,8,8,7,14.535714285714286,0,0,8,8,7,14.535714285714286,0,10.8,1.4,1.74,Graduate,Low,Nursing
STD263180,1,43,1,9500,1,1,140.0,1,19,38,9,7,125.7,1,0,0,1,1,1,19,0,0,7,8,5,11.2,0,0,7,8,5,11.2,0,7.6,2.6,0.32,Enrolled,Medium,Nursing
STD263181,1,17,1,9070,1,1,157.0,1,3,3,3,3,146.2,0,0,0,1,1,0,18,0,0,6,6,6,16.0,0,0,6,6,6,13.666666666666666,0,12.4,0.5,1.79,Graduate,Low,Communication Design
STD263182,1,39,1,9130,1,19,133.1,1,19,3,9,2,140.0,1,0,1,1,1,0,24,0,0,6,13,5,13.142857142857142,0,0,6,15,3,12.666666666666666,0,16.2,0.3,-0.92,Dropout,Low,Equinculture
STD263183,1,43,1,8014,0,1,145.0,6,34,34,0,0,134.5,1,0,0,1,1,0,25,1,8,14,23,11,11.6875,0,6,10,20,8,11.142857142857142,0,9.4,-0.8,-3.12,Graduate,Low,Social Service (evening attendance)
STD263184,1,39,1,9119,1,1,130.0,1,37,3,9,3,137.0,1,0,0,1,1,0,28,0,0,5,11,4,10.5,0,0,5,12,4,11.0,4,7.6,2.6,0.32,Enrolled,Low,Informatics Engineering
STD263185,1,1,1,9085,1,1,111.0,1,1,38,5,9,107.5,0,0,0,1,1,1,19,0,0,6,9,6,13.833333333333334,0,0,6,12,5,13.666666666666666,0,11.1,0.6,2.02,Graduate,Low,Veterinary Nursing
STD263186,1,17,2,9119,1,1,116.0,1,19,1,9,7,112.2,0,0,0,1,1,0,19,0,0,5,0,0,0.0,0,0,5,0,0,0.0,0,16.2,0.3,-0.92,Dropout,High,Informatics Engineering
STD263187,1,39,1,9130,1,10,133.1,1,12,36,90,90,128.2,0,0,0,0,1,1,30,0,0,5,13,0,0.0,3,0,5,5,0,0.0,5,9.4,-0.8,-3.12,Dropout,High,Equinculture
STD263188,1,1,1,9500,1,1,135.0,1,19,19,4,5,126.8,1,0,0,1,1,0,19,0,0,7,9,0,0.0,0,0,7,8,0,0.0,0,15.5,2.8,-4.06,Dropout,High,Nursing
STD263189,1,17,1,9147,1,1,145.0,1,19,38,4,4,132.1,1,0,0,1,1,0,21,0,0,5,10,1,10.0,0,0,5,5,0,0.0,0,11.1,0.6,2.02,Dropout,High,Management
STD263190,1,1,1,171,1,1,118.0,1,37,37,3,5,110.0,0,0,0,1,1,0,19,0,0,0,0,0,0.0,0,0,0,0,0,0.0,0,13.9,-0.3,0.79,Dropout,High,Animation and Multimedia Design
STD263191,1,39,1,9003,1,1,130.0,1,19,19,9,5,100.0,0,0,0,0,1,0,29,0,0,6,9,0,0.0,0,0,6,6,0,0.0,0,13.9,-0.3,0.79,Dropout,High,Agronomy
STD263192,1,1,1,9670,1,1,115.0,1,19,37,9,9,114.3,0,0,0,1,1,0,18,0,0,6,7,4,12.6,0,0,6,6,4,13.0,0,12.4,0.5,1.79,Dropout,Medium,Advertising and Marketing Management
STD263193,1,1,2,9147,1,1,122.0,1,1,38,4,5,116.4,0,0,0,1,1,0,21,0,0,5,10,3,11.25,0,0,5,9,3,11.0,0,15.5,2.8,-4.06,Enrolled,Medium,Management
STD263194,1,42,1,9070,1,1,120.0,1,3,2,3,1,116.9,0,0,0,1,1,0,20,0,6,7,13,7,12.375,0,4,7,8,4,11.25,0,13.9,-0.3,0.79,Dropout,Low,Communication Design
STD263195,1,51,1,9991,0,1,120.0,1,38,3,5,3,128.2,0,0,1,1,1,0,24,0,3,10,15,7,10.714285714285714,0,3,10,11,9,12.555555555555555,0,12.4,0.5,1.79,Enrolled,Medium,Management (evening attendance)
STD263196,1,17,2,9773,1,1,120.0,1,1,1,2,5,127.0,1,0,0,0,1,0,18,0,0,6,6,0,0.0,0,0,6,0,0,0.0,0,8.9,1.4,3.51,Dropout,High,Journalism and Communication
STD263197,1,42,1,9003,1,1,140.0,1,1,3,4,2,140.0,1,0,0,1,1,0,23,0,0,6,14,5,12.0,0,0,6,12,5,12.142857142857142,0,15.5,2.8,-4.06,Enrolled,Low,Agronomy
STD263198,1,1,6,9147,1,1,127.0,1,1,19,1,6,120.0,1,0,0,1,1,0,19,0,0,5,6,5,12.6,0,0,5,8,3,12.666666666666666,0,8.9,1.4,3.51,Graduate,Low,Management
STD263199,1,7,1,9254,1,3,110.0,1,19,19,3,3,110.0,0,0,0,1,1,0,35,0,0,6,7,0,0.0,0,0,6,6,0,0.0,0,16.2,0.3,-0.92,Dropout,High,Tourism
STD263200,1,1,1,9500,1,1,148.0,1,1,1,9,9,127.0,1,0,0,1,1,0,20,0,0,8,8,7,12.84142857142857,0,0,8,8,7,12.84142857142857,0,10.8,1.4,1.74,Graduate,Low,Nursing
STD263201,2,39,1,9238,1,42,170.0,1,19,38,8,8,159.5,0,0,0,1,1,0,33,0,0,6,6,0,0.0,0,0,5,5,0,0.0,0,8.9,1.4,3.51,Dropout,High,Social Service
STD263202,1,1,1,9773,1,1,146.0,1,1,3,4,1,135.2,1,0,0,1,1,0,18,0,0,6,7,6,14.166666666666666,0,0,6,6,6,12.833333333333334,0,9.4,-0.8,-3.12,Graduate,Low,Journalism and Communication
STD263203,1,1,1,9773,1,1,127.0,1,5,3,4,4,122.8,1,0,0,1,1,0,20,0,0,6,7,6,12.166666666666666,0,0,6,9,3,12.0,0,12.4,0.5,1.79,Enrolled,Low,Journalism and Communication
STD263204,1,17,1,9773,1,1,125.0,1,3,3,2,3,118.0,1,0,0,1,1,0,19,0,0,6,12,4,10.8,0,0,6,14,3,11.0,0,13.9,-0.3,0.79,Dropout,Medium,Journalism and Communication
STD263205,1,17,5,9773,1,1,139.0,1,38,1,4,4,123.6,1,0,0,1,1,0,18,0,0,6,6,6,13.0,0,0,6,12,0,0.0,0,7.6,2.6,0.32,Dropout,Low,Journalism and Communication
STD263206,1,39,1,9991,0,1,133.1,1,37,37,7,9,111.0,0,0,0,0,1,0,28,0,0,5,0,0,0.0,0,0,5,0,0,0.0,0,8.9,1.4,3.51,Dropout,High,Management (evening attendance)
STD263207,1,1,1,9147,1,1,146.0,1,5,1,1,5,144.6,0,0,0,1,1,0,18,0,0,5,5,5,13.0,0,0,5,6,5,13.333333333333334,0,16.2,0.3,-0.92,Graduate,Low,Management
STD263208,1,1,1,9773,1,1,109.0,1,2,3,3,3,111.8,1,0,1,1,1,0,25,0,0,6,8,6,11.571428571428571,0,0,6,9,6,11.571428571428571,0,15.5,2.8,-4.06,Dropout,Low,Journalism and Communication
STD263209,1,1,1,9238,1,1,135.0,1,1,38,4,6,122.1,0,1,1,0,1,0,19,0,0,6,6,4,11.5,0,0,6,6,5,11.0,0,8.9,1.4,3.51,Dropout,High,Social Service
STD263210,1,18,2,9070,1,1,122.0,1,38,19,5,5,119.9,0,0,0,1,1,0,18,0,0,6,8,5,11.0,0,0,6,6,4,10.75,0,9.4,-0.8,-3.12,Graduate,Low,Communication Design
STD263211,1,7,1,9003,1,3,130.0,1,3,3,6,2,130.0,1,0,0,1,1,0,29,0,1,6,10,6,17.11111111111111,0,2,6,9,6,15.571428571428571,0,13.9,-0.3,0.79,Graduate,Low,Agronomy
STD263212,1,1,1,171,1,1,124.0,1,2,2,3,2,118.4,1,0,0,1,1,0,18,0,0,0,0,0,0.0,0,0,0,0,0,0.0,0,7.6,2.6,0.32,Enrolled,High,Animation and Multimedia Design
STD263213,1,1,1,9254,1,1,115.0,1,3,2,4,5,112.6,0,0,0,1,1,1,20,0,0,6,9,6,12.571428571428571,0,0,6,6,6,12.166666666666666,0,8.9,1.4,3.51,Graduate,Low,Tourism
STD263214,1,44,1,9003,1,39,150.0,1,3,19,2,6,150.0,0,0,0,1,1,0,20,0,0,6,6,0,0.0,0,0,6,8,0,0.0,0,15.5,2.8,-4.06,Dropout,High,Agronomy
STD263215,1,1,4,9070,1,1,170.0,1,3,3,2,2,165.8,1,0,0,1,1,0,18,0,0,6,7,6,14.5,0,0,6,6,6,15.166666666666666,0,9.4,-0.8,-3.12,Graduate,Low,Communication Design
STD263216,1,1,6,9254,1,1,102.0,1,3,1,2,2,101.7,1,0,0,1,1,1,21,0,0,6,6,6,13.5,0,0,6,6,6,12.333333333333334,0,12.4,0.5,1.79,Graduate,Low,Tourism
STD263217,1,17,2,9254,1,1,140.0,1,3,3,2,2,124.3,0,0,0,0,1,0,18,0,0,6,9,5,11.2,0,0,6,14,2,10.0,0,9.4,-0.8,-3.12,Dropout,High,Tourism
STD263218,1,1,5,9119,1,1,135.0,1,37,37,90,90,122.1,1,0,0,1,1,0,20,0,0,5,10,3,10.666666666666666,0,0,5,5,4,12.25,0,7.6,2.6,0.32,Graduate,Medium,Informatics Engineering
STD263219,1,43,1,8014,0,1,148.0,1,37,37,9,9,134.7,0,0,0,1,0,0,23,0,9,13,15,9,11.0,0,4,11,12,7,11.571428571428571,0,15.5,2.8,-4.06,Enrolled,Medium,Social Service (evening attendance)
STD263220,1,39,1,9991,0,1,140.0,1,1,37,9,8,154.5,0,0,0,1,0,0,26,0,0,1,2,0,0.0,0,0,5,8,0,0.0,0,16.2,0.3,-0.92,Dropout,High,Management (evening attendance)
STD263221,1,17,3,9670,1,1,147.0,1,37,37,8,8,128.8,0,0,1,1,0,0,19,0,0,5,5,1,10.0,0,0,5,5,0,0.0,0,9.4,-0.8,-3.12,Dropout,High,Advertising and Marketing Management
STD263222,1,39,1,9556,1,1,140.0,1,37,38,9,9,106.0,1,0,1,0,0,1,24,0,0,7,14,5,12.36,0,1,8,15,5,12.0,0,8.9,1.4,3.51,Dropout,High,Oral Hygiene
STD263223,1,1,1,9670,1,1,157.0,1,19,38,9,7,146.2,1,0,0,1,0,1,20,0,0,6,8,6,15.25,0,0,6,7,6,14.714285714285714,0,11.1,0.6,2.02,Graduate,Low,Advertising and Marketing Management
STD263224,1,17,1,9991,0,1,120.0,1,38,3,9,3,116.9,1,0,1,0,0,0,26,0,0,5,5,0,0.0,0,0,5,6,0,0.0,0,10.8,1.4,1.74,Dropout,High,Management (evening attendance)
STD263225,1,39,1,9147,1,12,133.1,1,19,37,7,9,118.2,0,0,0,1,0,0,31,0,0,5,8,1,13.0,2,0,5,9,4,12.25,0,10.8,1.4,1.74,Dropout,High,Management
STD263226,2,43,1,9500,1,1,140.0,1,37,37,9,10,105.7,1,0,0,1,0,0,27,0,0,8,8,8,13.81375,0,0,8,8,8,13.81375,0,9.4,-0.8,-3.12,Graduate,Low,Nursing
STD263227,1,1,1,9085,1,1,130.0,1,19,38,9,9,126.9,0,0,1,1,0,0,24,0,0,6,8,6,13.285714285714286,0,0,6,13,6,12.875,0,11.1,0.6,2.02,Graduate,Low,Veterinary Nursing
STD263228,1,44,1,9085,1,39,150.0,1,19,38,194,193,150.0,1,0,0,1,0,0,23,0,0,6,11,4,11.5,0,0,6,12,4,12.2,0,8.9,1.4,3.51,Enrolled,Medium,Veterinary Nursing
STD263229,1,1,2,9500,1,1,115.0,1,38,38,9,8,108.4,1,0,0,1,0,1,20,0,0,7,8,7,11.9625,0,0,8,9,8,13.044444444444444,0,13.9,-0.3,0.79,Graduate,Low,Nursing
STD263230,1,1,6,9500,1,1,118.0,1,38,38,5,5,114.2,1,0,0,1,0,0,20,0,0,7,9,6,13.683333333333332,0,0,8,11,6,13.116666666666667,0,11.1,0.6,2.02,Graduate,Low,Nursing
STD263231,1,39,1,9500,1,1,130.0,1,38,1,9,4,140.0,1,0,0,1,0,0,24,0,0,8,8,7,14.985714285714286,0,0,8,8,7,14.985714285714286,0,12.7,3.7,-1.7,Graduate,Low,Nursing
STD263232,2,39,1,9147,1,1,130.0,1,37,37,9,9,142.5,0,0,0,1,0,0,39,0,0,5,8,4,11.25,0,0,5,8,4,11.5,0,11.1,0.6,2.02,Enrolled,Low,Management
STD263233,1,1,2,9773,1,1,130.0,1,19,38,3,9,126.5,1,0,0,1,0,0,18,0,0,6,8,4,12.5,0,0,6,6,5,12.6,0,12.7,3.7,-1.7,Graduate,Medium,Journalism and Communication
STD263234,1,17,3,9085,1,1,120.0,1,37,38,9,9,111.3,0,0,0,1,0,0,20,0,0,6,0,0,0.0,0,0,6,0,0,0.0,0,11.1,0.6,2.02,Dropout,High,Veterinary Nursing
STD263235,1,1,2,9500,1,1,130.0,1,1,1,4,3,125.1,1,0,0,1,0,0,18,0,0,7,10,7,13.78,0,0,8,10,8,13.661,0,15.5,2.8,-4.06,Graduate,Low,Nursing
STD263236,1,1,2,9500,1,1,141.0,1,37,37,9,7,126.3,1,0,0,1,0,0,19,0,0,7,10,7,13.805,0,0,8,8,8,14.2725,0,15.5,2.8,-4.06,Graduate,Low,Nursing
STD263237,1,17,1,9085,1,1,138.0,1,1,19,4,9,142.2,1,0,0,1,0,0,18,0,0,5,7,5,13.8,0,0,5,5,5,12.6,0,10.8,1.4,1.74,Graduate,Low,Veterinary Nursing
STD263238,1,1,1,9670,1,1,113.0,1,37,19,9,9,110.2,1,0,0,1,0,0,22,0,0,5,7,3,12.666666666666666,0,0,5,6,4,12.0,0,7.6,2.6,0.32,Enrolled,Medium,Advertising and Marketing Management
STD263239,1,17,4,9500,1,1,135.0,1,1,1,4,4,127.0,1,0,0,1,0,0,18,0,0,7,7,7,14.424285714285714,0,0,8,8,8,13.9375,0,11.1,0.6,2.02,Graduate,Low,Nursing
STD263240,1,1,1,9238,1,1,137.0,1,3,1,4,9,128.6,0,0,0,1,0,1,18,0,0,6,7,6,13.166666666666666,0,0,6,6,6,12.5,0,12.4,0.5,1.79,Graduate,Low,Social Service
STD263241,4,39,1,9991,0,1,133.1,1,37,37,9,9,130.4,0,0,0,1,0,0,30,0,0,5,10,3,10.666666666666666,0,0,5,8,5,10.4,0,12.7,3.7,-1.7,Enrolled,Medium,Management (evening attendance)
STD263242,2,43,1,9238,1,12,100.0,1,37,37,9,9,134.4,0,0,0,1,0,0,34,0,9,16,20,14,12.071428571428571,1,11,13,13,11,12.272727272727272,0,7.6,2.6,0.32,Graduate,Low,Social Service
STD263243,1,39,1,8014,0,19,133.1,1,37,37,9,9,100.0,0,0,0,1,0,0,38,0,0,6,10,3,10.25,0,0,6,7,1,12.0,0,13.9,-0.3,0.79,Dropout,Medium,Social Service (evening attendance)
STD263244,1,1,1,9500,1,1,142.0,1,37,19,7,7,133.0,1,0,0,1,0,1,19,0,0,8,8,8,14.11,0,0,8,8,8,14.11,0,9.4,-0.8,-3.12,Graduate,Low,Nursing
STD263245,1,17,3,9853,1,1,140.0,1,38,38,5,7,126.7,1,0,0,1,0,0,19,0,0,6,9,5,12.4,0,0,6,10,3,10.666666666666666,0,10.8,1.4,1.74,Dropout,Low,Basic Education
STD263246,1,43,1,9773,1,1,129.0,1,1,1,4,8,129.0,0,0,0,0,0,0,21,0,0,6,7,6,12.0,0,0,6,6,6,12.0,0,10.8,1.4,1.74,Dropout,High,Journalism and Communication
STD263247,1,17,1,9773,1,1,141.0,1,2,3,2,2,133.7,1,0,0,1,0,1,18,0,0,6,6,6,14.833333333333334,0,0,6,6,6,13.5,0,11.1,0.6,2.02,Graduate,Low,Journalism and Communication
STD263248,1,17,5,9085,1,1,118.0,1,1,38,4,7,122.2,1,0,0,1,0,1,20,0,0,6,7,6,15.428571428571429,0,0,6,7,6,13.5,0,13.9,-0.3,0.79,Graduate,Low,Veterinary Nursing
STD263249,1,17,5,9147,1,1,131.0,1,37,38,5,5,128.9,0,0,0,1,0,1,18,0,0,5,7,5,11.6,0,0,5,11,5,11.4,4,16.2,0.3,-0.92,Graduate,Low,Management
STD263250,1,1,3,9070,1,1,161.0,1,38,37,5,5,154.4,1,0,0,1,0,0,18,0,0,6,6,6,14.166666666666666,0,0,6,6,6,14.0,0,16.2,0.3,-0.92,Graduate,Low,Communication Design
STD263251,1,7,1,9556,1,2,130.0,1,37,37,9,9,130.0,1,0,0,1,0,1,36,0,0,7,9,1,9.8,0,0,7,7,0,0.0,0,12.7,3.7,-1.7,Dropout,High,Oral Hygiene
STD263252,1,17,4,9147,1,1,121.0,1,38,37,6,7,113.0,1,0,0,1,0,1,18,0,0,5,12,4,10.714285714285714,0,0,5,9,4,11.0,0,13.9,-0.3,0.79,Graduate,Low,Management
STD263253,1,43,1,9130,1,6,133.1,1,1,29,4,90,123.3,1,0,0,1,0,1,21,0,0,5,7,0,0.0,0,0,5,5,0,0.0,0,7.6,2.6,0.32,Dropout,High,Equinculture
STD263254,1,44,1,9130,1,39,130.0,1,1,3,9,2,130.0,1,0,1,1,0,1,21,0,1,6,13,3,12.333333333333334,0,1,6,12,1,13.0,0,13.9,-0.3,0.79,Dropout,Medium,Equinculture
STD263255,1,15,1,9085,1,1,133.1,41,3,3,4,2,101.3,0,0,0,1,0,0,18,1,0,6,13,6,13.0,0,0,6,15,6,12.25,0,11.1,0.6,2.02,Graduate,Low,Veterinary Nursing
STD263256,1,17,6,9670,1,1,120.0,1,1,14,4,5,113.7,1,0,0,1,0,0,18,0,0,5,7,4,11.4,0,0,5,5,4,11.25,0,9.4,-0.8,-3.12,Graduate,Low,Advertising and Marketing Management
STD263257,1,1,2,9500,1,1,140.0,1,38,38,9,7,138.8,1,0,0,1,0,0,19,0,0,7,7,6,12.766666666666666,0,0,7,7,6,12.766666666666666,0,7.6,2.6,0.32,Graduate,Low,Nursing
STD263258,2,39,1,9003,1,19,133.1,1,37,19,9,4,140.0,0,0,1,1,0,0,29,0,0,6,11,5,12.6,0,0,6,6,6,12.666666666666666,0,11.1,0.6,2.02,Graduate,Low,Agronomy
STD263259,1,44,1,9147,1,39,130.0,1,19,1,9,3,130.0,0,0,0,1,0,1,20,0,4,7,8,7,13.0,0,2,5,5,5,13.4,0,11.1,0.6,2.02,Graduate,Low,Management
STD263260,1,17,2,9500,1,1,140.0,1,37,37,9,9,132.5,1,0,0,1,0,0,18,0,0,7,7,6,14.316666666666668,0,0,7,7,6,14.316666666666668,0,7.6,2.6,0.32,Graduate,Low,Nursing
STD263261,1,1,1,9085,1,1,124.0,1,2,1,4,10,117.4,1,0,0,1,0,0,19,0,0,5,7,4,12.75,0,0,5,5,5,12.0,0,10.8,1.4,1.74,Graduate,Low,Veterinary Nursing
STD263262,1,1,3,9147,1,1,115.0,1,1,38,3,8,109.8,1,0,0,1,0,1,19,0,0,5,5,5,13.4,0,0,5,5,5,12.6,0,8.9,1.4,3.51,Graduate,Low,Management
STD263263,1,39,1,8014,0,1,100.0,1,12,5,9,4,116.5,0,0,1,0,0,0,37,0,0,6,6,0,0.0,0,0,5,5,0,0.0,0,8.9,1.4,3.51,Dropout,High,Social Service (evening attendance)
STD263264,1,1,2,9085,1,1,162.0,1,37,1,9,9,165.2,1,0,0,1,0,1,18,0,0,5,6,4,15.75,0,0,5,5,5,13.8,0,10.8,1.4,1.74,Graduate,Low,Veterinary Nursing
STD263265,1,1,1,9853,1,1,121.0,1,19,19,7,7,113.0,1,0,0,1,0,0,21,0,0,6,9,5,12.4,0,0,6,11,1,11.0,0,12.7,3.7,-1.7,Dropout,Low,Basic Education
STD263266,1,17,1,9238,1,1,125.0,1,1,38,144,181,123.3,0,0,0,1,0,1,19,0,0,6,8,6,11.5,0,0,6,7,6,12.333333333333334,0,12.4,0.5,1.79,Graduate,Low,Social Service
STD263267,1,17,2,9670,1,1,123.0,1,3,1,3,1,116.7,0,0,0,1,0,0,19,0,0,5,5,5,13.4,0,0,5,5,5,14.0,0,9.4,-0.8,-3.12,Graduate,Low,Advertising and Marketing Management
STD263268,2,39,1,9991,0,39,140.0,1,38,19,9,5,110.0,0,0,0,1,0,1,35,0,0,5,9,3,11.666666666666666,0,0,5,7,5,11.8,0,12.7,3.7,-1.7,Enrolled,Medium,Management (evening attendance)
STD263269,2,39,1,9500,1,1,133.1,1,37,38,9,8,118.9,0,0,0,1,0,0,30,0,0,7,0,0,0.0,0,0,8,0,0,0.0,0,13.9,-0.3,0.79,Dropout,High,Nursing
STD263270,1,43,2,9773,1,1,120.0,1,34,34,0,0,103.6,1,0,0,1,0,0,27,0,4,8,11,7,13.285714285714286,0,4,7,13,5,11.6,0,9.4,-0.8,-3.12,Dropout,Low,Journalism and Communication
STD263271,2,1,1,9254,1,1,136.0,1,37,37,9,9,122.7,0,0,0,1,0,1,45,0,0,6,10,4,11.5,0,0,6,16,2,10.5,0,7.6,2.6,0.32,Dropout,Medium,Tourism
STD263272,2,39,1,8014,0,1,133.1,1,38,38,9,9,113.5,0,0,0,1,0,1,50,0,3,9,11,8,13.25,0,2,7,8,7,11.714285714285714,0,12.7,3.7,-1.7,Graduate,Low,Social Service (evening attendance)
STD263273,4,42,1,9147,1,1,110.0,1,37,37,9,9,128.2,0,0,0,1,0,0,41,0,8,14,24,11,12.25,3,5,10,12,10,13.4,0,9.4,-0.8,-3.12,Graduate,Low,Management
STD263274,1,43,1,9500,1,1,120.0,1,37,37,9,6,120.0,1,0,0,1,0,0,26,0,0,7,8,6,12.0,0,0,7,8,6,12.0,0,7.6,2.6,0.32,Enrolled,Low,Nursing
STD263275,1,39,1,9003,1,19,133.1,1,37,37,9,9,130.0,0,0,0,1,0,0,44,0,0,6,10,1,12.0,0,0,6,6,0,0.0,0,11.1,0.6,2.02,Dropout,High,Agronomy
STD263276,5,7,1,9147,1,40,110.0,1,37,37,9,9,110.0,0,0,0,1,0,0,23,0,10,15,15,13,10.923076923076923,0,5,10,10,7,11.142857142857142,0,15.5,2.8,-4.06,Graduate,Low,Management
STD263277,1,51,1,33,1,1,130.0,1,19,19,9,9,117.7,0,0,0,1,0,0,34,0,10,12,12,10,12.0,0,5,10,11,5,11.0,0,11.1,0.6,2.02,Dropout,Low,Biofuel Production Technologies
STD263278,1,1,1,9147,1,1,102.0,1,38,38,9,9,99.6,1,0,0,1,0,1,21,0,0,5,10,5,13.714285714285714,0,0,5,7,5,14.4,0,11.1,0.6,2.02,Graduate,Low,Management
STD263279,1,43,3,9147,1,1,127.0,21,3,37,3,3,117.9,1,0,0,1,0,0,22,1,0,5,8,1,10.0,0,0,5,8,2,13.0,0,7.6,2.6,0.32,Dropout,High,Management
STD263280,4,39,1,8014,0,1,133.1,1,37,37,9,8,113.0,0,0,0,1,0,1,32,0,0,6,18,2,10.333333333333334,0,0,6,7,6,11.5,0,16.2,0.3,-0.92,Graduate,High,Social Service (evening attendance)
STD263281,1,17,2,9556,1,1,137.0,41,1,1,7,7,124.4,1,0,0,1,0,0,20,1,0,7,8,7,12.728571428571428,0,0,8,8,8,14.625,0,15.5,2.8,-4.06,Graduate,Low,Oral Hygiene
STD263282,2,7,1,8014,0,3,130.0,1,35,35,90,90,140.0,0,0,0,0,0,0,59,0,10,15,22,12,13.333333333333334,0,8,8,8,8,12.875,0,10.8,1.4,1.74,Dropout,High,Social Service (evening attendance)
STD263283,2,53,1,9147,1,42,130.0,1,19,19,175,152,132.4,0,0,0,1,0,0,30,0,6,11,20,9,12.22222222222222,0,3,9,16,9,11.6,0,8.9,1.4,3.51,Enrolled,Low,Management
STD263284,1,1,4,9254,1,1,131.0,1,38,36,9,9,124.0,1,0,0,1,0,1,18,0,0,6,7,6,11.333333333333334,0,0,6,9,6,10.833333333333334,0,9.4,-0.8,-3.12,Graduate,Low,Tourism
STD263285,2,39,1,9991,0,1,162.0,1,37,37,9,6,132.0,0,0,1,1,1,0,25,0,0,5,8,4,11.0,0,0,5,7,4,12.0,0,7.6,2.6,0.32,Enrolled,Low,Management (evening attendance)
STD263286,4,43,1,9991,0,1,140.0,1,37,37,5,5,149.8,0,0,0,1,1,0,36,0,0,5,5,5,13.8,0,0,5,6,5,13.8,0,12.7,3.7,-1.7,Graduate,Low,Management (evening attendance)
STD263287,1,7,1,9556,1,43,160.0,1,38,19,9,9,160.0,0,0,0,1,1,0,36,0,0,7,16,1,12.0,0,0,7,13,0,0.0,1,11.1,0.6,2.02,Dropout,High,Oral Hygiene
STD263288,1,17,6,9670,1,1,117.0,1,38,19,0,1,114.6,0,0,0,0,1,0,19,0,0,6,9,4,11.25,0,0,6,11,3,10.166666666666666,0,10.8,1.4,1.74,Dropout,High,Advertising and Marketing Management
STD263289,1,39,1,9991,0,1,150.0,1,1,37,4,6,120.0,0,0,0,1,1,0,25,0,0,5,6,4,10.5,0,0,5,6,5,12.0,0,9.4,-0.8,-3.12,Graduate,Low,Management (evening attendance)
STD263290,1,39,1,9003,1,19,133.1,1,37,37,9,7,100.0,0,0,0,1,1,0,35,0,17,18,20,18,11.555555555555555,0,11,13,13,13,11.615384615384617,0,15.5,2.8,-4.06,Graduate,Low,Agronomy
STD263291,1,1,1,9238,1,1,125.0,1,1,1,5,5,128.5,0,0,0,1,1,0,20,0,0,6,13,1,14.0,0,0,6,7,0,0.0,0,16.2,0.3,-0.92,Dropout,High,Social Service
STD263292,1,39,1,9003,1,1,130.0,1,37,37,9,7,113.0,1,0,0,0,1,0,35,0,0,6,17,1,13.0,0,0,6,8,0,0.0,0,15.5,2.8,-4.06,Dropout,High,Agronomy
STD263293,1,1,1,9238,1,1,170.0,1,37,37,0,0,150.8,1,0,0,1,0,0,27,0,0,6,13,2,11.0,0,0,6,14,1,11.0,0,7.6,2.6,0.32,Dropout,High,Social Service
STD263294,1,17,3,9500,1,1,132.0,1,19,3,9,5,130.8,1,0,0,1,0,0,18,0,0,8,8,7,13.68142857142857,0,0,8,8,7,13.68142857142857,0,10.8,1.4,1.74,Enrolled,Low,Nursing
STD263295,1,43,1,9500,1,1,133.1,1,38,19,9,10,114.5,0,0,0,1,0,0,23,0,0,7,11,6,12.1,0,0,7,7,6,12.616666666666667,0,16.2,0.3,-0.92,Enrolled,Low,Nursing
STD263296,1,17,2,8014,0,1,120.0,1,19,1,5,10,114.8,1,0,0,1,0,0,19,0,0,6,8,4,10.5,0,0,6,8,4,11.25,0,10.8,1.4,1.74,Graduate,Medium,Social Service (evening attendance)
STD263297,1,17,2,9500,1,1,126.0,1,37,37,7,7,126.2,1,0,0,1,0,1,18,0,0,7,10,5,11.94,0,0,7,8,6,12.8,0,11.1,0.6,2.02,Enrolled,Medium,Nursing
STD263298,1,39,1,9500,1,1,130.0,1,19,19,3,7,129.0,0,0,1,0,0,0,26,0,0,7,11,4,12.86,0,0,7,10,5,11.566666666666668,0,12.4,0.5,1.79,Dropout,High,Nursing
STD263299,1,17,1,9238,1,1,133.1,1,1,38,9,7,110.5,0,0,0,1,0,0,19,0,0,6,10,6,14.25,0,0,6,7,6,14.0,0,16.2,0.3,-0.92,Graduate,Low,Social Service
STD263300,1,1,5,9500,1,1,141.0,1,38,19,7,7,132.5,1,0,0,0,0,0,19,0,0,7,0,0,0.0,0,0,8,0,0,0.0,0,12.7,3.7,-1.7,Dropout,High,Nursing
STD263301,1,1,1,171,1,1,138.0,1,19,19,5,1,130.7,1,0,0,1,0,0,18,0,0,0,0,0,0.0,0,0,0,0,0,0.0,0,13.9,-0.3,0.79,Dropout,High,Animation and Multimedia Design
STD263302,1,17,1,9500,1,1,130.0,1,19,1,9,7,130.4,1,0,0,1,0,1,19,0,0,7,7,7,13.894285714285711,0,0,8,8,8,14.3625,0,11.1,0.6,2.02,Graduate,Low,Nursing
STD263303,1,17,1,9500,1,1,128.0,1,37,37,9,8,124.3,1,0,0,1,0,1,19,0,0,7,8,7,13.46875,0,0,8,8,8,13.31375,0,15.5,2.8,-4.06,Graduate,Low,Nursing
STD263304,1,1,4,9085,1,1,135.0,1,38,37,9,9,132.6,1,0,0,1,0,1,19,0,0,5,5,5,13.6,0,0,5,5,5,14.6,0,10.8,1.4,1.74,Graduate,Low,Veterinary Nursing
STD263305,1,44,1,8014,0,39,150.0,1,1,37,9,7,146.7,0,0,0,1,0,1,21,0,3,6,6,6,14.666666666666666,0,2,6,6,6,13.833333333333334,0,12.4,0.5,1.79,Graduate,Low,Social Service (evening attendance)
STD263306,1,1,3,9773,1,1,135.0,1,1,1,3,5,130.1,1,0,0,1,0,0,18,0,0,6,6,6,13.666666666666666,0,0,6,7,6,13.0,0,15.5,2.8,-4.06,Graduate,Low,Journalism and Communication
STD263307,2,43,1,9254,1,3,120.0,1,38,37,9,3,120.0,1,0,0,1,0,0,33,0,9,12,22,10,13.3,0,9,11,11,11,13.727272727272728,0,9.4,-0.8,-3.12,Graduate,Low,Tourism
STD263308,1,7,1,8014,0,3,120.0,1,19,37,5,3,121.3,0,0,0,1,0,0,32,0,7,11,13,11,13.454545454545457,0,5,11,13,7,12.428571428571429,0,12.7,3.7,-1.7,Graduate,Low,Social Service (evening attendance)
STD263309,1,1,6,9500,1,1,140.0,1,19,19,1,4,133.3,1,0,0,1,0,1,17,0,0,8,8,8,13.41625,0,0,8,8,8,13.41625,0,9.4,-0.8,-3.12,Graduate,Low,Nursing
STD263310,2,39,1,9500,1,1,140.0,1,19,19,9,7,110.5,0,0,0,1,0,0,31,0,0,7,0,0,0.0,0,0,8,0,0,0.0,0,12.7,3.7,-1.7,Dropout,High,Nursing
STD263311,2,39,1,8014,0,1,140.0,1,19,19,9,7,102.5,0,0,0,1,0,1,32,0,0,6,6,6,11.333333333333334,0,0,6,8,5,13.0,0,15.5,2.8,-4.06,Graduate,Low,Social Service (evening attendance)
STD263312,1,1,2,9085,1,1,156.0,1,40,40,3,7,150.9,1,0,0,1,0,0,18,0,0,6,8,6,16.0,0,0,6,10,6,14.625,0,11.1,0.6,2.02,Dropout,Low,Veterinary Nursing
STD263313,1,51,1,9070,1,12,133.1,1,37,19,3,7,106.6,0,0,1,1,0,0,31,0,2,6,8,5,11.0,0,4,6,12,6,10.166666666666666,0,8.9,1.4,3.51,Enrolled,Low,Communication Design
STD263314,1,1,1,9254,1,1,120.0,1,1,1,9,10,118.3,0,0,0,1,1,0,20,0,0,6,8,6,12.857142857142858,0,0,6,9,5,12.4,0,8.9,1.4,3.51,Enrolled,Low,Tourism
STD263315,1,43,1,9991,0,1,100.0,1,3,19,1,1,117.9,0,0,0,0,1,0,40,0,0,5,5,0,0.0,0,0,5,6,0,0.0,0,10.8,1.4,1.74,Dropout,High,Management (evening attendance)
STD263316,2,1,1,9991,0,1,120.0,1,37,19,9,9,135.0,1,0,0,1,1,0,32,0,0,5,5,5,14.8,0,0,5,5,5,14.2,0,7.6,2.6,0.32,Graduate,Low,Management (evening attendance)
STD263317,1,7,1,9119,1,3,120.0,1,19,19,1,1,120.0,0,0,0,0,1,0,40,0,1,5,7,1,13.0,0,2,5,5,2,14.0,0,12.7,3.7,-1.7,Dropout,High,Informatics Engineering
STD263318,1,1,1,171,1,1,172.0,1,1,1,4,9,167.1,0,0,0,1,1,1,18,0,0,0,0,0,0.0,0,0,0,0,0,0.0,0,16.2,0.3,-0.92,Graduate,High,Animation and Multimedia Design
STD263319,1,43,1,9991,0,1,120.0,1,37,37,9,9,115.8,0,0,1,0,1,0,28,0,4,9,14,4,10.0,0,1,6,6,1,10.0,0,12.7,3.7,-1.7,Dropout,High,Management (evening attendance)
STD263320,1,16,2,9070,1,1,137.0,1,1,1,3,1,141.2,1,0,1,1,1,0,19,0,0,6,11,5,11.2,0,0,6,7,6,12.0,0,9.4,-0.8,-3.12,Graduate,Low,Communication Design
STD263321,1,1,1,9773,1,1,117.0,1,1,37,5,9,118.4,0,0,0,1,1,1,19,0,0,6,8,6,11.833333333333334,0,0,6,11,3,13.0,0,15.5,2.8,-4.06,Graduate,Low,Journalism and Communication
STD263322,1,1,6,9147,1,1,142.0,1,38,37,7,7,134.3,0,1,0,1,1,0,21,0,0,5,0,0,0.0,0,0,5,0,0,0.0,0,10.8,1.4,1.74,Dropout,High,Management
STD263323,1,17,4,9147,1,1,135.0,1,19,1,0,4,128.7,1,0,0,1,1,0,22,0,0,5,8,2,10.5,0,0,5,10,0,0.0,0,7.6,2.6,0.32,Dropout,High,Management
STD263324,1,17,3,9119,1,1,115.0,1,3,1,3,3,116.1,1,0,0,0,1,0,18,0,0,5,8,5,12.5,0,0,5,7,5,13.571428571428571,0,12.4,0.5,1.79,Dropout,High,Informatics Engineering
STD263325,1,39,1,171,1,1,110.0,1,12,3,5,2,100.0,1,0,0,1,1,0,27,0,0,0,0,0,0.0,0,0,0,0,0,0.0,0,9.4,-0.8,-3.12,Dropout,High,Animation and Multimedia Design
STD263326,1,1,1,171,1,1,123.0,1,1,3,2,2,118.8,0,0,0,1,1,0,19,0,4,10,10,5,11.0,0,2,7,8,2,10.0,0,8.9,1.4,3.51,Enrolled,Medium,Animation and Multimedia Design
STD263327,2,43,1,9991,0,1,140.0,1,37,37,9,9,130.0,1,0,0,1,1,0,30,0,6,10,14,9,12.333333333333334,0,7,10,12,8,12.0,0,9.4,-0.8,-3.12,Graduate,Low,Management (evening attendance)
STD263328,1,39,1,9130,1,39,150.0,1,1,3,4,1,150.0,0,0,0,1,1,0,28,0,0,6,9,0,0.0,0,0,6,8,1,10.0,1,16.2,0.3,-0.92,Dropout,High,Equinculture
STD263329,5,39,1,9119,1,1,120.0,1,37,37,9,9,116.0,0,0,1,1,1,1,34,0,0,5,14,1,17.0,0,0,5,10,2,11.0,0,9.4,-0.8,-3.12,Enrolled,High,Informatics Engineering
STD263330,1,17,1,9147,1,1,110.0,1,1,1,4,4,99.0,0,0,0,1,1,0,21,0,0,5,5,5,11.0,0,0,5,11,3,11.428571428571429,0,10.8,1.4,1.74,Enrolled,Low,Management
STD263331,1,1,1,9238,1,1,133.0,1,1,19,9,9,132.0,0,0,0,1,1,1,20,0,0,6,11,5,11.142857142857142,0,0,6,9,6,11.571428571428571,0,16.2,0.3,-0.92,Graduate,Low,Social Service
STD263332,1,43,1,9254,1,1,110.0,1,12,19,9,9,125.0,0,0,0,0,1,0,31,0,3,8,19,5,12.166666666666666,0,3,7,12,5,12.0,0,7.6,2.6,0.32,Dropout,High,Tourism
STD263333,1,17,1,9119,1,1,126.0,1,1,1,9,9,116.2,0,0,1,0,1,0,21,0,0,5,9,2,11.0,0,0,5,8,2,11.5,2,7.6,2.6,0.32,Dropout,High,Informatics Engineering
STD263334,1,39,2,9670,1,19,133.1,1,34,34,0,0,100.0,1,0,0,0,1,0,27,0,0,5,8,1,11.0,0,0,5,6,3,10.666666666666666,1,7.6,2.6,0.32,Dropout,High,Advertising and Marketing Management
STD263335,1,1,6,9773,1,1,136.0,1,38,38,9,9,132.9,1,0,0,1,1,0,19,0,0,6,10,4,13.25,0,0,6,13,5,11.8,0,7.6,2.6,0.32,Graduate,Medium,Journalism and Communication
STD263336,1,17,4,9773,1,1,129.0,1,3,1,2,7,132.5,1,0,0,1,1,0,21,0,0,6,7,0,0.0,0,0,6,11,1,10.0,0,10.8,1.4,1.74,Enrolled,High,Journalism and Communication
STD263337,1,44,1,9003,1,39,140.0,1,19,19,4,4,140.0,1,0,0,0,1,0,21,0,0,6,17,2,12.5,0,0,6,10,0,0.0,0,16.2,0.3,-0.92,Dropout,High,Agronomy
STD263338,1,43,1,9670,1,1,160.0,1,34,34,99,99,100.1,0,0,0,0,1,0,35,0,6,10,10,7,12.142857142857142,0,4,9,9,4,12.25,0,7.6,2.6,0.32,Dropout,High,Advertising and Marketing Management
STD263339,1,39,1,9085,1,1,133.1,1,37,36,90,7,128.2,0,0,0,1,1,0,28,0,0,5,8,3,12.0,0,0,5,10,3,11.333333333333334,0,7.6,2.6,0.32,Dropout,Medium,Veterinary Nursing
STD263340,1,17,1,9670,1,1,140.0,1,1,1,4,3,133.4,0,0,0,1,1,0,24,0,0,6,6,4,11.25,0,0,6,9,4,10.428571428571429,0,10.8,1.4,1.74,Enrolled,Medium,Advertising and Marketing Management
STD263341,1,1,3,9773,1,1,142.0,1,34,1,5,10,136.1,1,0,0,0,1,0,19,0,0,4,8,0,0.0,1,0,6,0,0,0.0,0,9.4,-0.8,-3.12,Dropout,High,Journalism and Communication
STD263342,1,17,1,9670,1,1,138.0,1,1,1,4,8,123.0,0,0,1,0,1,0,20,0,0,6,7,5,12.4,0,0,6,8,4,13.0,0,13.9,-0.3,0.79,Enrolled,High,Advertising and Marketing Management
STD263343,1,1,1,9070,1,1,131.0,1,3,19,4,4,130.3,1,0,0,1,1,1,20,0,0,6,6,6,12.833333333333334,0,0,6,8,6,12.666666666666666,2,16.2,0.3,-0.92,Graduate,Low,Communication Design
STD263344,1,1,1,9119,1,1,160.0,1,37,37,9,6,153.7,0,0,0,1,1,0,19,0,0,5,7,1,13.0,0,0,5,7,2,10.0,0,9.4,-0.8,-3.12,Enrolled,High,Informatics Engineering
STD263345,1,39,1,9085,1,1,110.0,1,40,1,5,6,142.5,0,0,1,0,1,0,37,0,5,7,7,5,12.0,0,3,7,7,3,11.666666666666666,0,8.9,1.4,3.51,Dropout,High,Veterinary Nursing
STD263346,1,1,1,9254,1,1,124.0,1,37,38,9,8,114.6,1,0,0,1,1,0,19,0,0,6,13,2,12.0,0,0,6,12,1,13.0,0,7.6,2.6,0.32,Dropout,High,Tourism
STD263347,1,39,1,9500,1,1,120.0,1,37,37,9,8,108.5,0,0,0,1,1,0,36,0,0,7,18,0,0.0,0,0,7,7,0,0.0,0,13.9,-0.3,0.79,Dropout,High,Nursing
STD263348,1,39,1,9147,1,12,133.1,1,37,37,9,9,140.0,0,0,0,1,1,0,29,0,0,5,0,0,0.0,0,0,5,0,0,0.0,0,9.4,-0.8,-3.12,Dropout,High,Management
STD263349,1,39,1,9003,1,1,133.1,1,38,37,9,4,120.0,0,0,0,1,1,0,30,0,0,6,10,6,11.375,0,0,6,10,5,11.6,0,13.9,-0.3,0.79,Graduate,Low,Agronomy
STD263350,1,51,1,9670,1,19,133.1,1,2,1,3,10,120.0,0,0,1,1,1,0,32,0,1,6,15,2,12.0,0,0,6,7,0,0.0,0,11.1,0.6,2.02,Dropout,High,Advertising and Marketing Management
STD263351,1,1,1,8014,0,1,123.0,1,3,1,2,9,127.6,1,0,0,1,1,0,26,0,0,6,6,6,11.833333333333334,0,0,6,6,6,11.666666666666666,0,10.8,1.4,1.74,Enrolled,Low,Social Service (evening attendance)
STD263352,2,44,1,9003,1,39,140.0,1,37,37,4,7,140.0,0,0,0,1,1,0,37,0,0,6,17,1,12.0,0,0,6,23,2,10.5,1,16.2,0.3,-0.92,Dropout,High,Agronomy
STD263353,1,39,1,9119,1,1,138.7,1,1,12,4,3,111.3,0,0,0,1,1,0,27,0,1,6,7,3,12.0,0,2,6,7,2,11.0,0,13.9,-0.3,0.79,Dropout,Medium,Informatics Engineering
STD263354,1,1,1,9773,1,1,131.0,1,38,1,5,7,131.0,1,0,0,1,1,1,18,0,0,6,7,6,12.714285714285714,0,0,6,8,5,11.833333333333334,0,13.9,-0.3,0.79,Graduate,Low,Journalism and Communication
STD263355,1,1,1,9500,1,1,149.0,1,38,37,9,9,139.5,0,0,0,1,1,1,18,0,0,8,8,8,15.3,0,0,8,8,8,15.3,0,9.4,-0.8,-3.12,Graduate,Low,Nursing
STD263356,2,39,2,9003,1,19,133.1,1,38,19,4,1,110.0,0,0,0,0,1,0,32,0,2,8,12,2,11.5,2,0,7,9,0,0.0,0,15.5,2.8,-4.06,Dropout,High,Agronomy
STD263357,1,44,1,9119,1,39,130.0,1,3,19,3,4,130.0,0,0,0,1,1,0,20,0,0,5,12,1,13.0,0,0,5,8,3,12.6,0,12.4,0.5,1.79,Enrolled,High,Informatics Engineering
STD263358,1,43,1,9003,1,1,120.0,1,3,3,1,2,115.0,0,0,0,1,1,0,22,0,0,6,12,0,0.0,0,0,6,10,0,0.0,0,16.2,0.3,-0.92,Dropout,High,Agronomy
STD263359,4,39,1,9500,1,1,133.1,1,1,19,3,3,154.3,0,0,0,1,0,0,32,0,0,7,0,0,0.0,0,0,8,0,0,0.0,0,12.4,0.5,1.79,Dropout,High,Nursing
STD263360,1,1,1,9147,1,1,143.0,1,1,37,9,9,135.0,1,0,0,1,0,0,21,0,0,5,8,4,11.0,0,0,5,8,5,12.0,0,7.6,2.6,0.32,Enrolled,Low,Management
STD263361,1,17,4,9670,1,1,126.0,1,1,1,4,7,115.2,0,0,0,0,0,0,19,0,0,6,7,3,12.666666666666666,0,0,6,10,5,13.125,0,10.8,1.4,1.74,Dropout,High,Advertising and Marketing Management
STD263362,1,1,1,9773,1,1,125.0,1,19,1,9,9,130.6,1,0,0,1,0,1,18,0,0,6,6,6,13.5,0,0,6,6,6,14.0,0,8.9,1.4,3.51,Graduate,Low,Journalism and Communication
STD263363,1,1,4,9147,1,1,123.0,1,1,1,9,7,117.4,1,0,0,1,0,1,18,0,0,5,7,5,12.0,0,0,5,10,5,11.4,0,8.9,1.4,3.51,Graduate,Low,Management
STD263364,1,7,1,9147,1,2,150.0,1,3,37,2,5,150.0,1,0,1,0,0,0,38,0,0,5,6,0,0.0,0,0,5,5,0,0.0,0,15.5,2.8,-4.06,Dropout,High,Management
STD263365,1,17,3,9853,1,1,132.0,1,34,34,0,0,131.3,1,0,0,1,0,0,21,0,0,6,8,5,11.8,0,0,6,8,4,10.5,0,7.6,2.6,0.32,Dropout,Low,Basic Education
STD263366,1,1,1,9238,1,1,133.0,1,34,37,5,5,120.4,0,0,0,0,0,0,21,0,0,6,12,2,11.5,0,0,6,13,1,13.0,0,9.4,-0.8,-3.12,Dropout,High,Social Service
STD263367,1,1,1,9991,0,1,122.0,1,37,37,9,3,113.6,0,0,0,1,1,0,26,0,0,5,11,2,11.5,0,0,5,10,3,12.0,0,7.6,2.6,0.32,Enrolled,High,Management (evening attendance)
STD263368,1,1,4,9500,1,1,137.0,1,19,38,9,3,125.0,1,0,0,1,0,0,19,0,0,7,7,6,14.616666666666667,0,0,7,7,6,14.616666666666667,0,7.6,2.6,0.32,Graduate,Low,Nursing
STD263369,1,1,6,9500,1,1,145.0,1,19,37,9,9,132.3,1,0,0,1,0,1,19,0,0,8,8,7,14.06,0,0,8,8,7,14.06,0,10.8,1.4,1.74,Enrolled,Low,Nursing
STD263370,1,17,1,9254,1,1,150.0,1,1,1,9,10,142.7,0,0,1,1,0,0,18,0,0,6,9,4,11.0,0,0,6,12,3,11.333333333333334,0,7.6,2.6,0.32,Dropout,Medium,Tourism
STD263371,1,7,1,9147,1,3,130.0,1,37,37,9,9,130.0,0,0,0,1,0,0,25,0,0,5,0,0,0.0,0,0,5,0,0,0.0,0,12.7,3.7,-1.7,Dropout,High,Management
STD263372,1,1,6,9500,1,1,136.0,1,37,1,5,4,120.8,1,0,0,1,0,0,19,0,6,14,22,7,12.192307692307692,5,6,14,22,7,12.192307692307692,5,7.6,2.6,0.32,Graduate,Medium,Nursing
STD263373,1,17,2,9254,1,1,131.0,1,1,19,9,9,130.3,1,0,0,1,0,1,18,0,0,6,6,6,12.833333333333334,0,0,6,7,6,12.333333333333334,0,13.9,-0.3,0.79,Graduate,Low,Tourism
STD263374,1,17,1,9147,1,1,130.0,1,37,37,9,7,119.9,0,0,0,1,0,1,19,0,0,5,8,5,12.875,0,0,5,6,5,11.833333333333334,0,13.9,-0.3,0.79,Graduate,Low,Management
STD263375,1,1,1,9238,1,1,108.0,1,19,38,9,7,110.5,1,0,0,1,0,1,22,0,0,6,6,6,12.166666666666666,0,0,6,6,6,12.5,0,12.4,0.5,1.79,Graduate,Low,Social Service
STD263376,1,44,1,9003,1,39,160.0,1,38,38,6,6,160.0,1,0,0,1,0,0,21,0,0,6,11,6,13.428571428571429,0,0,6,12,6,12.857142857142858,0,15.5,2.8,-4.06,Graduate,Low,Agronomy
STD263377,1,17,1,9085,1,1,113.0,1,19,37,9,9,118.6,1,0,0,1,0,1,21,0,0,6,6,6,14.5,0,0,6,8,6,14.666666666666666,0,8.9,1.4,3.51,Graduate,Low,Veterinary Nursing
STD263378,1,1,1,9853,1,1,113.0,1,38,38,3,7,112.3,0,0,0,1,0,1,20,0,0,7,7,7,12.142857142857142,0,0,7,7,7,12.857142857142858,0,11.1,0.6,2.02,Graduate,Low,Basic Education
STD263379,2,1,1,9147,1,1,137.0,1,19,37,9,9,124.4,0,0,0,1,0,0,19,0,0,5,6,4,11.25,0,0,5,10,3,11.714285714285714,0,10.8,1.4,1.74,Enrolled,Low,Management
STD263380,1,1,4,9500,1,1,148.0,1,19,19,9,3,125.0,1,0,0,1,0,0,18,0,0,7,7,6,13.9,0,0,7,7,6,13.9,0,7.6,2.6,0.32,Graduate,Low,Nursing
STD263381,1,39,1,9500,1,1,130.0,1,19,19,9,8,105.8,0,0,0,1,0,0,26,0,0,7,12,3,13.766666666666666,0,0,7,11,3,12.066666666666668,0,13.9,-0.3,0.79,Dropout,High,Nursing
STD263382,1,26,1,9147,1,2,133.1,1,34,34,0,0,121.5,1,0,0,1,0,0,31,0,13,15,17,13,11.615384615384617,0,11,14,14,11,12.545454545454543,0,7.6,2.6,0.32,Dropout,Low,Management
STD263383,1,17,1,9238,1,1,138.0,1,37,38,9,8,134.2,1,0,0,1,0,1,18,0,0,6,6,6,15.166666666666666,0,0,6,7,6,14.142857142857142,0,11.1,0.6,2.02,Graduate,Low,Social Service
STD263384,4,7,1,9147,1,3,130.0,1,19,1,5,5,130.0,0,0,0,1,0,0,35,0,0,5,5,0,0.0,0,0,5,5,0,0.0,0,11.1,0.6,2.02,Dropout,High,Management
STD263385,1,1,1,9085,1,1,127.0,1,37,37,9,9,122.8,1,0,0,1,0,0,19,0,0,5,10,2,14.5,1,0,5,9,3,11.333333333333334,0,12.7,3.7,-1.7,Enrolled,High,Veterinary Nursing
STD263386,1,1,1,9238,1,1,115.0,1,19,38,7,7,108.7,0,0,0,1,0,1,19,0,0,6,9,5,10.8,0,0,6,8,6,10.714285714285714,0,15.5,2.8,-4.06,Graduate,Low,Social Service
STD263387,1,1,2,9500,1,1,147.0,1,3,1,4,3,136.7,0,0,0,1,0,0,18,0,0,7,7,7,13.995714285714287,0,0,8,9,8,14.955555555555556,0,11.1,0.6,2.02,Graduate,Low,Nursing
STD263388,1,17,1,9085,1,1,132.0,1,38,38,4,9,119.1,0,0,0,1,0,0,20,0,0,6,8,6,13.285714285714286,0,0,6,16,6,11.8,0,12.4,0.5,1.79,Graduate,Low,Veterinary Nursing
STD263389,1,1,4,171,1,1,146.0,1,1,1,9,5,151.3,1,0,0,1,0,1,19,0,6,12,12,12,12.75,0,4,11,16,11,13.25,0,8.9,1.4,3.51,Graduate,Low,Animation and Multimedia Design
STD263390,1,43,1,9238,1,1,109.0,1,19,37,5,5,108.3,0,0,0,1,0,1,21,0,0,6,15,2,10.5,0,0,6,8,5,12.4,0,10.8,1.4,1.74,Enrolled,High,Social Service
STD263391,1,17,1,9853,1,1,133.0,1,38,38,9,9,127.4,0,0,1,1,0,1,18,0,0,7,7,7,12.714285714285714,0,0,7,7,7,12.285714285714286,0,16.2,0.3,-0.92,Graduate,Low,Basic Education
STD263392,1,42,1,9500,1,1,124.0,1,19,19,4,9,124.0,0,0,0,1,0,0,23,0,0,8,8,8,12.88625,0,0,8,8,8,12.88625,0,9.4,-0.8,-3.12,Graduate,Low,Nursing
STD263393,1,1,1,9070,1,1,133.1,1,1,1,9,9,155.0,0,0,0,1,0,1,21,0,0,6,7,5,13.0,0,0,6,6,6,12.666666666666666,0,16.2,0.3,-0.92,Graduate,Low,Communication Design
STD263394,1,1,1,9147,1,1,121.0,1,37,38,9,9,114.0,0,0,0,1,0,1,19,0,0,5,7,5,12.2,0,0,5,6,5,11.2,0,11.1,0.6,2.02,Graduate,Low,Management
STD263395,1,1,2,9147,1,1,129.0,1,38,19,3,7,118.9,1,0,0,1,0,0,19,0,0,5,8,4,12.8,0,0,5,10,3,14.5,0,10.8,1.4,1.74,Enrolled,Low,Management
STD263396,1,53,1,9085,1,42,160.0,1,19,37,4,9,160.0,1,0,0,1,0,0,20,0,7,11,15,11,13.785714285714286,0,4,9,9,9,13.88888888888889,0,8.9,1.4,3.51,Graduate,Low,Veterinary Nursing
STD263397,1,43,1,9147,1,1,131.0,1,3,19,2,9,126.1,0,0,0,1,0,0,18,0,0,5,5,0,0.0,0,0,5,9,4,13.25,2,16.2,0.3,-0.92,Enrolled,High,Management
STD263398,1,1,1,9500,1,1,150.0,1,37,37,9,7,136.5,1,0,0,1,0,1,18,0,0,8,8,8,14.50125,0,0,8,8,8,14.50125,0,9.4,-0.8,-3.12,Graduate,Low,Nursing
STD263399,2,1,5,9500,1,1,130.0,1,1,19,4,4,122.3,0,0,0,1,0,0,19,0,0,7,7,6,14.35,0,0,7,7,6,14.35,0,7.6,2.6,0.32,Graduate,Low,Nursing
STD263400,1,17,1,9070,1,1,133.1,1,38,19,5,5,128.0,0,0,0,1,0,1,21,0,0,6,6,6,11.5,0,0,6,6,6,12.333333333333334,0,9.4,-0.8,-3.12,Graduate,Low,Communication Design
STD263401,1,1,1,9238,1,1,154.0,1,38,38,9,9,156.5,1,1,0,1,0,1,18,0,0,6,8,6,11.714285714285714,0,0,6,6,6,14.666666666666666,0,12.7,3.7,-1.7,Graduate,Low,Social Service
STD263402,1,1,1,9670,1,1,126.0,1,37,19,7,7,125.7,0,0,0,1,0,0,20,0,0,6,9,6,13.571428571428571,0,0,6,10,5,13.6,0,15.5,2.8,-4.06,Enrolled,Low,Advertising and Marketing Management
STD263403,1,1,1,9773,1,1,150.0,1,19,38,9,5,143.0,0,0,0,1,0,0,18,0,0,6,6,5,13.0,0,0,6,6,6,13.666666666666666,0,12.7,3.7,-1.7,Graduate,Low,Journalism and Communication
STD263404,1,17,5,9500,1,1,141.0,1,19,19,9,7,131.9,1,0,0,1,0,1,18,0,0,7,8,7,13.56875,0,0,8,8,8,14.02625,0,15.5,2.8,-4.06,Graduate,Low,Nursing
STD263405,2,43,1,9991,0,1,134.0,1,37,37,9,9,113.7,0,0,0,1,0,0,32,0,1,5,5,5,10.2,0,0,5,9,4,11.25,0,9.4,-0.8,-3.12,Enrolled,Low,Management (evening attendance)
STD263406,1,17,2,171,1,1,146.0,1,3,3,3,3,155.1,1,0,0,1,0,0,18,0,0,0,0,0,0.0,0,0,0,0,0,0.0,0,13.9,-0.3,0.79,Graduate,High,Animation and Multimedia Design
STD263407,1,16,3,9853,1,1,134.0,1,19,37,9,9,121.1,1,0,0,1,0,0,19,0,0,6,8,5,12.2,0,0,6,8,5,11.8,0,10.8,1.4,1.74,Enrolled,Low,Basic Education
STD263408,1,1,3,9500,1,1,139.0,1,1,19,9,3,130.3,1,0,0,1,0,1,18,0,0,8,8,8,14.15375,0,0,8,8,8,14.15375,0,9.4,-0.8,-3.12,Graduate,Low,Nursing
STD263409,1,1,6,9500,1,1,136.0,1,1,1,4,5,123.3,0,0,0,0,0,0,18,0,0,8,8,0,0.0,8,0,8,8,0,0.0,8,9.4,-0.8,-3.12,Dropout,High,Nursing
STD263410,1,1,5,9773,1,1,110.0,1,19,38,3,5,117.4,1,0,0,1,0,0,20,0,0,6,7,6,13.833333333333334,0,0,6,6,6,12.833333333333334,0,11.1,0.6,2.02,Graduate,Low,Journalism and Communication
STD263411,1,5,1,9670,1,1,135.0,1,1,12,4,4,140.3,1,0,0,1,0,0,19,0,0,6,7,6,13.428571428571429,0,0,6,6,4,14.0,0,12.4,0.5,1.79,Enrolled,Low,Advertising and Marketing Management
STD263412,1,17,4,9500,1,1,129.0,1,38,37,9,5,120.0,1,0,0,1,0,0,19,0,0,8,8,7,12.454285714285716,0,0,8,8,7,12.454285714285716,0,10.8,1.4,1.74,Graduate,Low,Nursing
STD263413,1,17,1,9147,1,1,139.0,1,38,38,7,5,133.4,0,0,0,1,0,0,18,0,0,5,9,1,11.0,1,0,5,10,0,0.0,0,9.4,-0.8,-3.12,Enrolled,High,Management
STD263414,1,1,4,9500,1,1,137.0,1,1,19,4,7,126.7,1,0,0,1,0,0,18,0,0,7,0,0,0.0,0,0,8,0,0,0.0,0,15.5,2.8,-4.06,Dropout,High,Nursing
STD263415,1,17,3,9500,1,1,138.0,1,1,19,7,8,129.3,1,0,0,1,0,1,18,0,0,7,8,6,13.271666666666668,0,0,8,11,7,12.94375,0,12.4,0.5,1.79,Graduate,Low,Nursing
STD263416,1,17,6,9500,1,1,136.0,1,3,38,2,9,125.7,1,0,0,1,0,0,20,0,0,7,8,6,13.548333333333334,0,0,8,11,6,14.775,0,11.1,0.6,2.02,Enrolled,Low,Nursing
STD263417,1,1,1,9773,1,1,143.0,1,3,3,2,5,144.8,0,0,0,1,0,0,19,0,0,6,6,6,12.166666666666666,0,0,6,6,6,12.5,0,16.2,0.3,-0.92,Enrolled,Low,Journalism and Communication
STD263418,1,1,1,9254,1,1,133.1,1,38,19,3,3,98.6,0,0,0,1,0,0,21,0,0,6,16,2,11.0,0,0,6,12,0,0.0,0,12.7,3.7,-1.7,Dropout,High,Tourism
STD263419,1,1,1,9853,1,1,136.0,1,38,37,9,9,126.9,1,0,0,1,0,1,19,0,0,7,7,7,13.285714285714286,0,0,7,7,7,14.428571428571429,0,11.1,0.6,2.02,Graduate,Low,Basic Education
STD263420,1,17,1,9238,1,1,139.0,1,19,38,4,9,146.7,1,0,0,1,0,1,20,0,0,6,6,6,13.333333333333334,0,0,6,7,6,14.0,0,15.5,2.8,-4.06,Graduate,Low,Social Service
STD263421,1,1,1,9500,1,1,125.0,1,1,1,9,4,117.0,0,0,0,1,0,1,21,0,0,8,8,8,13.2575,0,0,8,8,8,13.2575,0,9.4,-0.8,-3.12,Graduate,Low,Nursing
STD263422,1,44,1,9085,1,39,130.0,1,37,38,9,6,130.0,1,0,0,1,0,0,23,0,0,6,7,0,0.0,0,0,6,7,0,0.0,0,11.1,0.6,2.02,Dropout,High,Veterinary Nursing
STD263423,1,17,1,9238,1,1,137.0,1,1,38,5,8,125.8,0,0,0,0,0,1,18,0,0,6,10,6,12.666666666666666,0,0,6,6,2,11.5,0,12.7,3.7,-1.7,Dropout,High,Social Service
STD263424,2,39,1,9991,0,3,130.0,1,3,1,1,10,160.0,0,0,0,1,0,0,30,0,0,5,5,5,14.6,0,0,5,5,5,15.4,0,12.7,3.7,-1.7,Dropout,Low,Management (evening attendance)
STD263425,1,1,1,9085,1,1,130.0,1,9,19,4,1,134.2,1,0,0,1,0,0,20,0,0,5,13,0,0.0,5,0,5,5,0,0.0,5,9.4,-0.8,-3.12,Dropout,High,Veterinary Nursing
STD263426,2,43,2,9147,1,1,160.0,1,37,37,9,9,96.0,0,0,0,0,0,0,29,0,3,5,7,3,12.333333333333334,0,0,5,8,0,0.0,0,10.8,1.4,1.74,Dropout,High,Management
STD263427,1,18,1,9147,1,1,100.0,1,38,38,5,5,101.8,1,0,0,1,0,0,24,0,0,5,5,5,10.8,0,0,5,11,2,11.0,0,10.8,1.4,1.74,Enrolled,Low,Management
STD263428,1,1,1,9238,1,1,136.0,1,19,1,4,3,125.2,1,0,0,1,0,0,20,0,0,6,7,6,11.666666666666666,0,0,6,10,6,11.333333333333334,0,7.6,2.6,0.32,Graduate,Low,Social Service
STD263429,1,43,1,8014,0,1,117.0,1,37,37,9,9,100.0,0,0,0,1,0,0,27,0,0,6,6,4,12.5,0,0,6,6,6,14.333333333333334,0,13.9,-0.3,0.79,Dropout,Medium,Social Service (evening attendance)
STD263430,2,7,1,9147,1,3,140.0,1,37,37,9,9,140.0,0,0,0,1,0,0,23,0,0,5,0,0,0.0,0,0,5,0,0,0.0,0,7.6,2.6,0.32,Dropout,High,Management
STD263431,1,51,1,9070,1,1,132.0,1,19,19,153,153,120.0,0,0,0,1,0,1,23,0,0,6,6,6,15.333333333333334,0,0,6,6,6,14.166666666666666,0,11.1,0.6,2.02,Graduate,Low,Communication Design
STD263432,1,1,3,9500,1,1,147.0,1,1,1,4,4,134.3,1,0,0,1,0,0,18,0,0,8,8,7,14.2,0,0,8,8,7,14.2,0,12.7,3.7,-1.7,Graduate,Low,Nursing
STD263433,1,1,1,9773,1,1,158.0,1,38,38,9,7,144.7,1,0,0,1,0,1,19,0,0,6,6,6,14.833333333333334,0,0,6,6,6,14.666666666666666,0,12.7,3.7,-1.7,Graduate,Low,Journalism and Communication
STD263434,1,17,6,9500,1,1,142.0,1,19,37,4,9,131.9,1,0,0,1,0,0,19,0,0,7,7,7,13.642857142857142,0,0,8,8,8,14.3875,0,13.9,-0.3,0.79,Dropout,Low,Nursing
STD263435,1,1,1,9773,1,1,143.0,1,1,38,8,8,136.7,1,0,0,1,0,1,18,0,0,6,6,6,13.833333333333334,0,0,6,6,6,14.0,0,11.1,0.6,2.02,Dropout,Low,Journalism and Communication
STD263436,1,1,2,9070,1,1,135.0,1,1,1,4,7,129.8,1,0,0,1,0,0,19,0,0,6,6,6,11.833333333333334,0,0,6,7,6,13.0,0,9.4,-0.8,-3.12,Graduate,Low,Communication Design
STD263437,1,1,1,9773,1,1,160.0,1,1,38,4,7,146.5,0,0,0,1,0,1,18,0,0,6,7,6,13.428571428571429,0,0,6,10,6,13.5,0,13.9,-0.3,0.79,Graduate,Low,Journalism and Communication
STD263438,1,43,1,9991,0,1,120.0,1,37,37,9,8,122.5,1,0,0,1,0,0,29,0,8,13,16,8,10.5,0,8,12,19,9,10.333333333333334,0,9.4,-0.8,-3.12,Enrolled,Medium,Management (evening attendance)
STD263439,1,39,2,9556,1,19,133.1,1,37,37,3,7,117.8,0,0,0,1,0,0,24,0,0,7,10,6,11.416666666666666,0,0,8,9,8,11.9625,0,13.9,-0.3,0.79,Graduate,Low,Oral Hygiene
STD263440,1,17,2,9556,1,1,133.1,1,37,38,9,8,106.0,1,0,0,1,0,0,19,0,0,7,16,2,12.75,0,0,7,12,2,11.0,0,8.9,1.4,3.51,Dropout,High,Oral Hygiene
STD263441,1,17,1,9556,1,1,133.0,1,1,38,4,9,119.0,0,0,0,1,0,0,19,0,0,7,10,6,11.15,0,0,7,7,7,12.814285714285717,0,12.7,3.7,-1.7,Enrolled,Low,Oral Hygiene
STD263442,1,1,1,9670,1,1,120.0,1,38,19,4,8,115.1,0,0,0,1,0,0,19,0,0,6,8,3,11.666666666666666,0,0,6,11,5,13.625,0,10.8,1.4,1.74,Enrolled,Medium,Advertising and Marketing Management
STD263443,1,17,4,9254,1,1,106.0,1,37,19,9,7,116.9,1,0,0,1,0,0,20,0,0,6,7,6,11.5,0,0,6,8,5,12.4,0,11.1,0.6,2.02,Graduate,Low,Tourism
STD263444,1,1,2,9773,1,1,148.0,1,1,19,9,9,141.7,0,0,0,1,0,0,18,0,0,6,6,6,13.833333333333334,0,0,6,6,6,12.666666666666666,0,10.8,1.4,1.74,Graduate,Low,Journalism and Communication
STD263445,1,1,2,9070,1,1,134.0,1,1,19,3,3,127.7,1,0,0,0,0,0,18,0,1,6,8,6,11.714285714285714,1,0,6,11,4,11.333333333333334,0,13.9,-0.3,0.79,Dropout,High,Communication Design
STD263446,1,1,5,9500,1,1,130.0,1,19,1,9,5,122.1,1,0,0,1,0,1,19,0,0,7,8,7,11.678571428571429,0,0,8,10,7,13.0375,0,12.4,0.5,1.79,Graduate,Low,Nursing
STD263447,1,16,1,9085,1,1,150.0,1,3,3,2,1,153.5,1,0,0,1,0,0,19,0,0,6,7,6,15.714285714285714,0,0,6,6,6,14.666666666666666,0,13.9,-0.3,0.79,Dropout,Low,Veterinary Nursing
STD263448,1,1,1,171,1,1,141.0,1,1,19,5,8,141.4,1,0,0,1,0,1,18,0,0,0,0,0,0.0,0,0,0,0,0,0.0,0,13.9,-0.3,0.79,Graduate,High,Animation and Multimedia Design
STD263449,1,1,1,9773,1,1,140.0,1,19,37,9,6,135.8,1,0,0,1,0,1,19,0,0,6,6,6,13.0,0,0,6,7,6,13.0,0,10.8,1.4,1.74,Graduate,Low,Journalism and Communication
STD263450,1,1,2,9500,1,1,138.0,1,3,3,2,2,127.5,1,0,0,1,0,1,18,0,0,7,7,7,14.485714285714286,0,0,8,9,8,14.58888888888889,0,16.2,0.3,-0.92,Graduate,Low,Nursing
STD263451,1,39,1,9991,0,1,130.0,1,37,37,9,9,151.6,0,0,0,1,0,0,24,0,0,5,9,5,12.285714285714286,0,0,5,8,5,12.125,0,16.2,0.3,-0.92,Enrolled,Low,Management (evening attendance)
STD263452,1,39,1,9500,1,1,133.1,1,19,19,5,6,121.4,0,0,1,1,0,0,28,0,0,7,12,4,13.375,0,0,7,7,5,13.5,0,13.9,-0.3,0.79,Enrolled,Medium,Nursing
STD263453,1,42,1,9500,1,1,133.0,1,1,1,4,4,100.0,0,0,0,1,0,0,20,0,1,8,8,7,11.571428571428571,0,1,8,8,7,11.571428571428571,0,12.7,3.7,-1.7,Graduate,Low,Nursing
STD263454,1,1,6,9500,1,1,150.0,1,37,38,9,9,131.5,1,0,0,1,0,1,19,0,0,8,8,7,12.657142857142857,0,0,8,8,7,12.657142857142857,0,12.7,3.7,-1.7,Graduate,Low,Nursing
STD263455,1,17,1,9147,1,1,117.0,1,37,37,9,9,109.3,0,0,0,0,0,0,22,0,0,5,9,2,10.0,1,0,5,11,1,10.0,0,9.4,-0.8,-3.12,Dropout,High,Management
STD263456,1,1,1,9238,1,1,145.0,1,19,1,6,5,127.9,1,0,0,1,0,0,19,0,0,6,7,6,13.714285714285714,0,0,6,6,6,13.166666666666666,0,12.7,3.7,-1.7,Graduate,Low,Social Service
STD263457,1,7,1,9238,1,3,140.0,1,37,37,9,9,140.0,1,0,0,1,0,0,36,0,10,14,21,13,13.071428571428571,0,4,11,16,11,13.0,0,16.2,0.3,-0.92,Graduate,Low,Social Service
STD263458,1,44,1,9003,1,39,160.0,1,37,38,9,7,160.0,0,0,0,1,0,1,19,0,0,6,7,6,15.333333333333334,0,0,6,9,6,14.0,0,15.5,2.8,-4.06,Graduate,Low,Agronomy
STD263459,1,17,1,9238,1,1,125.0,1,4,3,1,1,119.8,0,0,0,1,0,0,18,0,0,6,9,5,11.571428571428571,0,0,6,8,6,12.142857142857142,0,16.2,0.3,-0.92,Graduate,Low,Social Service
STD263460,4,43,4,9991,0,12,133.1,1,37,37,9,9,153.0,0,0,0,0,0,0,40,0,0,5,10,0,0.0,0,0,5,5,0,0.0,0,7.6,2.6,0.32,Dropout,High,Management (evening attendance)
STD263461,1,1,2,9500,1,1,139.0,1,38,37,9,7,125.0,1,0,0,1,0,1,19,0,0,7,7,6,12.9,0,0,7,7,6,12.9,0,7.6,2.6,0.32,Graduate,Low,Nursing
STD263462,4,43,1,9500,1,1,130.0,1,37,37,9,9,103.7,0,0,0,1,0,0,38,0,1,8,12,5,13.126,1,1,8,12,5,13.126,1,10.8,1.4,1.74,Enrolled,Medium,Nursing
STD263463,1,7,1,9085,1,3,120.0,1,37,37,7,7,120.0,0,0,0,1,0,0,32,0,4,10,20,4,11.5,2,3,9,13,3,11.666666666666666,2,15.5,2.8,-4.06,Dropout,High,Veterinary Nursing
STD263464,1,1,1,9853,1,1,160.0,1,1,37,9,9,146.0,1,0,0,1,0,0,19,0,0,6,11,3,10.333333333333334,0,0,6,10,5,11.8,0,9.4,-0.8,-3.12,Enrolled,Medium,Basic Education
STD263465,1,17,3,9070,1,1,120.0,1,3,1,4,4,116.9,1,0,0,1,0,0,19,0,0,6,6,6,13.5,0,0,6,7,6,13.428571428571429,0,8.9,1.4,3.51,Graduate,Low,Communication Design
STD263466,2,39,1,9147,1,1,130.0,1,37,37,9,9,117.9,0,0,0,1,0,0,35,0,0,1,1,0,0.0,1,0,5,0,0,0.0,0,10.8,1.4,1.74,Dropout,High,Management
STD263467,1,1,1,9147,1,1,124.0,1,38,19,3,10,128.6,1,0,0,1,0,0,20,0,0,5,5,4,12.0,0,0,4,4,2,11.5,0,7.6,2.6,0.32,Enrolled,Low,Management
STD263468,1,17,1,9853,1,1,150.0,1,19,19,3,4,135.0,0,0,0,1,0,0,29,0,2,8,10,7,11.142857142857142,0,2,8,11,8,11.375,0,12.7,3.7,-1.7,Graduate,Low,Basic Education
STD263469,1,1,1,9991,0,1,140.0,1,37,37,9,9,124.6,0,0,0,1,0,0,29,0,0,5,11,5,11.4,0,0,5,10,4,10.25,0,15.5,2.8,-4.06,Enrolled,Low,Management (evening attendance)
STD263470,1,1,5,9500,1,1,135.0,1,37,37,7,7,124.0,1,0,0,1,0,1,19,0,0,8,8,7,12.771428571428572,1,0,8,8,7,12.771428571428572,1,9.4,-0.8,-3.12,Enrolled,Low,Nursing
STD263471,1,1,6,9500,1,1,143.0,1,38,19,7,9,129.5,1,0,0,1,0,1,18,0,0,8,8,7,13.79857142857143,0,0,8,8,7,13.79857142857143,0,10.8,1.4,1.74,Graduate,Low,Nursing
STD263472,2,39,1,8014,0,19,100.0,1,38,19,0,10,111.3,0,0,1,0,0,0,25,0,0,6,7,6,13.333333333333334,0,0,6,6,6,13.5,0,7.6,2.6,0.32,Graduate,High,Social Service (evening attendance)
STD263473,4,39,1,8014,0,19,133.1,1,37,37,9,9,95.0,0,0,1,0,0,0,50,0,0,6,11,0,0.0,0,0,5,6,0,0.0,0,8.9,1.4,3.51,Dropout,High,Social Service (evening attendance)
STD263474,2,1,1,9147,1,1,133.1,1,34,34,0,0,131.8,0,0,0,1,0,0,24,0,14,15,17,14,11.357142857142858,0,13,14,15,13,12.846153846153848,0,7.6,2.6,0.32,Dropout,Low,Management
STD263475,1,1,5,9119,1,1,132.0,1,38,19,5,3,119.1,0,0,0,1,0,0,18,0,0,5,11,0,0.0,0,0,5,8,0,0.0,0,9.4,-0.8,-3.12,Dropout,High,Informatics Engineering
STD263476,1,17,1,9085,1,1,131.0,1,38,38,191,174,125.4,1,0,0,1,0,0,20,0,0,6,13,6,15.692307692307692,0,0,6,13,5,14.428571428571429,0,15.5,2.8,-4.06,Graduate,Low,Veterinary Nursing
STD263477,1,16,1,9003,1,1,147.0,1,1,37,4,9,140.7,1,0,1,1,0,1,20,0,13,18,19,18,15.052631578947368,0,11,13,13,13,14.538461538461538,0,15.5,2.8,-4.06,Graduate,Low,Agronomy
STD263478,1,43,1,9991,0,1,141.0,1,37,37,9,9,131.9,0,0,0,1,0,0,21,0,6,10,20,6,11.5,0,5,10,17,5,12.4,0,9.4,-0.8,-3.12,Dropout,Medium,Management (evening attendance)
STD263479,1,39,1,9238,1,1,160.0,1,38,1,9,3,124.0,0,0,1,1,1,0,28,0,2,8,15,7,11.0,0,0,6,17,1,10.0,0,10.8,1.4,1.74,Enrolled,Low,Social Service
STD263480,1,1,1,9254,1,1,135.0,1,38,37,9,7,139.2,0,0,0,1,1,1,19,0,0,6,6,6,13.0,0,0,6,6,6,13.166666666666666,0,12.4,0.5,1.79,Graduate,Low,Tourism
STD263481,1,1,1,9500,1,1,133.0,1,37,37,9,7,121.8,0,0,0,1,1,1,18,0,0,8,8,8,12.93875,0,0,8,8,8,12.93875,0,9.4,-0.8,-3.12,Graduate,Low,Nursing
STD263482,1,17,1,171,1,1,142.0,1,37,37,9,9,132.9,0,0,0,1,1,0,22,0,0,0,0,0,0.0,0,0,0,0,0,0.0,0,12.7,3.7,-1.7,Graduate,High,Animation and Multimedia Design
STD263483,1,44,1,9003,1,39,130.0,1,37,37,9,10,130.0,0,0,0,1,1,0,25,0,0,6,6,0,0.0,0,0,6,8,0,0.0,0,15.5,2.8,-4.06,Dropout,High,Agronomy
STD263484,2,39,1,9500,1,1,133.1,1,37,37,9,9,130.1,0,0,0,0,1,0,37,0,0,7,10,5,13.0,0,0,7,9,5,12.88,0,11.1,0.6,2.02,Dropout,High,Nursing
STD263485,1,39,1,9500,1,1,133.1,1,37,37,7,7,124.5,0,0,0,0,1,0,38,0,0,7,11,5,12.18,0,0,7,11,4,11.8125,0,11.1,0.6,2.02,Dropout,High,Nursing
STD263486,2,39,1,9670,1,1,130.0,1,19,38,9,9,162.3,0,0,0,1,1,0,36,0,0,6,13,3,11.333333333333334,0,0,6,12,5,11.4,0,13.9,-0.3,0.79,Dropout,Medium,Advertising and Marketing Management
STD263487,1,1,2,9500,1,1,149.0,1,19,1,9,9,137.8,1,0,0,1,1,0,18,0,0,8,8,7,13.0,0,0,8,8,7,13.0,0,12.7,3.7,-1.7,Graduate,Low,Nursing
STD263488,1,1,1,9670,1,1,130.0,1,1,1,0,0,119.5,0,0,0,0,1,0,19,0,0,5,5,0,0.0,0,0,6,0,0,0.0,0,9.4,-0.8,-3.12,Dropout,High,Advertising and Marketing Management
STD263489,1,39,1,9130,1,1,150.0,1,1,1,4,10,110.0,0,0,1,1,1,0,24,0,0,5,13,2,12.5,2,0,5,8,3,12.333333333333334,0,9.4,-0.8,-3.12,Dropout,High,Equinculture
STD263490,1,1,1,9238,1,1,106.0,1,1,1,3,3,105.0,0,0,0,1,1,0,20,0,0,6,9,5,11.0,0,0,6,9,5,12.166666666666666,0,11.1,0.6,2.02,Graduate,Low,Social Service
STD263491,1,1,1,171,1,1,162.0,1,37,37,9,9,142.8,1,0,0,1,1,0,21,0,0,0,0,0,0.0,0,0,0,0,0,0.0,0,12.7,3.7,-1.7,Dropout,High,Animation and Multimedia Design
STD263492,2,43,3,9991,0,1,120.0,1,37,37,9,9,128.2,1,0,0,1,1,0,32,0,0,5,5,0,0.0,0,0,5,5,0,0.0,0,7.6,2.6,0.32,Dropout,High,Management (evening attendance)
STD263493,2,39,1,9991,0,19,133.1,1,38,38,7,8,120.0,0,0,0,1,1,0,39,0,0,5,9,0,0.0,0,0,5,5,1,10.0,0,12.7,3.7,-1.7,Dropout,High,Management (evening attendance)
STD263494,1,7,1,9119,1,3,130.0,1,37,37,9,9,130.0,0,0,0,0,1,0,33,0,0,5,6,0,0.0,0,0,5,5,0,0.0,0,12.7,3.7,-1.7,Dropout,High,Informatics Engineering
STD263495,1,17,2,9670,1,1,128.0,1,37,38,5,8,121.7,0,0,0,1,1,1,20,0,0,5,5,5,12.4,0,0,5,5,4,10.75,0,9.4,-0.8,-3.12,Graduate,Low,Advertising and Marketing Management
STD263496,1,1,1,9003,1,1,124.0,1,38,19,9,7,116.0,0,0,0,1,1,0,19,0,0,6,8,6,15.5,0,0,6,10,6,14.1,0,16.2,0.3,-0.92,Graduate,Low,Agronomy
STD263497,2,39,1,9991,0,1,133.1,1,37,37,5,8,133.2,0,0,0,0,1,0,43,0,0,5,13,2,11.5,0,0,5,12,3,10.8,0,13.9,-0.3,0.79,Dropout,High,Management (evening attendance)
STD263498,2,43,1,9991,0,1,114.0,1,37,37,7,8,116.7,0,0,0,1,1,0,49,0,0,5,7,4,13.333333333333334,0,0,5,9,4,11.6,1,16.2,0.3,-0.92,Dropout,Low,Management (evening attendance)
STD263499,1,1,2,9773,1,1,140.0,1,38,38,5,7,126.4,1,0,0,1,1,1,18,0,0,6,8,6,12.666666666666666,0,0,6,6,6,13.5,0,12.7,3.7,-1.7,Graduate,Low,Journalism and Communication
STD263500,1,39,1,9003,1,1,160.0,1,1,37,191,193,140.0,0,0,0,1,1,0,27,0,0,6,6,0,0.0,0,0,6,6,0,0.0,0,11.1,0.6,2.02,Enrolled,High,Agronomy
STD263501,1,1,1,9147,1,1,122.0,1,1,19,9,9,120.3,1,0,0,1,1,1,19,0,0,5,8,5,12.6,0,0,5,9,5,13.6,0,8.9,1.4,3.51,Dropout,Low,Management
STD263502,1,39,1,9070,1,1,140.0,1,37,37,9,10,118.0,0,0,1,1,1,1,45,0,0,6,6,6,13.5,0,0,6,6,0,0.0,0,16.2,0.3,-0.92,Dropout,Low,Communication Design
STD263503,1,15,1,9670,1,1,160.0,1,37,12,9,9,149.5,1,0,0,0,1,0,19,0,0,6,6,6,13.0,0,0,6,8,6,13.0,0,13.9,-0.3,0.79,Graduate,High,Advertising and Marketing Management
STD263504,1,44,1,9003,1,39,130.0,1,1,3,9,6,130.0,0,0,0,1,1,1,21,0,0,6,15,6,11.714285714285714,0,0,6,8,4,11.75,0,13.9,-0.3,0.79,Graduate,Low,Agronomy
STD263505,1,1,1,9670,1,1,141.0,1,1,1,5,9,126.3,0,0,0,1,1,1,18,0,0,6,8,6,12.166666666666666,0,0,6,7,5,13.0,0,13.9,-0.3,0.79,Graduate,Low,Advertising and Marketing Management
STD263506,1,17,3,9147,1,1,127.0,1,37,37,5,7,116.2,0,0,0,1,1,0,18,0,0,5,10,0,0.0,1,0,5,13,0,0.0,0,9.4,-0.8,-3.12,Dropout,High,Management
STD263507,1,17,1,9254,1,1,126.0,1,37,37,5,1,126.0,0,0,0,0,1,0,29,0,0,6,12,0,0.0,0,0,6,6,0,0.0,6,9.4,-0.8,-3.12,Dropout,High,Tourism
STD263508,1,1,1,9670,1,1,131.0,1,1,1,4,9,122.3,0,0,0,1,1,0,19,0,0,5,6,5,11.5,0,0,5,5,5,11.6,0,9.4,-0.8,-3.12,Graduate,Low,Advertising and Marketing Management
STD263509,1,1,1,9147,1,1,130.0,1,19,19,9,7,119.5,1,0,0,1,1,1,18,0,0,5,7,4,11.25,0,0,5,6,4,12.25,0,12.4,0.5,1.79,Enrolled,Low,Management
STD263510,1,44,1,9070,1,39,130.0,1,1,1,9,9,131.8,0,0,0,1,1,1,22,0,2,7,7,7,12.285714285714286,0,5,9,10,8,12.375,0,12.4,0.5,1.79,Graduate,Low,Communication Design
STD263511,1,17,6,9500,1,1,140.0,1,1,1,4,3,130.7,1,0,0,1,1,1,18,0,0,7,7,7,12.718571428571428,0,0,8,11,8,12.805555555555555,0,11.1,0.6,2.02,Dropout,Low,Nursing
STD263512,1,44,1,9130,1,39,140.0,1,1,19,4,7,140.0,0,0,0,1,1,0,20,0,2,6,12,5,12.4,0,1,6,11,2,15.0,0,13.9,-0.3,0.79,Enrolled,Low,Equinculture
STD263513,1,1,1,171,1,1,140.0,1,19,19,1,1,129.5,1,0,0,1,1,0,20,0,0,0,0,0,0.0,0,0,0,0,0,0.0,0,10.8,1.4,1.74,Dropout,High,Animation and Multimedia Design
STD263514,4,39,1,9670,1,19,133.1,1,37,37,9,7,130.0,0,0,1,1,1,1,29,0,0,6,16,1,14.0,0,0,6,7,0,0.0,0,11.1,0.6,2.02,Dropout,High,Advertising and Marketing Management
STD263515,1,39,1,9670,1,1,120.0,1,11,11,90,4,114.0,1,0,0,1,1,0,29,0,0,5,10,3,11.666666666666666,0,0,5,8,4,11.25,0,7.6,2.6,0.32,Dropout,Medium,Advertising and Marketing Management
STD263516,1,43,1,9773,1,1,121.0,1,1,1,4,5,121.0,1,0,0,1,1,0,23,0,0,6,15,1,13.0,0,0,6,8,4,11.25,0,9.4,-0.8,-3.12,Enrolled,High,Journalism and Communication
STD263517,1,17,1,171,1,1,123.0,1,3,12,2,9,116.4,1,0,1,1,1,0,19,0,0,0,0,0,0.0,0,0,0,0,0,0.0,0,10.8,1.4,1.74,Dropout,High,Animation and Multimedia Design
STD263518,1,1,1,9119,1,1,136.0,1,38,38,9,9,121.7,1,0,0,1,1,0,18,0,0,5,10,0,0.0,0,0,5,11,1,12.0,3,7.6,2.6,0.32,Dropout,High,Informatics Engineering
STD263519,2,42,1,9254,1,1,136.0,1,2,2,134,112,130.0,1,0,0,1,1,0,22,0,2,6,13,4,11.5,0,2,6,12,2,12.5,0,7.6,2.6,0.32,Dropout,Medium,Tourism
STD263520,1,43,1,9991,0,1,120.0,1,37,37,9,9,120.0,1,0,1,1,1,0,34,0,6,10,10,7,11.714285714285714,0,4,10,10,6,11.5,0,10.8,1.4,1.74,Dropout,Medium,Management (evening attendance)
STD263521,1,43,1,9991,0,4,160.0,1,3,3,2,1,125.0,0,0,0,1,1,0,26,0,0,5,7,5,12.6,0,0,5,7,5,13.714285714285714,0,13.9,-0.3,0.79,Graduate,Low,Management (evening attendance)
STD263522,1,17,1,171,1,1,125.0,1,37,37,7,9,134.1,1,0,0,1,1,0,24,0,12,17,19,13,11.642857142857142,0,12,17,25,12,11.25,0,11.1,0.6,2.02,Dropout,Low,Animation and Multimedia Design
STD263523,1,1,1,9670,1,1,146.0,1,1,1,9,8,149.5,1,0,0,1,1,1,17,0,0,6,8,6,14.875,0,0,6,8,6,13.428571428571429,0,11.1,0.6,2.02,Graduate,Low,Advertising and Marketing Management
STD263524,1,43,4,9670,1,1,117.0,1,3,3,4,4,113.2,0,0,0,1,1,0,21,0,0,5,11,2,10.0,0,0,5,10,3,10.333333333333334,0,9.4,-0.8,-3.12,Enrolled,High,Advertising and Marketing Management
STD263525,2,39,1,9991,0,1,150.0,1,1,4,4,2,146.0,0,0,0,1,1,0,34,0,0,5,5,5,14.2,0,0,5,5,5,14.6,0,12.7,3.7,-1.7,Enrolled,Low,Management (evening attendance)
STD263526,1,44,1,9003,1,39,140.0,1,19,38,6,7,140.0,1,0,0,1,1,0,19,0,0,6,8,6,12.714285714285714,0,0,6,9,6,13.5,0,12.4,0.5,1.79,Graduate,Low,Agronomy
STD263527,2,39,1,9003,1,1,111.0,1,1,3,4,2,162.4,0,0,1,0,1,0,49,0,4,12,16,5,11.6,0,2,7,7,5,11.2,0,8.9,1.4,3.51,Dropout,High,Agronomy
STD263528,1,43,1,9500,1,1,120.0,1,2,4,4,5,136.6,0,0,0,1,1,0,23,0,0,7,14,5,11.94,0,0,7,14,6,12.2,0,13.9,-0.3,0.79,Dropout,Medium,Nursing
STD263529,1,18,3,9119,1,1,111.0,1,1,19,9,8,111.0,1,0,0,1,1,0,18,0,0,5,10,4,11.6,0,0,5,9,3,14.2,0,12.4,0.5,1.79,Dropout,Low,Informatics Engineering
STD263530,1,1,1,9500,1,1,118.0,1,12,1,4,10,115.7,0,0,0,1,1,0,20,0,0,7,9,5,12.7,0,0,8,9,7,13.475,0,13.9,-0.3,0.79,Enrolled,Medium,Nursing
STD263531,1,1,3,9670,1,1,106.0,1,3,1,2,3,105.7,1,0,0,1,1,0,19,0,0,6,6,6,13.333333333333334,0,0,6,9,5,13.8,0,8.9,1.4,3.51,Graduate,Low,Advertising and Marketing Management
STD263532,1,42,1,9003,1,39,120.0,1,3,1,2,6,128.2,1,0,0,1,1,0,24,0,4,9,13,8,13.333333333333334,0,5,10,12,9,13.11111111111111,0,16.2,0.3,-0.92,Enrolled,Low,Agronomy
STD263533,1,1,1,9147,1,1,151.0,1,1,38,4,7,137.0,1,0,0,1,1,0,18,0,0,5,5,5,13.4,0,0,5,5,5,15.0,0,8.9,1.4,3.51,Graduate,Low,Management
STD263534,2,39,1,9254,1,19,133.1,1,34,34,0,0,120.0,0,0,1,0,1,0,45,0,0,6,12,0,0.0,0,0,6,12,0,0.0,0,9.4,-0.8,-3.12,Dropout,High,Tourism
STD263535,1,39,1,9991,0,1,120.0,1,34,34,0,0,120.5,1,0,0,1,1,0,30,0,0,5,5,2,11.0,0,0,5,5,0,0.0,0,7.6,2.6,0.32,Dropout,High,Management (evening attendance)
STD263536,1,51,1,9991,0,39,120.0,1,1,4,4,10,118.1,0,0,0,1,1,0,28,0,13,15,17,13,12.0,0,9,13,13,9,11.333333333333334,0,8.9,1.4,3.51,Dropout,Low,Management (evening attendance)
STD263537,1,39,1,9991,0,1,110.0,1,37,37,9,9,139.0,0,0,0,1,1,0,40,0,0,5,0,0,0.0,0,0,5,0,0,0.0,0,12.7,3.7,-1.7,Dropout,High,Management (evening attendance)
STD263538,1,39,2,9147,1,19,133.1,1,38,19,4,10,116.3,0,0,0,0,1,0,32,0,0,5,5,0,0.0,0,0,5,9,0,0.0,0,10.8,1.4,1.74,Dropout,High,Management
STD263539,1,17,5,9254,1,1,118.0,1,19,37,5,5,120.5,1,0,0,1,1,0,19,0,0,6,12,4,12.5,0,0,6,12,4,10.25,0,7.6,2.6,0.32,Dropout,Medium,Tourism
STD263540,1,1,1,9070,1,1,139.0,1,1,19,3,9,134.9,1,0,0,1,1,0,20,0,0,6,7,6,13.666666666666666,0,0,6,7,6,12.166666666666666,1,16.2,0.3,-0.92,Graduate,Low,Communication Design
STD263541,1,17,1,9119,1,1,130.0,1,1,3,4,2,123.0,0,0,0,1,1,0,18,0,0,5,10,1,10.0,0,0,5,7,0,0.0,0,9.4,-0.8,-3.12,Dropout,High,Informatics Engineering
STD263542,1,17,1,9670,1,1,132.0,1,38,37,9,9,122.9,0,0,0,0,1,0,20,0,0,6,6,6,11.5,0,0,6,9,2,13.0,0,10.8,1.4,1.74,Dropout,High,Advertising and Marketing Management
STD263543,1,39,1,9991,0,1,100.0,1,37,38,9,4,140.0,0,0,0,1,1,0,39,0,0,5,7,4,12.25,0,0,5,7,4,12.75,0,15.5,2.8,-4.06,Enrolled,Low,Management (evening attendance)
STD263544,1,17,1,9085,1,1,120.0,1,19,38,4,8,122.5,0,0,0,0,1,0,19,0,0,6,11,5,13.6,0,0,6,11,5,13.666666666666666,0,11.1,0.6,2.02,Enrolled,High,Veterinary Nursing
STD263545,1,39,1,9991,0,12,133.1,1,37,37,9,9,121.5,0,0,0,1,1,0,38,0,0,5,11,2,10.5,0,0,5,9,3,11.333333333333334,1,7.6,2.6,0.32,Enrolled,High,Management (evening attendance)
STD263546,1,17,3,9500,1,1,156.0,1,19,37,4,9,132.3,1,0,0,1,1,1,18,0,0,7,7,6,13.266666666666666,0,0,7,7,6,13.266666666666666,0,7.6,2.6,0.32,Graduate,Low,Nursing
STD263547,1,17,4,9500,1,1,143.0,1,19,38,9,6,131.5,1,0,0,1,1,1,18,0,0,7,8,7,12.5125,0,0,8,8,8,14.1875,0,13.9,-0.3,0.79,Graduate,Low,Nursing
STD263548,2,43,1,9130,1,9,133.1,1,34,34,0,0,128.2,0,0,0,1,1,0,28,0,0,5,9,0,0.0,0,0,5,5,0,0.0,0,7.6,2.6,0.32,Dropout,High,Equinculture
STD263549,1,39,1,9670,1,1,140.0,1,37,37,9,9,148.0,1,0,0,0,1,0,31,0,0,6,14,0,0.0,0,0,6,6,0,0.0,0,12.7,3.7,-1.7,Dropout,High,Advertising and Marketing Management
STD263550,1,1,1,9500,1,1,127.0,1,2,19,3,9,121.5,0,0,0,1,1,0,23,0,0,7,7,6,13.483333333333334,0,0,7,7,6,13.483333333333334,0,7.6,2.6,0.32,Graduate,Low,Nursing
STD263551,1,1,1,9500,1,1,135.0,1,38,19,194,193,135.4,1,0,0,1,1,0,21,0,0,7,9,6,12.565,0,0,8,12,5,12.16,0,11.1,0.6,2.02,Enrolled,Low,Nursing
STD263552,1,39,1,9238,1,19,133.1,1,37,37,9,9,139.0,0,0,1,0,1,0,33,0,0,6,8,0,0.0,0,0,5,6,0,0.0,0,16.2,0.3,-0.92,Dropout,High,Social Service
STD263553,1,43,1,9147,1,1,120.0,1,37,37,5,3,113.4,0,0,0,1,1,0,22,0,0,5,9,3,13.0,0,0,5,9,3,11.666666666666666,0,12.7,3.7,-1.7,Dropout,Medium,Management
STD263554,1,44,1,9119,1,39,150.0,1,19,37,9,9,150.0,1,0,1,1,1,0,20,0,0,5,6,5,16.5,0,0,5,7,5,17.714285714285715,0,12.4,0.5,1.79,Dropout,Low,Informatics Engineering
STD263555,1,17,1,9670,1,1,123.0,1,37,38,3,3,122.0,0,0,1,1,1,0,19,0,0,6,7,6,13.166666666666666,0,0,6,9,5,13.2,0,8.9,1.4,3.51,Enrolled,Low,Advertising and Marketing Management
STD263556,1,44,1,9085,1,39,150.0,1,38,38,4,1,150.0,1,0,0,1,1,0,20,0,1,6,11,6,13.8,0,1,6,7,6,13.142857142857142,0,16.2,0.3,-0.92,Graduate,Low,Veterinary Nursing
STD263557,1,39,1,9254,1,12,133.1,1,37,37,5,7,119.3,1,0,0,1,1,0,25,0,0,6,7,6,11.166666666666666,0,0,6,11,4,11.8,0,9.4,-0.8,-3.12,Enrolled,Low,Tourism
STD263558,1,39,1,9003,1,1,130.0,1,1,1,9,4,140.0,0,0,0,0,1,0,25,0,0,6,0,0,0.0,0,0,6,0,0,0.0,0,13.9,-0.3,0.79,Dropout,High,Agronomy
STD263559,1,1,4,9070,1,1,140.0,1,4,19,2,10,125.0,1,0,0,1,1,0,19,0,0,6,7,6,12.666666666666666,0,0,6,8,6,12.142857142857142,0,9.4,-0.8,-3.12,Enrolled,Low,Communication Design
STD263560,1,1,1,9670,1,1,141.0,1,2,1,2,4,140.7,1,0,0,1,1,0,20,0,0,5,5,5,12.6,0,0,5,6,4,14.5,1,7.6,2.6,0.32,Graduate,Low,Advertising and Marketing Management
STD263561,2,39,1,9500,1,19,133.1,1,19,19,4,4,100.0,0,0,0,1,1,0,33,0,0,7,7,5,13.06,0,0,7,9,0,0.0,0,16.2,0.3,-0.92,Enrolled,Medium,Nursing
STD263562,1,17,5,9773,1,1,146.0,1,1,37,5,5,146.7,1,0,0,1,1,0,19,0,0,6,7,6,13.833333333333334,0,0,6,8,6,13.625,0,7.6,2.6,0.32,Graduate,Low,Journalism and Communication
STD263563,1,39,1,9130,1,19,133.1,1,34,34,99,99,96.0,0,0,0,1,1,0,31,0,0,5,5,0,0.0,0,0,5,5,0,0.0,0,7.6,2.6,0.32,Dropout,High,Equinculture
STD263564,1,44,1,9119,1,39,160.0,1,3,38,2,3,160.0,0,0,1,0,1,0,24,0,2,6,6,2,16.0,0,2,7,7,2,16.0,0,8.9,1.4,3.51,Dropout,High,Informatics Engineering
STD263565,1,44,1,9119,1,39,130.0,1,19,3,3,4,130.0,0,0,1,0,1,0,23,0,0,5,5,0,0.0,0,0,5,5,0,0.0,0,15.5,2.8,-4.06,Dropout,High,Informatics Engineering
STD263566,2,39,1,9991,0,1,160.0,1,1,3,1,2,130.0,0,0,0,0,1,1,26,0,0,5,12,3,10.666666666666666,0,0,5,11,3,10.666666666666666,0,9.4,-0.8,-3.12,Dropout,High,Management (evening attendance)
STD263567,2,43,1,9070,1,2,140.0,1,37,37,6,6,140.0,1,0,0,1,1,0,38,0,14,18,18,18,14.5,0,13,18,18,18,14.5,0,16.2,0.3,-0.92,Graduate,Low,Communication Design
STD263568,1,1,6,9119,1,1,126.0,1,19,19,7,3,116.6,1,0,0,1,1,1,20,0,0,5,6,5,14.0,0,0,5,7,5,13.8,0,8.9,1.4,3.51,Graduate,Low,Informatics Engineering
STD263569,1,17,5,9119,1,1,118.0,1,1,19,9,9,120.5,1,0,0,1,1,0,20,0,0,5,10,3,13.333333333333334,0,0,5,11,5,13.571428571428571,0,12.4,0.5,1.79,Graduate,Medium,Informatics Engineering
STD263570,1,39,1,9085,1,19,133.1,1,3,1,2,5,103.0,0,0,0,1,1,0,25,0,0,6,0,0,0.0,0,0,6,0,0,0.0,0,10.8,1.4,1.74,Dropout,High,Veterinary Nursing
STD263571,1,17,2,9070,1,1,121.0,1,1,19,144,144,111.9,1,0,0,1,1,0,19,0,0,6,9,5,12.0,0,0,6,10,4,11.2,0,8.9,1.4,3.51,Graduate,Low,Communication Design
STD263572,1,17,1,9119,1,1,148.0,1,1,38,4,5,148.7,0,0,0,1,1,0,18,0,0,5,6,5,16.2,0,0,5,8,5,16.0,0,8.9,1.4,3.51,Graduate,Low,Informatics Engineering
STD263573,1,43,1,9991,0,12,133.1,1,12,12,9,9,120.0,0,0,0,1,1,0,28,0,7,13,13,7,10.285714285714286,0,5,11,13,5,10.6,0,10.8,1.4,1.74,Dropout,Medium,Management (evening attendance)
STD263574,1,1,2,9119,1,1,140.0,1,19,19,9,9,125.7,1,0,0,1,1,0,18,0,0,5,5,0,0.0,0,0,5,5,0,0.0,0,9.4,-0.8,-3.12,Enrolled,High,Informatics Engineering
STD263575,1,1,1,9254,1,1,132.0,1,1,38,9,9,120.1,1,0,0,1,1,1,20,0,0,6,7,6,13.571428571428571,0,0,6,8,6,13.166666666666666,0,8.9,1.4,3.51,Graduate,Low,Tourism
STD263576,1,1,1,9130,1,1,140.0,1,4,3,3,3,127.8,0,0,0,1,1,0,18,0,0,6,7,6,14.285714285714286,0,0,6,9,6,14.857142857142858,0,11.1,0.6,2.02,Graduate,Low,Equinculture
STD263577,1,17,3,9147,1,1,112.0,1,1,1,3,3,106.4,1,0,0,1,1,0,19,0,0,5,7,5,10.2,0,0,5,6,4,10.5,0,12.4,0.5,1.79,Graduate,Low,Management
STD263578,1,42,1,9500,1,1,100.0,1,19,19,9,9,100.0,0,0,1,1,1,0,24,0,0,8,16,2,10.25,1,0,8,16,2,10.25,1,12.7,3.7,-1.7,Dropout,High,Nursing
STD263579,1,17,4,9085,1,1,126.0,1,1,3,5,5,123.9,1,0,0,1,1,0,21,0,0,6,0,0,0.0,0,0,6,0,0,0.0,0,10.8,1.4,1.74,Dropout,High,Veterinary Nursing
STD263580,1,1,1,9670,1,1,150.0,1,3,37,4,7,139.5,0,0,0,1,1,1,20,0,0,6,7,6,14.833333333333334,0,0,6,6,6,14.833333333333334,0,12.7,3.7,-1.7,Graduate,Low,Advertising and Marketing Management
STD263581,1,44,1,9003,1,39,150.0,1,19,1,9,8,150.0,1,0,0,1,1,0,21,0,0,6,12,5,13.625,0,0,6,6,5,12.6,0,13.9,-0.3,0.79,Graduate,Low,Agronomy
STD263582,2,1,1,9556,1,1,144.0,1,19,19,193,144,139.8,0,0,1,1,1,0,24,0,0,7,7,7,12.271428571428572,0,0,8,10,7,13.657142857142857,0,10.8,1.4,1.74,Graduate,Low,Oral Hygiene
STD263583,1,39,1,9991,0,1,133.1,1,38,37,9,9,154.4,0,0,0,1,1,0,27,0,0,5,0,0,0.0,0,0,5,0,0,0.0,0,10.8,1.4,1.74,Dropout,High,Management (evening attendance)
STD263584,1,17,6,9147,1,1,120.0,1,37,38,9,9,115.5,1,0,1,0,1,0,19,0,0,5,8,4,12.5,0,0,5,9,5,10.5,0,8.9,1.4,3.51,Enrolled,High,Management
STD263585,1,39,1,8014,0,1,133.1,1,3,19,4,7,119.0,0,0,0,1,1,0,39,0,3,9,10,9,13.22222222222222,0,2,7,8,7,13.142857142857142,0,8.9,1.4,3.51,Graduate,Low,Social Service (evening attendance)
STD263586,1,39,1,33,1,1,133.1,1,19,37,9,9,96.1,0,0,0,1,1,0,25,0,0,7,13,2,15.0,0,0,7,12,2,11.5,0,12.4,0.5,1.79,Dropout,High,Biofuel Production Technologies
STD263587,1,7,1,171,1,3,130.0,1,1,2,9,2,130.0,0,0,0,0,1,0,18,0,0,0,0,0,0.0,0,0,0,0,0,0.0,0,9.4,-0.8,-3.12,Dropout,High,Animation and Multimedia Design
STD263588,1,43,1,9070,1,1,133.0,1,1,2,9,2,128.8,0,0,0,1,1,0,19,0,6,12,12,12,13.166666666666666,0,6,12,12,12,13.0,0,10.8,1.4,1.74,Graduate,Low,Communication Design
STD263589,1,18,1,9773,1,1,124.0,1,38,37,9,8,126.8,0,0,0,1,1,1,21,0,0,6,8,5,13.833333333333334,0,0,6,6,4,14.0,0,13.9,-0.3,0.79,Graduate,Low,Journalism and Communication
STD263590,1,7,1,9991,0,40,130.0,1,1,3,4,2,130.0,0,0,0,1,1,0,27,0,0,5,0,0,0.0,0,0,5,0,0,0.0,0,8.9,1.4,3.51,Dropout,High,Management (evening attendance)
STD263591,1,1,3,9147,1,1,124.0,1,1,1,5,3,116.7,1,0,0,1,1,0,19,0,0,5,6,0,0.0,0,0,5,6,0,0.0,0,7.6,2.6,0.32,Enrolled,High,Management
STD263592,1,17,3,9500,1,1,132.0,1,3,1,2,7,125.5,1,0,0,1,1,0,18,0,0,8,8,7,13.154285714285717,0,0,8,8,7,13.154285714285717,0,10.8,1.4,1.74,Enrolled,Low,Nursing
STD263593,1,7,1,9670,1,3,110.0,1,27,37,3,3,110.0,1,0,0,1,1,0,27,0,7,12,12,9,12.333333333333334,0,6,11,11,6,13.166666666666666,0,9.4,-0.8,-3.12,Dropout,Low,Advertising and Marketing Management
STD263594,1,1,3,9773,1,1,127.0,1,19,38,8,3,133.7,1,0,1,1,1,0,18,0,0,6,6,6,13.0,0,0,6,7,5,11.8,0,12.7,3.7,-1.7,Dropout,Low,Journalism and Communication
STD263595,1,1,1,9130,1,1,130.0,1,2,3,9,1,117.6,0,0,0,1,1,0,19,0,0,5,14,2,11.5,2,0,5,8,5,11.4,3,9.4,-0.8,-3.12,Enrolled,High,Equinculture
STD263596,1,44,1,9003,1,39,140.0,1,19,38,9,10,140.0,0,0,0,1,1,0,19,0,0,6,15,3,13.25,0,0,6,9,1,12.0,0,13.9,-0.3,0.79,Dropout,Medium,Agronomy
STD263597,1,44,1,9003,1,39,150.0,1,19,1,1,1,150.0,0,0,0,1,1,0,22,0,0,6,12,3,13.333333333333334,0,0,6,12,3,12.75,0,15.5,2.8,-4.06,Enrolled,Medium,Agronomy
STD263598,1,16,2,9238,1,1,133.0,1,19,38,4,5,133.7,1,0,0,1,0,0,18,0,0,6,6,6,13.5,0,0,6,6,6,12.166666666666666,0,10.8,1.4,1.74,Graduate,Low,Social Service
STD263599,1,16,4,9773,1,1,109.0,1,37,37,9,3,137.0,1,0,0,1,0,1,18,0,0,6,7,6,12.666666666666666,0,0,6,8,5,12.8,0,10.8,1.4,1.74,Graduate,Low,Journalism and Communication
STD263600,1,43,1,9147,1,1,133.1,1,4,19,2,1,128.2,0,0,0,1,0,0,23,0,7,11,18,11,15.090909090909092,1,2,6,7,6,14.5,0,9.4,-0.8,-3.12,Dropout,Low,Management
STD263601,1,18,4,171,1,1,133.0,1,1,4,9,5,129.2,1,0,1,0,1,0,20,0,0,0,0,0,0.0,0,0,0,0,0,0.0,0,9.4,-0.8,-3.12,Dropout,High,Animation and Multimedia Design
STD263602,1,17,3,9773,1,1,134.0,1,2,1,3,3,129.5,1,0,0,1,1,0,18,0,0,6,7,6,13.166666666666666,0,0,6,7,6,12.666666666666666,0,16.2,0.3,-0.92,Graduate,Low,Journalism and Communication
STD263603,1,1,4,9773,1,1,125.0,1,19,19,9,7,129.6,1,0,0,1,1,0,18,0,0,6,6,6,12.833333333333334,0,0,6,8,6,12.833333333333334,0,12.4,0.5,1.79,Graduate,Low,Journalism and Communication
STD263604,1,17,3,9119,1,1,135.0,1,1,19,141,193,121.7,1,0,0,1,1,0,18,0,0,5,7,5,11.8,0,0,5,9,3,12.0,0,8.9,1.4,3.51,Enrolled,Low,Informatics Engineering
STD263605,1,17,2,9773,1,1,132.0,1,19,1,9,9,141.8,1,0,0,1,1,0,20,0,0,6,6,6,11.833333333333334,0,0,6,6,6,12.166666666666666,0,12.7,3.7,-1.7,Graduate,Low,Journalism and Communication
STD263606,1,1,3,9773,1,1,135.0,1,3,1,2,4,129.8,1,0,0,1,1,0,20,0,0,6,6,5,12.8,0,0,6,11,3,12.75,0,15.5,2.8,-4.06,Graduate,Low,Journalism and Communication
STD263607,1,44,1,9070,1,39,100.0,1,1,1,4,4,106.0,0,0,0,1,1,0,21,0,2,7,7,5,11.8,0,5,9,9,5,11.0,0,12.4,0.5,1.79,Dropout,Medium,Communication Design
STD263608,1,43,1,171,1,1,144.0,1,19,19,9,4,121.6,0,0,0,1,1,0,22,0,0,0,0,0,0.0,0,0,0,0,0,0.0,0,13.9,-0.3,0.79,Enrolled,High,Animation and Multimedia Design
STD263609,1,17,1,9119,1,1,125.0,1,19,1,5,4,121.5,1,0,0,1,1,0,20,0,0,5,7,5,15.8,0,0,5,7,5,14.571428571428571,0,11.1,0.6,2.02,Dropout,Low,Informatics Engineering
STD263610,1,1,1,171,1,1,133.1,1,1,37,9,9,117.0,0,0,1,1,1,0,19,0,0,0,0,0,0.0,0,0,0,0,0,0.0,0,15.5,2.8,-4.06,Enrolled,High,Animation and Multimedia Design
STD263611,1,44,1,9119,1,39,130.0,1,38,19,9,5,130.0,1,0,0,1,1,0,19,0,0,5,9,2,12.5,0,0,5,10,3,11.6,0,12.4,0.5,1.79,Enrolled,High,Informatics Engineering
STD263612,1,17,1,9670,1,1,117.0,1,1,1,4,4,117.7,1,0,0,1,1,0,20,0,0,6,9,6,14.666666666666666,0,0,6,7,6,13.857142857142858,0,8.9,1.4,3.51,Graduate,Low,Advertising and Marketing Management
STD263613,1,44,1,9085,1,39,140.0,1,19,37,5,7,140.0,1,0,0,1,1,0,19,0,2,6,10,4,12.5,0,1,6,16,2,12.0,0,12.4,0.5,1.79,Dropout,Medium,Veterinary Nursing
STD263614,1,1,1,9119,1,1,132.0,1,1,12,3,3,133.1,1,0,0,1,1,0,19,0,0,5,7,3,12.0,0,0,6,10,2,10.5,0,11.1,0.6,2.02,Dropout,Medium,Informatics Engineering
STD263615,1,15,1,9119,1,1,133.1,41,2,2,2,2,100.0,0,0,1,1,1,0,24,1,2,8,8,7,13.142857142857142,0,1,6,8,6,11.833333333333334,0,8.9,1.4,3.51,Enrolled,Low,Informatics Engineering
STD263616,1,17,1,9670,1,1,132.0,1,19,1,5,4,119.1,0,0,1,1,1,0,18,0,0,6,6,3,12.666666666666666,0,0,6,11,4,11.142857142857142,0,10.8,1.4,1.74,Dropout,Medium,Advertising and Marketing Management
STD263617,1,1,1,9119,1,1,148.0,1,19,19,9,8,129.8,0,0,0,0,1,1,18,0,0,5,6,5,15.0,0,0,5,6,5,14.2,0,8.9,1.4,3.51,Enrolled,High,Informatics Engineering
STD263618,1,1,1,9238,1,1,133.0,1,19,38,9,7,131.3,1,0,1,1,0,0,18,0,0,6,7,5,13.6,0,0,6,7,5,11.8,0,8.9,1.4,3.51,Dropout,Low,Social Service
STD263619,1,17,5,9773,1,1,143.0,1,1,1,7,7,136.7,1,0,0,1,0,0,18,0,0,6,6,6,12.5,0,0,6,6,6,13.833333333333334,0,8.9,1.4,3.51,Graduate,Low,Journalism and Communication
STD263620,1,17,1,9238,1,1,143.0,1,19,37,9,9,126.2,1,0,0,1,0,1,21,0,0,6,7,6,13.333333333333334,0,0,6,7,6,13.5,0,12.4,0.5,1.79,Graduate,Low,Social Service
STD263621,1,15,1,9085,1,1,133.1,41,37,37,9,9,109.6,0,0,0,1,0,0,18,1,0,6,13,4,12.25,0,0,6,15,5,11.0,0,11.1,0.6,2.02,Dropout,Medium,Veterinary Nursing
STD263622,1,1,1,9500,1,1,141.0,1,1,19,3,3,131.9,1,0,0,1,0,1,18,0,0,7,7,7,15.101428571428572,0,0,8,8,8,16.09375,0,11.1,0.6,2.02,Graduate,Low,Nursing
STD263623,1,1,2,9238,1,1,140.0,1,19,37,9,9,140.7,1,0,0,1,0,1,18,0,0,6,6,6,13.166666666666666,0,0,6,6,6,16.0,0,10.8,1.4,1.74,Graduate,Low,Social Service
STD263624,1,18,6,8014,0,1,134.0,1,3,19,2,4,120.7,1,0,0,1,0,0,23,0,0,6,8,4,11.0,0,0,6,6,0,0.0,0,13.9,-0.3,0.79,Dropout,Medium,Social Service (evening attendance)
STD263625,1,1,2,9147,1,1,118.0,1,3,19,2,4,113.8,1,0,0,1,0,0,21,0,0,5,9,3,11.666666666666666,0,0,5,9,4,11.75,0,8.9,1.4,3.51,Graduate,Medium,Management
STD263626,1,1,1,9238,1,1,135.0,1,19,38,7,5,121.0,0,0,0,1,0,0,20,0,0,6,13,1,10.0,0,0,6,13,1,13.0,0,9.4,-0.8,-3.12,Enrolled,High,Social Service
STD263627,1,17,1,8014,0,1,119.0,1,34,34,0,0,112.4,1,0,0,1,0,0,26,0,4,7,15,7,11.571428571428571,0,2,6,14,2,11.0,0,7.6,2.6,0.32,Dropout,Low,Social Service (evening attendance)
STD263628,1,1,6,9773,1,1,145.0,1,1,19,4,4,131.0,1,0,0,1,0,1,18,0,0,6,6,6,12.166666666666666,0,0,6,10,5,11.2,0,7.6,2.6,0.32,Enrolled,Low,Journalism and Communication
STD263629,1,1,1,171,1,1,143.0,1,3,37,9,9,142.7,1,0,0,1,0,0,18,0,0,0,0,0,0.0,0,0,0,0,0,0.0,0,16.2,0.3,-0.92,Dropout,High,Animation and Multimedia Design
STD263630,1,1,1,9670,1,1,123.0,1,19,19,9,8,125.5,0,0,0,0,0,1,19,0,0,6,6,6,13.833333333333334,0,0,6,7,6,14.285714285714286,0,8.9,1.4,3.51,Graduate,High,Advertising and Marketing Management
STD263631,1,1,3,9500,1,1,108.0,1,19,1,9,3,107.8,1,0,0,1,0,1,20,0,0,7,10,6,12.357142857142858,0,0,8,9,7,13.0,0,13.9,-0.3,0.79,Graduate,Low,Nursing
STD263632,1,1,3,9773,1,1,117.0,1,38,19,7,7,110.4,1,0,1,0,0,0,19,0,0,6,7,6,12.166666666666666,0,0,6,10,2,10.333333333333334,0,16.2,0.3,-0.92,Dropout,High,Journalism and Communication
STD263633,1,44,1,9238,1,39,140.0,1,37,19,191,102,136.1,1,0,1,1,0,0,21,0,3,6,8,3,12.0,0,2,6,6,2,12.5,0,12.4,0.5,1.79,Enrolled,Medium,Social Service
STD263634,1,39,1,9254,1,1,170.0,1,37,37,4,6,138.3,0,0,0,1,0,0,33,0,5,10,14,9,12.416666666666666,0,5,9,14,7,13.0,0,10.8,1.4,1.74,Graduate,Low,Tourism
STD263635,1,1,2,9085,1,1,157.0,1,3,38,4,6,142.3,0,0,0,1,0,0,18,0,0,5,7,4,12.75,0,0,5,6,4,12.75,0,7.6,2.6,0.32,Graduate,Low,Veterinary Nursing
STD263636,1,42,1,9500,1,6,141.0,1,37,1,9,4,145.0,0,0,0,1,0,0,21,0,12,21,33,18,14.933333333333334,12,12,21,33,18,14.933333333333334,12,7.6,2.6,0.32,Graduate,Low,Nursing
STD263637,1,1,1,9773,1,1,125.0,1,3,19,2,3,125.7,1,0,0,1,0,0,19,0,0,6,6,6,13.0,0,0,6,7,6,11.666666666666666,0,8.9,1.4,3.51,Graduate,Low,Journalism and Communication
STD263638,4,39,1,9853,1,19,133.1,1,38,19,9,9,108.0,0,0,1,0,0,0,33,0,0,7,7,7,12.857142857142858,0,0,7,8,6,12.666666666666666,0,8.9,1.4,3.51,Enrolled,High,Basic Education
STD263639,2,1,4,9500,1,1,143.0,1,38,38,5,5,128.7,1,0,0,1,0,0,18,0,0,7,10,7,14.455000000000002,0,0,8,8,8,13.91,0,15.5,2.8,-4.06,Graduate,Low,Nursing
STD263640,1,1,1,9670,1,1,142.0,1,1,19,4,4,128.0,0,0,0,1,0,1,18,0,0,6,8,6,14.0,0,0,6,7,6,13.285714285714286,0,11.1,0.6,2.02,Graduate,Low,Advertising and Marketing Management
STD263641,1,1,3,9773,1,1,150.0,1,19,38,4,4,146.5,1,0,0,1,0,1,20,0,0,6,6,6,13.5,0,0,6,7,6,12.666666666666666,0,11.1,0.6,2.02,Graduate,Low,Journalism and Communication
STD263642,1,1,2,9254,1,1,112.0,1,37,37,6,6,106.1,1,0,0,0,0,0,20,0,0,6,0,0,0.0,0,0,6,0,0,0.0,0,11.1,0.6,2.02,Dropout,High,Tourism
STD263643,1,17,2,8014,0,1,133.1,1,19,1,1,1,118.0,0,0,0,1,0,1,20,0,0,6,6,6,11.666666666666666,0,0,6,12,5,14.0,0,10.8,1.4,1.74,Graduate,Low,Social Service (evening attendance)
STD263644,1,17,1,9085,1,1,125.0,1,1,37,4,9,117.0,1,0,0,1,0,1,19,0,0,5,6,4,12.0,0,0,5,8,5,13.333333333333334,1,10.8,1.4,1.74,Graduate,Low,Veterinary Nursing
STD263645,1,1,3,9238,1,1,121.0,1,38,37,8,8,115.4,1,0,0,1,0,1,19,0,0,6,7,6,11.714285714285714,0,0,6,6,6,11.833333333333334,0,13.9,-0.3,0.79,Graduate,Low,Social Service
STD263646,1,17,3,9238,1,1,133.1,1,41,1,2,3,117.0,1,0,0,1,0,0,21,0,0,6,8,6,12.666666666666666,0,0,6,7,6,12.428571428571429,0,11.1,0.6,2.02,Graduate,Low,Social Service
STD263647,1,39,1,9085,1,1,133.1,1,3,3,4,2,144.9,1,0,0,1,0,0,26,0,0,6,11,3,11.75,0,0,6,19,4,12.8,0,12.4,0.5,1.79,Enrolled,Medium,Veterinary Nursing
STD263648,1,17,1,9238,1,1,135.0,1,37,37,8,6,127.0,0,0,0,1,0,0,21,0,0,6,0,0,0.0,0,0,6,0,0,0.0,0,16.2,0.3,-0.92,Dropout,High,Social Service
STD263649,1,1,4,9500,1,1,132.0,1,19,38,5,5,118.0,1,0,0,1,0,0,18,0,0,8,8,7,12.328571428571427,0,0,8,8,7,12.328571428571427,0,12.7,3.7,-1.7,Graduate,Low,Nursing
STD263650,5,39,1,9853,1,19,133.1,1,37,37,9,8,118.0,0,0,0,1,0,0,27,0,0,7,14,6,11.666666666666666,0,0,7,10,1,10.0,0,12.4,0.5,1.79,Dropout,Low,Basic Education
STD263651,1,43,1,9070,1,1,135.0,1,1,38,3,9,126.4,1,0,0,1,0,1,20,0,5,12,12,12,13.25,0,5,12,12,11,12.727272727272728,0,15.5,2.8,-4.06,Graduate,Low,Communication Design
STD263652,1,43,1,9670,1,39,110.0,1,19,3,7,10,110.0,0,0,0,1,0,0,21,0,0,6,8,5,11.833333333333334,0,0,6,8,4,13.25,2,16.2,0.3,-0.92,Enrolled,Low,Advertising and Marketing Management
STD263653,1,17,1,9556,1,1,133.0,1,38,37,9,9,124.4,1,0,0,1,0,1,18,0,0,7,7,7,13.3,0,0,8,8,8,15.125,0,15.5,2.8,-4.06,Graduate,Low,Oral Hygiene
STD263654,1,44,1,9085,1,39,140.0,1,1,19,9,9,140.0,1,0,0,1,0,0,20,0,1,6,13,6,12.555555555555555,0,1,6,11,5,11.8,0,16.2,0.3,-0.92,Enrolled,Low,Veterinary Nursing
STD263655,1,1,1,9773,1,1,135.0,1,1,19,4,10,129.4,1,0,0,1,0,0,18,0,0,6,6,6,12.833333333333334,0,0,6,7,6,12.166666666666666,0,11.1,0.6,2.02,Graduate,Low,Journalism and Communication
STD263656,1,44,1,9238,1,39,140.0,1,1,1,3,5,141.7,0,0,0,1,0,1,20,0,3,6,6,6,12.833333333333334,0,2,6,6,6,12.833333333333334,0,13.9,-0.3,0.79,Graduate,Low,Social Service
STD263657,1,1,2,9085,1,1,144.0,1,1,19,4,10,132.1,1,0,0,1,0,1,19,0,0,5,10,3,12.666666666666666,1,0,5,7,3,13.0,0,12.7,3.7,-1.7,Graduate,Medium,Veterinary Nursing
STD263658,1,1,5,9500,1,1,122.0,1,37,3,9,2,116.8,1,0,0,1,0,0,20,0,0,7,8,6,13.271428571428572,0,0,8,8,7,14.471428571428572,0,13.9,-0.3,0.79,Graduate,Low,Nursing
STD263659,1,1,1,9991,0,1,143.0,1,19,37,5,8,135.0,0,0,0,1,0,1,20,0,0,5,5,5,12.4,0,0,5,6,5,12.833333333333334,0,10.8,1.4,1.74,Graduate,Low,Management (evening attendance)
STD263660,1,44,1,9085,1,39,150.0,1,38,1,5,5,150.0,0,0,0,1,0,0,20,0,0,5,10,2,14.5,1,0,5,7,4,11.25,0,12.7,3.7,-1.7,Enrolled,High,Veterinary Nursing
STD263661,1,1,3,9238,1,1,124.0,1,19,1,7,10,116.0,1,0,1,1,0,0,19,0,0,6,7,0,0.0,0,0,5,5,0,0.0,0,13.9,-0.3,0.79,Dropout,High,Social Service
STD263662,1,1,1,9773,1,1,156.0,1,3,3,123,122,155.0,0,0,0,1,0,0,18,0,0,6,7,6,14.285714285714286,0,0,6,8,6,13.25,0,8.9,1.4,3.51,Graduate,Low,Journalism and Communication
STD263663,1,1,1,9085,1,1,142.0,1,38,38,9,10,127.0,1,0,0,1,0,0,18,0,0,5,7,3,12.333333333333334,0,0,5,9,5,12.6,0,10.8,1.4,1.74,Graduate,Medium,Veterinary Nursing
STD263664,1,17,1,9500,1,1,142.0,1,38,37,9,8,130.8,1,0,0,1,0,1,19,0,0,7,10,6,12.583333333333334,0,0,8,8,7,12.671428571428573,0,13.9,-0.3,0.79,Graduate,Low,Nursing
STD263665,1,1,6,9500,1,1,126.0,1,12,37,5,9,121.8,1,0,0,1,0,0,19,0,0,7,8,6,13.731666666666667,0,0,8,10,7,13.771428571428572,0,12.4,0.5,1.79,Dropout,Low,Nursing
STD263666,1,39,1,9003,1,19,133.1,1,37,37,9,4,140.0,0,0,0,1,1,0,43,0,0,6,8,6,12.875,0,0,6,14,5,12.142857142857142,0,16.2,0.3,-0.92,Enrolled,Low,Agronomy
STD263667,2,42,1,9070,1,1,170.0,1,37,25,0,4,148.5,0,0,0,1,1,0,47,0,8,10,14,8,14.625,0,5,7,7,5,13.4,0,9.4,-0.8,-3.12,Dropout,Low,Communication Design
STD263668,1,42,1,9147,1,1,130.0,1,34,34,99,99,109.8,1,0,0,0,1,0,23,0,0,3,3,0,0.0,0,0,2,2,0,0.0,0,7.6,2.6,0.32,Dropout,High,Management
STD263669,1,1,1,9238,1,1,133.0,41,19,19,9,9,119.7,1,0,1,1,0,1,19,1,0,6,8,6,12.666666666666666,0,0,6,7,6,12.666666666666666,0,8.9,1.4,3.51,Graduate,Low,Social Service
STD263670,1,42,1,9500,1,1,122.0,1,3,3,2,2,122.0,1,0,0,1,0,0,20,0,0,8,11,6,12.491666666666667,0,0,8,11,6,12.491666666666667,0,12.7,3.7,-1.7,Graduate,Low,Nursing
STD263671,1,1,1,171,1,1,138.0,1,1,3,4,4,147.5,1,0,0,1,0,1,19,0,6,12,12,12,13.666666666666666,0,4,11,12,11,14.166666666666666,0,8.9,1.4,3.51,Graduate,Low,Animation and Multimedia Design
STD263672,1,17,1,9085,1,1,163.0,14,37,37,9,9,150.8,1,0,0,1,0,0,19,1,0,6,13,6,16.0,0,0,6,8,6,14.5,0,15.5,2.8,-4.06,Graduate,Low,Veterinary Nursing
STD263673,1,44,1,9085,1,39,150.0,1,19,37,4,7,150.0,1,0,0,1,0,0,19,0,2,6,8,6,14.142857142857142,0,1,6,7,6,13.0,0,13.9,-0.3,0.79,Graduate,Low,Veterinary Nursing
STD263674,1,39,1,8014,0,19,133.1,1,19,19,144,141,131.5,0,0,1,1,0,1,39,0,0,6,9,6,11.833333333333334,0,0,6,9,4,13.75,0,11.1,0.6,2.02,Graduate,Low,Social Service (evening attendance)
STD263675,1,1,1,9070,1,1,144.0,1,1,1,3,5,127.2,1,0,0,1,0,1,20,0,0,6,6,6,12.666666666666666,0,0,6,8,6,13.0,0,10.8,1.4,1.74,Graduate,Low,Communication Design
STD263676,1,17,1,9070,1,1,118.0,1,38,19,9,3,111.0,1,0,0,1,0,0,21,0,0,6,6,6,12.5,0,0,6,6,6,12.666666666666666,0,7.6,2.6,0.32,Graduate,Low,Communication Design
STD263677,1,43,5,9238,1,1,101.0,24,37,19,9,7,119.9,1,0,1,0,0,0,22,1,5,11,16,9,10.88888888888889,0,2,10,20,4,11.25,1,9.4,-0.8,-3.12,Graduate,High,Social Service
STD263678,1,1,2,9773,1,1,133.0,1,19,38,5,0,133.7,1,0,0,1,0,0,19,0,0,6,11,1,13.0,0,0,5,10,0,0.0,0,7.6,2.6,0.32,Dropout,High,Journalism and Communication
STD263679,1,17,1,9670,1,1,133.1,1,1,19,141,114,140.0,1,0,0,1,0,0,22,0,0,6,6,6,15.166666666666666,0,0,6,6,6,16.0,0,13.9,-0.3,0.79,Graduate,Low,Advertising and Marketing Management
STD263680,1,5,2,9853,1,1,124.0,1,19,19,3,3,113.9,1,0,0,1,0,1,19,0,0,6,8,6,12.666666666666666,0,0,6,7,6,12.0,0,12.7,3.7,-1.7,Graduate,Low,Basic Education
STD263681,1,1,1,171,1,1,127.0,1,37,38,9,9,120.7,1,0,1,1,1,0,18,0,0,0,0,0,0.0,0,0,0,0,0,0.0,0,7.6,2.6,0.32,Dropout,High,Animation and Multimedia Design
STD263682,5,39,1,9147,1,1,133.1,1,19,19,9,9,119.8,0,0,0,1,1,0,26,0,0,5,9,5,12.0,0,0,5,5,5,10.2,0,11.1,0.6,2.02,Enrolled,Low,Management
STD263683,1,39,1,9991,0,1,110.0,1,37,37,9,9,121.8,0,0,0,0,1,0,36,0,0,5,5,0,0.0,0,0,5,5,0,0.0,0,12.7,3.7,-1.7,Dropout,High,Management (evening attendance)
STD263684,1,18,1,171,1,1,110.0,1,19,2,5,5,117.7,1,0,1,1,1,1,20,0,0,0,0,0,0.0,0,0,0,0,0,0.0,0,12.4,0.5,1.79,Graduate,High,Animation and Multimedia Design
STD263685,2,39,1,9147,1,1,160.0,1,37,37,9,7,110.0,0,0,0,1,1,0,30,0,0,5,8,2,11.0,0,0,5,6,4,11.5,0,15.5,2.8,-4.06,Dropout,High,Management
STD263686,1,43,1,9003,1,1,120.0,1,1,1,4,10,134.4,0,0,0,1,1,0,24,0,0,6,7,6,15.714285714285714,0,0,6,10,6,15.9,0,15.5,2.8,-4.06,Dropout,Low,Agronomy
STD263687,1,1,1,9147,1,1,133.1,1,34,34,0,0,125.3,0,0,0,1,1,0,26,0,11,15,15,11,10.818181818181818,0,12,14,15,11,11.636363636363637,1,7.6,2.6,0.32,Dropout,Medium,Management
STD263688,1,1,1,9147,1,1,132.0,1,19,38,9,7,119.1,0,0,0,0,1,0,19,0,0,5,16,1,12.0,0,0,5,6,0,0.0,0,13.9,-0.3,0.79,Dropout,High,Management
STD263689,5,39,1,9238,1,1,130.0,1,19,38,9,10,146.0,0,0,0,1,1,0,34,0,0,6,8,5,12.6,0,0,6,11,4,11.25,0,12.4,0.5,1.79,Graduate,Low,Social Service
STD263690,1,43,1,9130,1,1,130.0,1,1,1,1,1,130.0,1,0,0,1,1,0,33,0,0,5,12,1,13.0,2,0,5,7,3,14.0,0,9.4,-0.8,-3.12,Enrolled,High,Equinculture
STD263691,1,17,6,9147,1,1,129.0,1,19,1,9,4,122.0,1,0,0,1,1,0,19,0,0,5,8,5,11.6,1,0,5,10,4,10.75,0,9.4,-0.8,-3.12,Graduate,Low,Management
STD263692,1,17,5,9119,1,1,130.0,1,19,1,4,5,118.1,1,0,1,0,1,0,26,0,0,5,11,1,10.0,0,0,5,14,1,11.0,0,8.9,1.4,3.51,Dropout,High,Informatics Engineering
STD263693,1,39,1,9670,1,1,140.0,1,38,37,7,7,105.2,0,0,0,1,1,0,29,0,0,6,7,1,14.0,0,0,6,6,0,0.0,0,16.2,0.3,-0.92,Dropout,High,Advertising and Marketing Management
STD263694,1,17,5,9119,1,1,131.0,1,19,37,9,7,123.3,1,0,0,1,1,1,19,0,0,5,9,5,12.6,0,0,5,8,2,12.5,0,8.9,1.4,3.51,Dropout,Low,Informatics Engineering
STD263695,1,17,1,171,1,1,129.0,1,1,1,9,9,124.8,1,0,0,1,1,0,18,0,0,0,0,0,0.0,0,0,0,0,0,0.0,0,12.7,3.7,-1.7,Dropout,High,Animation and Multimedia Design
STD263696,1,39,1,9991,0,19,133.1,1,19,37,9,9,149.4,0,0,0,0,1,0,29,0,0,5,11,2,11.333333333333334,0,0,5,9,1,12.0,0,11.1,0.6,2.02,Dropout,High,Management (evening attendance)
STD263697,1,43,1,9254,1,1,112.0,1,37,37,9,9,108.5,0,0,0,1,1,0,21,0,0,6,6,6,12.666666666666666,0,0,6,7,5,11.4,0,9.4,-0.8,-3.12,Graduate,Low,Tourism
STD263698,1,17,1,9254,1,1,119.0,1,1,1,4,10,125.0,0,0,0,1,1,0,19,0,0,6,7,5,10.8,0,0,6,10,2,10.5,0,10.8,1.4,1.74,Enrolled,Low,Tourism
STD263699,1,1,1,9500,1,1,133.1,1,38,38,5,10,101.0,0,0,0,1,1,0,20,0,0,7,14,5,12.87857142857143,0,0,8,15,7,11.85625,0,15.5,2.8,-4.06,Graduate,Medium,Nursing
STD263700,1,1,1,9085,1,1,123.0,1,3,1,2,5,112.9,0,0,0,1,1,0,18,0,0,5,5,0,0.0,0,0,5,5,0,0.0,0,7.6,2.6,0.32,Dropout,High,Veterinary Nursing
STD263701,1,17,3,9070,1,1,131.0,1,38,37,5,5,120.2,1,0,0,1,1,0,18,0,0,6,6,6,12.833333333333334,0,0,6,8,5,11.4,0,15.5,2.8,-4.06,Enrolled,Low,Communication Design
STD263702,1,1,1,9147,1,1,120.0,1,34,34,99,99,111.6,0,0,1,1,1,1,21,0,0,5,5,5,12.6,0,0,5,9,3,12.833333333333334,0,10.8,1.4,1.74,Enrolled,Low,Management
STD263703,1,1,1,9147,1,1,125.0,1,1,1,4,2,134.1,1,0,0,1,1,0,20,0,0,5,0,0,0.0,0,0,5,0,0,0.0,0,8.9,1.4,3.51,Dropout,High,Management
STD263704,1,39,1,9119,1,1,133.1,1,37,37,9,9,101.6,0,0,0,1,1,1,30,0,0,5,11,0,0.0,0,0,5,5,0,0.0,0,12.7,3.7,-1.7,Dropout,High,Informatics Engineering
STD263705,1,18,2,9670,1,1,121.0,1,37,38,4,1,111.9,1,0,0,1,1,0,19,0,0,6,6,6,14.166666666666666,0,0,6,6,6,14.0,0,13.9,-0.3,0.79,Graduate,Low,Advertising and Marketing Management
STD263706,1,51,1,9147,1,1,148.0,1,1,19,9,6,118.4,1,0,0,1,1,0,30,0,0,5,7,5,13.4,0,0,5,7,4,13.25,0,8.9,1.4,3.51,Dropout,Low,Management
STD263707,1,1,1,9147,1,1,139.0,1,38,1,5,5,127.1,1,0,0,1,1,1,22,0,0,5,8,5,11.2,0,0,5,13,4,11.25,0,12.7,3.7,-1.7,Graduate,Low,Management
STD263708,1,17,3,171,1,1,125.0,1,37,37,5,10,120.5,1,0,0,1,1,0,22,0,0,0,0,0,0.0,0,0,0,0,0,0.0,0,12.4,0.5,1.79,Graduate,High,Animation and Multimedia Design
STD263709,1,17,4,9070,1,1,128.0,1,1,1,9,10,136.1,1,0,1,0,1,0,19,0,0,6,6,6,12.666666666666666,0,0,6,8,5,11.8,0,11.1,0.6,2.02,Dropout,High,Communication Design
STD263710,1,17,2,9670,1,1,132.0,1,1,19,5,3,124.0,1,0,0,1,1,0,21,0,0,5,7,3,12.333333333333334,0,0,5,5,4,11.25,0,7.6,2.6,0.32,Dropout,Medium,Advertising and Marketing Management
STD263711,1,17,4,9085,1,1,137.0,1,38,38,151,151,141.6,0,0,0,1,1,0,21,0,0,5,7,4,12.25,0,0,5,7,5,12.0,0,7.6,2.6,0.32,Graduate,Low,Veterinary Nursing
STD263712,1,44,1,171,1,39,160.0,1,19,38,9,9,160.0,1,0,1,1,1,1,21,0,0,0,0,0,0.0,0,0,0,0,0,0.0,0,15.5,2.8,-4.06,Dropout,High,Animation and Multimedia Design
STD263713,1,39,1,9147,1,1,120.0,1,1,19,4,7,110.0,0,0,0,1,1,0,27,0,0,5,13,3,10.75,0,0,5,9,3,10.333333333333334,0,15.5,2.8,-4.06,Dropout,Medium,Management
STD263714,1,43,1,33,1,1,134.0,1,37,37,1,1,100.0,1,0,0,1,1,0,32,0,0,7,7,0,0.0,0,0,7,8,0,0.0,0,13.9,-0.3,0.79,Dropout,High,Biofuel Production Technologies
STD263715,1,39,1,9670,1,12,133.1,1,37,1,9,3,120.0,0,0,1,0,1,0,40,0,0,6,13,0,0.0,0,0,6,6,0,0.0,0,15.5,2.8,-4.06,Dropout,High,Advertising and Marketing Management
STD263716,1,1,2,9147,1,1,116.0,1,37,1,5,3,124.8,1,0,0,1,1,0,20,0,0,5,9,2,14.333333333333334,0,0,5,10,2,12.5,0,7.6,2.6,0.32,Enrolled,High,Management
STD263717,1,44,1,9130,1,39,140.0,1,4,4,2,10,140.0,1,0,0,1,1,0,20,0,1,5,8,2,11.5,0,1,5,13,2,11.5,0,12.7,3.7,-1.7,Dropout,High,Equinculture
STD263718,1,1,3,171,1,1,140.0,1,37,37,9,9,124.3,1,0,0,1,1,0,18,0,0,0,0,0,0.0,0,0,0,0,0,0.0,0,7.6,2.6,0.32,Graduate,High,Animation and Multimedia Design
STD263719,1,43,1,9147,1,1,122.0,1,1,38,1,7,118.9,0,0,0,1,1,0,21,0,0,5,11,2,10.5,0,0,5,13,0,0.0,0,12.7,3.7,-1.7,Dropout,High,Management
STD263720,1,17,1,9670,1,1,141.0,1,19,37,5,8,130.2,0,0,0,1,1,0,18,0,0,6,6,6,13.5,0,0,6,0,0,0.0,0,12.7,3.7,-1.7,Dropout,Low,Advertising and Marketing Management
STD263721,1,44,1,9003,1,1,120.0,1,1,3,144,123,120.0,0,0,0,1,1,0,19,0,0,6,17,1,11.0,0,0,6,19,0,0.0,0,16.2,0.3,-0.92,Enrolled,High,Agronomy
STD263722,5,7,1,9070,1,3,140.0,1,37,37,7,7,140.0,0,0,0,0,1,0,30,0,0,6,6,1,10.0,0,0,6,6,0,0.0,0,15.5,2.8,-4.06,Dropout,High,Communication Design
STD263723,1,39,1,9003,1,12,133.1,1,19,1,9,1,130.0,0,0,0,1,1,0,29,0,0,6,17,0,0.0,2,0,6,8,0,0.0,0,15.5,2.8,-4.06,Dropout,High,Agronomy
STD263724,1,17,2,9119,1,1,137.0,1,1,1,4,4,130.4,1,0,1,1,1,0,18,0,0,5,10,1,12.0,0,0,5,7,3,10.666666666666666,2,7.6,2.6,0.32,Dropout,High,Informatics Engineering
STD263725,1,1,2,9670,1,1,122.0,1,1,1,9,9,116.1,1,0,0,1,1,1,18,0,0,5,6,4,12.25,0,0,5,5,5,12.2,0,9.4,-0.8,-3.12,Dropout,Low,Advertising and Marketing Management
STD263726,1,44,1,9003,1,39,130.0,1,1,1,3,10,130.0,0,0,0,1,1,0,22,0,4,10,21,5,11.4,1,2,7,13,6,11.666666666666666,0,15.5,2.8,-4.06,Dropout,Medium,Agronomy
STD263727,1,43,2,9991,0,1,140.0,1,37,37,5,5,124.3,1,0,0,0,1,0,27,0,0,5,5,0,0.0,0,0,5,5,0,0.0,0,12.7,3.7,-1.7,Dropout,High,Management (evening attendance)
STD263728,1,17,6,9670,1,1,125.0,1,38,1,9,7,125.0,1,0,0,1,1,0,20,0,0,6,8,4,14.25,0,0,6,10,5,14.0,0,10.8,1.4,1.74,Graduate,Medium,Advertising and Marketing Management
STD263729,1,51,1,8014,0,2,110.0,1,19,38,9,10,110.0,0,0,0,1,1,0,42,0,8,12,12,11,14.454545454545457,0,7,11,11,10,14.2,0,11.1,0.6,2.02,Graduate,Low,Social Service (evening attendance)
STD263730,1,1,1,9003,1,1,133.1,1,38,38,4,8,115.0,0,0,1,1,1,0,21,0,8,12,13,12,14.538461538461538,0,4,12,14,12,14.461538461538462,0,15.5,2.8,-4.06,Graduate,Low,Agronomy
STD263731,1,43,1,9500,1,1,132.0,1,1,38,7,7,129.6,0,1,0,1,1,0,23,0,0,7,10,6,12.733333333333334,0,0,8,10,7,11.95,0,16.2,0.3,-0.92,Graduate,Low,Nursing
STD263732,1,51,1,9070,1,1,122.0,1,38,38,9,9,128.8,1,0,0,1,1,0,21,0,4,12,13,5,13.2,0,4,12,12,4,13.5,0,8.9,1.4,3.51,Dropout,High,Communication Design
STD263733,1,1,3,171,1,1,155.0,1,4,3,1,1,144.2,1,0,0,1,1,0,19,0,0,0,0,0,0.0,0,0,0,0,0,0.0,0,12.7,3.7,-1.7,Graduate,High,Animation and Multimedia Design
STD263734,2,39,1,9238,1,1,120.0,1,37,37,7,7,134.0,0,0,0,1,1,1,40,0,0,6,7,6,12.333333333333334,0,0,6,10,4,12.75,0,8.9,1.4,3.51,Dropout,Low,Social Service
STD263735,1,43,1,9147,1,1,129.0,1,19,1,9,5,112.0,0,0,0,1,1,0,22,0,5,9,9,5,11.2,0,5,9,14,7,11.25,2,12.7,3.7,-1.7,Dropout,Medium,Management
STD263736,1,1,2,9500,1,1,144.0,1,38,37,9,9,128.8,1,0,0,1,1,0,19,0,0,7,7,6,13.2,0,0,7,7,6,13.2,0,7.6,2.6,0.32,Graduate,Low,Nursing
STD263737,1,39,1,9119,1,1,130.0,1,19,37,9,9,134.0,0,0,0,1,1,1,24,0,0,5,8,5,11.833333333333334,0,0,5,8,4,14.0,0,12.7,3.7,-1.7,Enrolled,Low,Informatics Engineering
STD263738,1,1,1,9254,1,1,133.1,1,3,1,2,4,125.0,0,0,0,1,1,0,21,0,0,6,10,5,11.333333333333334,0,0,6,14,2,11.5,0,12.7,3.7,-1.7,Enrolled,Low,Tourism
STD263739,1,17,4,9119,1,1,133.0,1,3,1,9,3,123.2,1,0,0,1,1,0,18,0,0,5,5,5,13.6,0,0,5,6,5,14.6,0,8.9,1.4,3.51,Graduate,Low,Informatics Engineering
STD263740,1,17,3,9119,1,1,131.0,1,37,37,9,7,118.4,0,0,0,1,1,0,18,0,0,5,10,0,0.0,0,0,5,10,2,11.5,4,7.6,2.6,0.32,Dropout,High,Informatics Engineering
STD263741,1,51,1,9670,1,1,133.1,1,3,1,3,10,116.2,0,0,0,1,1,0,24,0,0,6,11,5,12.857142857142858,0,0,6,12,5,13.666666666666666,0,11.1,0.6,2.02,Dropout,Low,Advertising and Marketing Management
STD263742,1,39,1,9119,1,1,133.1,1,37,19,9,3,123.0,0,0,0,1,1,1,28,0,0,5,16,3,14.333333333333334,0,0,5,9,5,12.428571428571429,0,9.4,-0.8,-3.12,Enrolled,Medium,Informatics Engineering
STD263743,1,17,1,9670,1,1,118.0,1,19,38,7,9,113.5,1,0,0,1,0,1,19,0,0,6,9,5,13.5,0,0,6,6,6,14.0,0,12.4,0.5,1.79,Graduate,Low,Advertising and Marketing Management
STD263744,1,51,1,9085,1,40,120.0,1,3,3,4,2,125.0,0,0,0,1,0,0,28,0,0,6,8,6,14.428571428571429,0,0,6,12,4,15.6,0,11.1,0.6,2.02,Enrolled,Low,Veterinary Nursing
STD263745,1,17,3,9853,1,1,133.1,1,12,1,4,0,134.8,1,0,0,1,0,0,18,0,0,6,12,0,0.0,0,0,6,12,0,0.0,0,7.6,2.6,0.32,Dropout,High,Basic Education
STD263746,1,1,1,171,1,1,145.0,1,3,1,4,3,149.9,1,0,0,0,0,0,19,0,0,0,0,0,0.0,0,0,0,0,0,0.0,0,16.2,0.3,-0.92,Graduate,High,Animation and Multimedia Design
STD263747,1,1,1,9500,1,1,125.0,1,1,1,4,4,119.8,1,0,0,1,0,1,19,0,0,8,8,8,12.82875,0,0,8,8,8,12.82875,0,9.4,-0.8,-3.12,Graduate,Low,Nursing
STD263748,1,43,1,9130,1,1,125.0,1,39,3,3,2,125.0,1,0,0,1,0,0,21,0,0,5,6,0,0.0,5,0,5,6,4,13.75,1,10.8,1.4,1.74,Graduate,High,Equinculture
STD263749,1,1,3,9500,1,1,148.0,1,1,19,4,5,135.1,1,0,1,1,0,0,18,0,0,7,0,0,0.0,0,0,8,0,0,0.0,0,13.9,-0.3,0.79,Dropout,High,Nursing
STD263750,1,1,4,9070,1,1,139.0,1,3,19,1,5,138.3,1,0,0,1,0,0,19,0,0,6,6,6,14.666666666666666,0,0,6,6,6,13.166666666666666,0,9.4,-0.8,-3.12,Graduate,Low,Communication Design
STD263751,1,17,2,9500,1,1,130.0,1,38,38,7,7,122.5,1,0,0,1,0,0,19,0,0,8,8,7,13.937142857142858,0,0,8,8,7,13.937142857142858,0,10.8,1.4,1.74,Graduate,Low,Nursing
STD263752,1,1,1,9070,1,1,148.0,1,3,1,2,10,148.0,1,0,0,1,0,0,20,0,7,12,12,10,14.7,0,8,12,12,12,14.583333333333334,0,15.5,2.8,-4.06,Graduate,Low,Communication Design
STD263753,1,1,2,9773,1,1,130.0,1,1,1,9,4,126.2,1,0,0,1,0,0,18,0,0,6,6,6,11.666666666666666,0,0,6,6,5,12.2,0,12.7,3.7,-1.7,Graduate,Low,Journalism and Communication
STD263754,1,43,4,9500,1,6,134.0,1,37,37,9,9,129.8,1,0,0,1,0,0,20,0,0,7,7,6,14.85,0,0,7,7,6,14.85,0,7.6,2.6,0.32,Graduate,Low,Nursing
STD263755,1,39,1,9085,1,19,133.1,1,19,37,7,90,104.0,0,0,0,1,0,0,26,0,0,5,11,1,12.0,1,0,5,12,0,0.0,4,10.8,1.4,1.74,Dropout,High,Veterinary Nursing
STD263756,1,18,4,9500,1,1,137.0,1,3,1,3,4,126.7,1,0,0,1,0,0,18,0,0,7,8,7,13.6875,0,0,8,9,8,15.622222222222222,0,13.9,-0.3,0.79,Dropout,Low,Nursing
STD263757,1,39,1,8014,0,1,130.0,1,37,37,9,9,120.0,0,0,0,1,0,0,58,0,0,6,14,5,12.4,0,0,6,10,5,11.6,0,9.4,-0.8,-3.12,Graduate,Low,Social Service (evening attendance)
STD263758,1,1,2,9500,1,1,137.0,1,1,3,4,3,124.6,0,0,0,1,0,0,18,0,0,7,10,7,13.398,0,0,8,8,8,13.5425,0,15.5,2.8,-4.06,Graduate,Low,Nursing
STD263759,1,44,1,9085,1,1,130.0,1,1,1,4,3,130.0,1,0,0,1,0,0,20,0,0,6,13,5,11.8,0,0,6,19,4,12.0,0,12.4,0.5,1.79,Enrolled,Low,Veterinary Nursing
STD263760,1,17,1,9991,0,1,140.0,1,38,37,6,7,127.3,0,0,0,1,0,0,20,0,0,5,0,0,0.0,0,0,5,0,0,0.0,0,11.1,0.6,2.02,Dropout,High,Management (evening attendance)
STD263761,1,2,1,9147,1,1,150.0,1,37,37,9,9,122.0,1,0,0,1,0,0,29,0,13,15,19,13,11.76923076923077,0,12,14,17,14,11.928571428571429,0,9.4,-0.8,-3.12,Graduate,Low,Management
STD263762,1,7,1,9238,1,3,130.0,1,1,1,4,10,125.1,0,0,1,0,0,0,27,0,0,6,8,0,0.0,0,0,5,6,0,0.0,0,16.2,0.3,-0.92,Dropout,High,Social Service
STD263763,1,1,1,9085,1,1,133.1,1,19,38,5,7,110.0,1,0,0,1,0,1,21,0,0,6,8,6,13.285714285714286,0,0,6,11,6,13.0,0,11.1,0.6,2.02,Graduate,Low,Veterinary Nursing
STD263764,1,1,1,9238,1,1,134.0,1,1,19,4,9,129.8,0,0,0,1,0,1,20,0,0,6,6,6,11.666666666666666,0,0,6,8,6,11.166666666666666,0,15.5,2.8,-4.06,Graduate,Low,Social Service
STD263765,1,17,1,9238,1,1,125.0,1,19,38,3,7,114.9,0,0,0,1,0,1,19,0,0,6,13,6,11.5,0,0,6,9,5,12.2,0,11.1,0.6,2.02,Graduate,Low,Social Service
STD263766,1,1,1,9500,1,1,141.0,1,37,38,6,6,125.6,1,0,0,1,0,1,22,0,0,7,9,6,13.081666666666669,0,0,8,12,6,13.15,0,11.1,0.6,2.02,Graduate,Low,Nursing
STD263767,1,18,3,9070,1,1,138.0,1,38,37,9,7,125.1,1,0,0,1,0,1,19,0,0,6,6,6,12.666666666666666,0,0,6,6,6,13.0,0,15.5,2.8,-4.06,Graduate,Low,Communication Design
STD263768,1,17,1,9773,1,1,116.0,1,37,1,9,8,115.7,1,0,1,0,0,0,19,0,0,6,6,3,11.333333333333334,0,0,6,6,0,0.0,0,12.4,0.5,1.79,Dropout,High,Journalism and Communication
STD263769,1,1,3,9853,1,1,122.0,1,3,3,2,2,112.6,1,0,0,1,0,0,23,0,0,6,8,5,13.6,0,0,6,8,5,11.6,0,7.6,2.6,0.32,Enrolled,Low,Basic Education
STD263770,1,1,3,9773,1,1,131.0,1,1,1,4,4,127.2,1,0,0,1,0,1,18,0,0,6,6,6,13.166666666666666,0,0,6,7,5,13.2,0,12.4,0.5,1.79,Dropout,Low,Journalism and Communication
STD263771,1,44,1,9130,1,39,140.0,1,1,19,4,8,140.0,0,0,0,1,0,0,19,0,0,6,0,0,0.0,0,0,6,0,0,0.0,0,12.7,3.7,-1.7,Dropout,High,Equinculture
STD263772,1,44,1,9003,1,39,140.0,1,1,1,4,3,140.0,1,0,0,1,0,0,20,0,0,6,10,5,11.666666666666666,0,0,6,7,5,12.6,0,12.4,0.5,1.79,Graduate,Low,Agronomy
STD263773,1,1,4,9238,1,1,127.0,1,1,38,9,7,120.4,1,0,0,1,0,1,19,0,0,6,6,6,13.5,0,0,6,7,6,13.428571428571429,0,11.1,0.6,2.02,Graduate,Low,Social Service
STD263774,1,39,1,9085,1,19,133.1,1,37,37,9,9,100.0,1,0,1,0,0,1,26,0,0,6,7,0,0.0,0,0,6,6,0,0.0,0,13.9,-0.3,0.79,Dropout,High,Veterinary Nursing
STD263775,1,1,1,9238,1,1,117.0,1,1,19,4,7,113.5,1,0,0,1,0,1,18,0,0,6,6,6,13.166666666666666,0,0,6,7,6,14.142857142857142,0,11.1,0.6,2.02,Graduate,Low,Social Service
STD263776,1,1,1,9085,1,1,150.0,1,37,37,4,9,132.1,1,0,1,1,0,0,29,0,4,5,11,4,12.5,2,1,5,11,2,12.5,0,12.7,3.7,-1.7,Dropout,Low,Veterinary Nursing
STD263777,1,44,1,9003,1,39,160.0,1,3,1,2,6,160.0,1,0,0,0,0,0,20,0,0,6,10,6,13.375,0,0,6,10,6,13.0,0,16.2,0.3,-0.92,Graduate,High,Agronomy
STD263778,1,1,1,9070,1,1,128.0,1,19,2,7,3,126.3,1,0,0,1,0,0,19,0,0,6,6,6,13.166666666666666,0,0,6,6,6,12.666666666666666,0,15.5,2.8,-4.06,Graduate,Low,Communication Design
STD263779,1,44,1,9085,1,39,160.0,1,1,1,4,4,160.0,1,0,0,1,0,0,23,0,1,6,12,4,13.4,0,1,6,17,2,13.5,0,12.4,0.5,1.79,Enrolled,Medium,Veterinary Nursing
STD263780,1,43,1,9556,1,1,126.0,1,2,3,3,2,100.0,0,0,0,1,0,0,25,0,2,7,10,3,13.0,0,1,8,10,3,11.666666666666666,4,10.8,1.4,1.74,Enrolled,High,Oral Hygiene
STD263781,1,18,1,9500,1,1,135.0,1,3,3,1,1,125.8,1,0,0,1,0,0,18,0,0,8,8,7,13.154285714285717,0,0,8,8,7,13.154285714285717,0,10.8,1.4,1.74,Graduate,Low,Nursing
STD263782,1,1,3,9070,1,1,139.0,1,1,38,4,7,142.2,1,0,0,1,0,1,19,0,0,6,6,6,12.833333333333334,0,0,6,6,6,12.833333333333334,0,9.4,-0.8,-3.12,Graduate,Low,Communication Design
STD263783,1,17,2,9853,1,1,125.0,1,1,19,5,5,119.4,1,0,0,1,0,0,18,0,0,7,10,7,12.142857142857142,0,0,7,7,7,13.142857142857142,0,12.4,0.5,1.79,Graduate,Low,Basic Education
STD263784,1,1,2,9500,1,1,106.0,1,1,19,4,4,106.4,1,0,0,1,0,1,19,0,0,7,9,5,13.34,0,0,7,9,6,12.385714285714286,0,12.4,0.5,1.79,Enrolled,Medium,Nursing
STD263785,1,7,1,8014,0,40,120.0,1,37,19,9,3,120.0,0,0,0,1,0,0,36,0,6,10,15,4,13.0,0,5,9,10,4,13.75,0,8.9,1.4,3.51,Dropout,High,Social Service (evening attendance)
STD263786,1,44,1,9003,1,39,150.0,1,1,38,4,9,150.0,0,0,0,1,1,1,20,0,0,6,18,3,12.0,0,0,6,17,3,11.666666666666666,0,15.5,2.8,-4.06,Enrolled,Medium,Agronomy
STD263787,1,17,2,171,1,1,130.0,41,1,1,2,3,148.6,1,0,0,1,1,0,20,1,0,0,0,0,0.0,0,0,0,0,0,0.0,0,11.1,0.6,2.02,Dropout,High,Animation and Multimedia Design
STD263788,1,1,1,9238,1,1,116.0,1,38,38,9,8,108.7,1,0,0,1,1,0,18,0,0,6,9,5,11.0,0,0,6,12,0,0.0,0,11.1,0.6,2.02,Dropout,Low,Social Service
STD263789,1,44,1,9003,1,39,130.0,1,3,1,4,6,130.0,0,0,0,1,1,0,19,0,0,6,8,5,11.5,0,0,6,11,6,11.333333333333334,0,12.4,0.5,1.79,Enrolled,Low,Agronomy
STD263790,1,17,1,9238,1,1,140.0,1,1,44,4,2,124.6,1,0,1,0,1,0,20,0,3,9,9,3,13.333333333333334,0,2,6,6,2,12.5,0,8.9,1.4,3.51,Dropout,High,Social Service
STD263791,1,1,2,9500,1,1,134.0,1,19,19,4,7,131.0,1,0,0,1,1,0,18,0,0,7,9,7,14.594444444444443,0,0,8,10,8,13.472,0,15.5,2.8,-4.06,Graduate,Low,Nursing
STD263792,1,44,1,9130,1,39,130.0,1,3,1,3,6,130.0,1,0,1,1,1,0,20,0,2,6,9,4,11.0,0,1,6,13,3,10.666666666666666,0,12.4,0.5,1.79,Dropout,Medium,Equinculture
STD263793,1,18,1,9119,1,1,122.0,1,19,1,90,3,116.1,1,0,1,0,1,0,24,0,0,5,8,0,0.0,0,0,5,5,0,0.0,0,9.4,-0.8,-3.12,Dropout,High,Informatics Engineering
STD263794,1,17,1,9773,1,1,128.0,1,19,38,5,7,125.6,1,0,0,1,1,0,19,0,0,6,6,0,0.0,0,0,6,0,0,0.0,0,8.9,1.4,3.51,Dropout,High,Journalism and Communication
STD263795,1,17,1,9119,1,1,130.0,1,19,19,7,9,121.3,1,0,0,1,1,0,18,0,0,5,9,1,12.0,0,0,5,10,2,12.0,3,7.6,2.6,0.32,Dropout,High,Informatics Engineering
STD263796,1,1,3,9119,1,1,113.0,1,4,38,2,7,107.4,1,0,0,1,1,0,18,0,0,5,8,5,14.0,0,0,5,6,5,13.2,0,8.9,1.4,3.51,Graduate,Low,Informatics Engineering
STD263797,1,1,1,9254,1,1,126.0,1,1,19,4,4,116.9,0,0,0,1,1,0,18,0,0,6,8,6,13.571428571428571,0,0,6,7,5,11.8,0,8.9,1.4,3.51,Graduate,Low,Tourism
STD263798,1,43,2,9670,1,1,135.0,1,3,19,1,7,123.5,1,0,0,1,1,0,22,0,0,6,12,0,0.0,0,0,6,6,0,0.0,0,16.2,0.3,-0.92,Dropout,High,Advertising and Marketing Management
STD263799,1,1,1,9670,1,1,141.0,1,19,38,9,9,130.5,0,0,0,1,1,0,19,0,0,6,8,6,14.25,0,0,6,7,6,13.857142857142858,0,11.1,0.6,2.02,Graduate,Low,Advertising and Marketing Management
STD263800,2,39,1,9085,1,12,133.1,1,1,39,5,3,140.0,1,0,1,0,0,0,32,0,0,6,7,0,0.0,0,0,6,6,0,0.0,0,13.9,-0.3,0.79,Dropout,High,Veterinary Nursing
STD263801,1,17,1,9853,1,1,133.1,1,34,19,0,3,117.1,1,0,0,1,0,1,21,0,0,6,12,0,0.0,0,0,6,12,0,0.0,0,7.6,2.6,0.32,Dropout,High,Basic Education
STD263802,1,18,1,9500,1,1,144.0,1,37,37,6,6,127.5,1,0,0,1,0,1,19,0,0,8,8,7,13.542857142857144,0,0,8,8,7,13.542857142857144,0,12.7,3.7,-1.7,Graduate,Low,Nursing
STD263803,4,43,1,8014,0,1,140.0,1,38,37,9,9,126.0,0,0,0,1,0,1,39,0,3,9,9,9,13.11111111111111,0,2,7,10,7,11.714285714285714,0,12.7,3.7,-1.7,Graduate,Low,Social Service (evening attendance)
STD263804,1,43,1,8014,0,10,100.0,1,34,34,0,0,113.0,1,0,0,1,0,0,30,0,3,9,11,9,12.666666666666666,0,2,7,7,7,12.142857142857142,0,7.6,2.6,0.32,Graduate,Low,Social Service (evening attendance)
STD263805,1,1,1,9147,1,1,135.0,1,1,19,5,5,130.1,1,0,0,1,0,0,18,0,0,5,10,4,10.75,1,0,5,13,2,10.0,0,9.4,-0.8,-3.12,Dropout,Low,Management
STD263806,2,43,1,9991,0,1,130.0,1,37,37,9,9,110.0,1,0,0,1,0,0,38,0,4,10,14,4,10.75,0,2,10,10,2,10.0,0,7.6,2.6,0.32,Dropout,High,Management (evening attendance)
STD263807,1,1,3,9070,1,1,147.0,1,34,37,5,7,135.8,1,0,0,1,0,0,20,0,0,6,6,6,13.666666666666666,0,0,6,6,6,13.333333333333334,0,9.4,-0.8,-3.12,Graduate,Low,Communication Design
STD263808,1,39,1,8014,0,19,149.0,1,34,34,0,0,126.3,0,0,0,1,0,0,55,0,0,6,6,6,13.833333333333334,0,1,6,6,6,12.833333333333334,0,7.6,2.6,0.32,Graduate,Low,Social Service (evening attendance)
STD263809,4,27,1,9070,1,2,130.0,1,34,34,0,0,130.0,0,0,0,1,0,0,53,0,15,18,18,17,13.176470588235292,0,13,18,18,16,13.0,0,7.6,2.6,0.32,Dropout,Low,Communication Design
STD263810,2,39,1,8014,0,1,120.0,1,34,34,0,0,104.0,0,0,0,1,0,0,54,0,0,6,8,4,12.75,0,0,6,12,5,12.6,0,7.6,2.6,0.32,Dropout,Medium,Social Service (evening attendance)
STD263811,1,43,1,9500,1,1,125.0,1,37,37,9,7,123.6,1,0,0,1,0,1,18,0,0,7,8,5,12.86,0,0,7,8,5,12.86,0,7.6,2.6,0.32,Enrolled,Medium,Nursing
STD263812,1,39,1,8014,0,1,133.1,1,37,37,9,8,121.0,0,0,1,0,0,0,44,0,2,8,12,4,12.0,2,2,7,9,4,12.0,2,8.9,1.4,3.51,Dropout,High,Social Service (evening attendance)
STD263813,1,43,1,9238,1,1,149.0,1,37,37,9,6,130.5,1,0,0,1,0,0,28,0,8,11,11,9,11.666666666666666,0,8,11,13,9,12.555555555555555,0,10.8,1.4,1.74,Graduate,Low,Social Service
STD263814,1,7,1,8014,0,43,180.0,1,19,19,9,4,180.0,0,0,0,1,0,0,37,0,12,14,14,14,16.5,0,8,11,11,11,16.90909090909091,0,8.9,1.4,3.51,Graduate,Low,Social Service (evening attendance)
STD263815,1,43,1,9238,1,1,110.0,1,14,14,90,90,112.5,1,0,0,1,0,0,20,0,8,10,14,9,12.333333333333334,0,3,7,10,7,11.77777777777778,0,7.6,2.6,0.32,Graduate,Low,Social Service
STD263816,1,1,3,9500,1,1,131.0,1,19,3,3,2,126.1,1,0,0,1,0,0,18,0,0,7,8,7,12.59125,0,0,8,11,7,12.820000000000002,0,15.5,2.8,-4.06,Enrolled,Low,Nursing
STD263817,1,1,1,9238,1,1,117.0,1,19,19,9,9,111.8,1,0,0,1,1,0,19,0,0,6,9,4,11.5,0,0,6,12,3,11.0,0,8.9,1.4,3.51,Dropout,Medium,Social Service
STD263818,1,17,1,9003,1,1,120.0,1,38,37,5,9,131.4,1,0,0,1,1,1,23,0,17,18,19,18,11.894736842105264,0,12,13,13,13,12.923076923076923,0,15.5,2.8,-4.06,Graduate,Low,Agronomy
STD263819,1,17,1,9238,1,1,160.0,1,19,37,6,6,144.3,0,0,0,1,1,0,22,0,0,6,0,0,0.0,0,0,6,0,0,0.0,0,13.9,-0.3,0.79,Dropout,High,Social Service
STD263820,1,39,1,9254,1,1,100.0,1,3,19,3,5,115.0,0,0,0,0,1,0,24,0,0,6,0,0,0.0,0,0,6,0,0,0.0,0,11.1,0.6,2.02,Dropout,High,Tourism
STD263821,1,44,1,9003,1,39,140.0,1,4,4,4,2,120.0,1,0,0,1,1,0,22,0,0,6,13,5,13.0,0,0,6,13,2,11.5,0,12.4,0.5,1.79,Enrolled,Low,Agronomy
STD263822,1,39,1,9003,1,1,160.0,1,1,38,5,6,168.6,0,0,0,1,1,0,26,0,0,6,9,0,0.0,0,0,6,6,0,0.0,0,13.9,-0.3,0.79,Dropout,High,Agronomy
STD263823,1,17,6,9773,1,1,141.0,1,37,37,5,5,127.7,1,0,0,1,1,0,18,0,0,6,6,6,15.166666666666666,0,0,6,6,6,14.833333333333334,0,9.4,-0.8,-3.12,Graduate,Low,Journalism and Communication
STD263824,1,44,1,9130,1,39,130.0,1,38,19,9,9,150.0,0,0,0,1,1,0,24,0,2,6,8,4,11.75,0,1,6,8,2,13.5,0,11.1,0.6,2.02,Dropout,Medium,Equinculture
STD263825,1,1,1,9119,1,1,142.0,1,1,38,4,3,129.8,1,0,0,1,1,0,18,0,0,5,5,0,0.0,0,0,5,6,1,15.0,0,10.8,1.4,1.74,Enrolled,High,Informatics Engineering
STD263826,1,1,1,171,1,1,130.0,1,1,38,7,8,135.6,1,0,0,1,1,0,26,0,0,0,0,0,0.0,0,0,0,0,0,0.0,0,11.1,0.6,2.02,Dropout,High,Animation and Multimedia Design
STD263827,1,39,1,9254,1,19,133.1,1,37,37,9,4,100.0,0,0,0,1,1,0,27,0,0,6,11,3,11.333333333333334,0,0,6,10,3,14.75,0,16.2,0.3,-0.92,Dropout,Medium,Tourism
STD263828,1,44,1,9003,1,39,140.0,1,37,37,9,6,140.0,1,0,0,1,1,1,20,0,0,6,10,5,12.6,0,0,6,6,5,13.2,0,12.4,0.5,1.79,Graduate,Low,Agronomy
STD263829,1,1,1,9119,1,1,129.0,1,12,1,4,10,124.1,1,0,0,1,1,0,19,0,0,5,10,0,0.0,0,0,5,10,1,14.0,3,7.6,2.6,0.32,Dropout,High,Informatics Engineering
STD263830,1,1,1,9085,1,1,148.0,1,38,38,4,9,131.6,0,0,0,1,1,1,18,0,0,6,8,6,15.5,0,0,6,9,4,15.5,0,11.1,0.6,2.02,Dropout,Low,Veterinary Nursing
STD263831,1,1,3,9500,1,1,143.0,1,1,1,4,4,129.0,1,0,0,1,1,0,18,0,0,8,8,7,12.365714285714288,0,0,8,8,7,12.365714285714288,0,10.8,1.4,1.74,Graduate,Low,Nursing
STD263832,1,17,1,9670,1,1,128.0,1,37,37,9,9,135.7,1,0,0,1,1,0,19,0,0,6,7,5,13.2,0,0,6,10,5,13.25,0,10.8,1.4,1.74,Enrolled,Low,Advertising and Marketing Management
STD263833,1,43,1,9070,1,1,100.0,1,37,37,9,9,108.0,1,0,0,1,1,0,34,0,7,12,12,7,11.428571428571429,0,4,12,12,7,11.857142857142858,0,7.6,2.6,0.32,Enrolled,Medium,Communication Design
STD263834,1,1,1,9238,1,1,116.0,1,38,19,8,10,110.8,1,0,0,1,1,0,19,0,0,6,0,0,0.0,0,0,6,0,0,0.0,0,16.2,0.3,-0.92,Dropout,High,Social Service
STD263835,1,1,1,9773,1,1,128.0,1,1,19,4,4,124.5,0,0,0,1,1,1,19,0,0,6,10,4,14.0,0,0,6,9,6,12.333333333333334,0,9.4,-0.8,-3.12,Graduate,Medium,Journalism and Communication
STD263836,2,39,1,9003,1,1,120.0,1,2,2,1,4,100.0,0,0,0,1,1,0,30,0,3,12,12,3,12.0,0,5,12,16,5,11.8,0,15.5,2.8,-4.06,Dropout,High,Agronomy
STD263837,1,43,1,9773,1,1,121.0,1,1,3,9,3,123.8,0,0,0,0,1,0,22,0,0,4,4,0,0.0,4,0,5,8,3,12.0,0,10.8,1.4,1.74,Dropout,High,Journalism and Communication
STD263838,1,17,1,9147,1,1,137.0,1,3,38,1,9,131.4,0,0,0,0,1,0,19,0,0,5,13,4,10.0,0,0,5,7,3,11.333333333333334,0,15.5,2.8,-4.06,Dropout,High,Management
STD263839,1,1,1,9147,1,1,115.0,1,38,1,9,8,118.5,0,0,0,1,1,0,21,0,0,5,9,1,10.0,0,0,5,10,1,10.0,0,7.6,2.6,0.32,Dropout,High,Management
STD263840,1,1,2,171,1,1,129.0,1,37,37,9,9,122.0,1,0,0,0,1,0,22,0,0,0,0,0,0.0,0,0,0,0,0,0.0,0,7.6,2.6,0.32,Dropout,High,Animation and Multimedia Design
STD263841,1,1,1,9254,1,1,125.0,1,37,37,9,9,122.9,0,0,0,1,1,1,19,0,0,6,7,6,11.166666666666666,0,0,6,12,3,11.666666666666666,0,10.8,1.4,1.74,Enrolled,Low,Tourism
STD263842,1,1,1,9238,1,1,125.0,1,19,38,7,7,118.7,0,0,0,1,1,0,20,0,0,6,12,4,11.75,0,0,6,13,3,11.333333333333334,0,15.5,2.8,-4.06,Enrolled,Medium,Social Service
STD263843,1,39,1,9003,1,19,133.1,1,3,1,2,8,100.0,1,0,0,1,1,0,35,0,0,6,13,3,11.75,0,0,6,10,0,0.0,0,13.9,-0.3,0.79,Dropout,Medium,Agronomy
STD263844,1,16,2,9147,1,1,131.0,1,37,37,9,9,135.9,1,0,0,1,1,0,20,0,0,5,8,1,10.0,0,0,5,7,1,11.0,0,7.6,2.6,0.32,Dropout,High,Management
STD263845,1,1,1,9130,1,1,133.1,1,6,11,4,5,138.4,0,0,0,1,1,0,21,0,0,5,8,3,14.0,0,0,5,5,5,12.8,0,7.6,2.6,0.32,Graduate,Medium,Equinculture
STD263846,1,39,1,9085,1,12,133.1,1,34,34,99,99,128.2,0,0,1,0,1,0,27,0,0,5,5,0,0.0,0,0,5,5,0,0.0,0,7.6,2.6,0.32,Dropout,High,Veterinary Nursing
STD263847,1,43,1,9773,1,1,114.0,1,37,38,9,5,107.4,1,0,0,0,1,0,26,0,0,6,12,3,12.0,0,0,6,15,0,0.0,0,9.4,-0.8,-3.12,Dropout,High,Journalism and Communication
STD263848,1,17,1,9773,1,1,127.0,1,1,33,3,3,129.8,0,0,0,0,1,0,20,0,0,6,10,0,0.0,0,0,5,10,0,0.0,0,10.8,1.4,1.74,Dropout,High,Journalism and Communication
STD263849,1,39,1,9003,1,1,130.0,1,37,37,6,6,100.0,0,0,1,0,1,0,28,0,4,10,19,8,11.88888888888889,0,2,8,17,5,11.6,1,15.5,2.8,-4.06,Dropout,High,Agronomy
STD263850,1,1,3,9773,1,1,121.0,1,19,38,9,7,113.0,1,0,0,1,1,0,19,0,0,6,6,6,13.833333333333334,0,0,6,6,6,13.666666666666666,0,11.1,0.6,2.02,Graduate,Low,Journalism and Communication
STD263851,1,43,1,9991,0,1,120.0,1,37,19,9,9,107.0,0,0,0,0,1,0,47,0,0,5,5,0,0.0,0,0,5,5,0,0.0,0,12.7,3.7,-1.7,Dropout,High,Management (evening attendance)
STD263852,4,39,1,9773,1,12,120.0,1,37,37,4,9,130.0,0,0,0,0,1,0,55,0,0,6,8,5,11.4,0,0,6,9,5,12.4,0,10.8,1.4,1.74,Dropout,High,Journalism and Communication
STD263853,1,43,1,9003,1,1,120.0,1,37,37,5,9,120.0,1,0,0,1,1,0,39,0,0,6,8,0,0.0,0,1,6,8,2,11.0,0,16.2,0.3,-0.92,Dropout,High,Agronomy
STD263854,2,1,1,9003,1,1,120.0,1,37,37,9,9,120.5,1,0,1,1,1,0,35,0,14,17,17,14,10.642857142857142,1,12,12,12,12,10.666666666666666,0,15.5,2.8,-4.06,Dropout,Low,Agronomy
STD263855,1,39,1,9238,1,1,133.1,1,37,29,0,4,120.5,0,0,0,0,1,0,32,0,0,6,10,2,11.0,0,0,6,12,0,0.0,0,7.6,2.6,0.32,Dropout,High,Social Service
STD263856,1,1,4,9773,1,1,124.0,1,3,12,2,9,137.0,1,0,0,1,1,0,20,0,0,6,6,6,16.833333333333332,0,0,6,6,6,16.666666666666668,0,8.9,1.4,3.51,Graduate,Low,Journalism and Communication
STD263857,1,39,1,9254,1,1,150.0,1,37,37,9,9,115.0,0,0,0,1,1,0,36,0,0,6,8,6,13.571428571428571,0,0,6,9,5,13.2,0,12.7,3.7,-1.7,Graduate,Low,Tourism
STD263858,1,39,1,9991,0,19,133.1,1,38,19,9,10,142.7,0,0,1,1,1,1,34,0,0,5,11,5,14.714285714285714,0,0,5,14,5,14.375,5,16.2,0.3,-0.92,Graduate,Low,Management (evening attendance)
STD263859,1,1,1,9670,1,1,116.0,1,38,19,0,2,116.7,1,0,0,1,1,0,21,0,0,5,8,0,0.0,0,0,5,5,0,0.0,0,9.4,-0.8,-3.12,Dropout,High,Advertising and Marketing Management
STD263860,1,43,1,9991,0,1,133.1,1,37,19,3,10,136.1,0,0,0,1,1,1,42,0,0,5,14,1,10.0,0,0,5,14,1,11.0,0,13.9,-0.3,0.79,Dropout,High,Management (evening attendance)
STD263861,1,39,1,9003,1,19,133.1,1,37,19,9,7,134.3,0,0,0,1,1,0,25,0,0,6,15,1,11.0,0,0,6,13,4,11.75,0,12.4,0.5,1.79,Dropout,High,Agronomy
STD263862,1,18,1,9773,1,1,167.0,1,38,38,6,7,153.0,1,0,0,1,1,1,18,0,0,6,6,1,11.0,0,0,6,0,0,0.0,0,8.9,1.4,3.51,Dropout,High,Journalism and Communication
STD263863,1,1,1,9773,1,1,140.0,1,19,38,9,9,132.0,0,0,0,1,1,1,18,0,0,6,6,5,12.0,0,0,6,6,6,12.833333333333334,0,12.7,3.7,-1.7,Graduate,Low,Journalism and Communication
STD263864,1,1,2,9238,1,1,124.0,1,38,19,9,7,129.6,1,0,0,1,1,0,19,0,0,6,10,6,11.125,0,0,6,7,6,11.857142857142858,0,7.6,2.6,0.32,Graduate,Low,Social Service
STD263865,1,43,1,9085,1,1,110.0,1,3,19,4,6,105.0,0,0,1,0,1,0,34,0,2,6,13,3,11.333333333333334,0,0,6,8,2,11.5,0,13.9,-0.3,0.79,Dropout,High,Veterinary Nursing
STD263866,1,17,2,9773,1,1,150.0,1,1,1,4,5,130.8,0,0,0,1,1,0,20,0,0,6,15,2,12.0,0,0,6,12,0,0.0,0,10.8,1.4,1.74,Dropout,High,Journalism and Communication
STD263867,1,1,1,9500,1,1,123.0,1,37,37,7,7,119.7,0,0,0,1,1,0,20,0,0,7,8,0,0.0,1,0,7,7,0,0.0,0,13.9,-0.3,0.79,Dropout,High,Nursing
STD263868,1,17,1,9500,1,1,152.0,1,19,19,4,9,132.5,0,0,0,1,1,0,21,0,0,8,8,7,14.54,0,0,8,8,7,14.54,0,10.8,1.4,1.74,Graduate,Low,Nursing
STD263869,1,44,1,9003,1,39,130.0,1,1,19,3,10,130.0,1,0,0,1,1,0,19,0,0,6,9,6,12.166666666666666,0,0,6,14,4,13.0,0,12.4,0.5,1.79,Graduate,Low,Agronomy
STD263870,1,39,1,9085,1,1,133.1,1,1,1,4,4,120.0,0,0,1,0,1,0,31,0,0,5,13,4,13.5,1,0,5,12,3,11.666666666666666,1,9.4,-0.8,-3.12,Dropout,High,Veterinary Nursing
STD263871,1,17,1,9670,1,1,133.1,1,1,37,4,5,150.0,0,0,0,1,1,0,21,0,0,6,8,6,14.75,0,0,6,9,5,14.333333333333334,0,11.1,0.6,2.02,Graduate,Low,Advertising and Marketing Management
STD263872,1,1,1,9147,1,1,124.0,1,38,38,9,9,115.6,0,0,0,1,1,1,20,0,0,5,8,5,12.375,0,0,5,7,5,11.666666666666666,0,13.9,-0.3,0.79,Graduate,Low,Management
STD263873,1,43,2,9500,1,6,119.1,1,1,19,4,10,119.1,0,0,0,1,1,0,22,0,0,7,7,6,12.733333333333334,0,0,7,7,6,12.733333333333334,0,7.6,2.6,0.32,Graduate,Low,Nursing
STD263874,1,1,2,9070,1,1,128.0,1,19,19,3,3,123.5,1,1,0,0,1,0,19,0,0,6,9,4,12.5,0,0,6,6,0,0.0,0,9.4,-0.8,-3.12,Dropout,High,Communication Design
STD263875,1,39,1,9130,1,1,133.1,1,1,1,90,1,120.0,1,0,1,0,1,0,41,0,0,5,5,0,0.0,1,0,5,5,0,0.0,5,12.7,3.7,-1.7,Dropout,High,Equinculture
STD263876,1,43,1,9500,1,19,133.1,1,34,34,0,0,110.0,1,0,0,1,1,0,27,0,0,7,7,0,0.0,6,0,7,7,0,0.0,6,7.6,2.6,0.32,Dropout,High,Nursing
STD263877,1,17,1,9500,1,1,145.0,1,1,1,4,10,131.4,0,0,0,1,0,0,19,0,0,7,7,7,13.44285714285714,0,0,8,8,7,13.771428571428572,0,13.9,-0.3,0.79,Dropout,Low,Nursing
STD263878,1,18,2,9500,1,1,141.0,24,1,1,4,3,126.8,1,0,0,1,0,1,20,1,0,8,8,8,14.2,0,0,8,8,8,14.2,0,9.4,-0.8,-3.12,Graduate,Low,Nursing
STD263879,1,43,4,9500,1,6,118.9,1,38,37,5,9,118.9,1,0,0,1,0,1,19,0,0,7,7,6,13.55,0,0,7,7,6,13.55,0,7.6,2.6,0.32,Graduate,Low,Nursing
STD263880,2,39,1,9991,0,1,160.0,1,37,37,9,9,160.0,0,0,0,1,0,0,35,0,0,5,5,5,11.6,0,0,5,6,5,11.166666666666666,0,15.5,2.8,-4.06,Graduate,Low,Management (evening attendance)
STD263881,1,17,5,9773,1,1,111.0,1,19,12,7,3,115.9,1,0,0,1,0,0,22,0,0,6,7,6,13.571428571428571,0,0,6,7,6,15.285714285714286,0,13.9,-0.3,0.79,Graduate,Low,Journalism and Communication
STD263882,1,1,2,9254,1,1,111.0,1,1,19,5,7,109.3,1,0,0,1,0,1,20,0,0,6,6,6,13.833333333333334,0,0,6,6,6,15.0,0,11.1,0.6,2.02,Graduate,Low,Tourism
STD263883,1,1,1,9670,1,1,123.0,1,37,38,9,9,113.9,1,0,1,0,0,0,18,0,0,6,7,4,11.25,0,0,6,9,4,10.857142857142858,0,10.8,1.4,1.74,Dropout,High,Advertising and Marketing Management
STD263884,1,1,1,9238,1,1,133.0,1,37,37,9,9,121.8,1,0,0,1,0,1,18,0,0,6,7,5,10.2,0,0,6,9,4,11.25,0,12.4,0.5,1.79,Graduate,Low,Social Service
STD263885,1,7,1,9500,1,3,140.0,1,1,37,9,5,140.0,0,0,0,1,0,0,30,0,0,8,8,7,15.675714285714283,0,0,8,8,7,15.675714285714283,0,10.8,1.4,1.74,Graduate,Low,Nursing
STD263886,1,18,1,9238,1,1,122.0,1,38,38,9,7,114.7,0,0,1,1,0,1,18,0,0,6,9,6,10.833333333333334,0,0,6,8,6,12.0,0,11.1,0.6,2.02,Graduate,Low,Social Service
STD263887,1,1,1,9254,1,1,128.0,1,19,19,7,8,120.0,1,0,0,1,0,1,20,0,0,6,6,6,14.5,0,0,6,7,5,15.0,0,12.4,0.5,1.79,Enrolled,Low,Tourism
STD263888,1,1,1,9238,1,1,108.0,1,19,38,9,9,107.3,0,1,0,1,0,1,19,0,0,6,12,4,10.4,0,0,6,11,4,10.75,0,12.4,0.5,1.79,Enrolled,Medium,Social Service
STD263889,1,17,1,9085,1,1,139.0,1,38,38,5,3,136.2,0,0,0,1,0,0,19,0,0,5,7,5,13.0,1,0,5,7,5,13.333333333333334,0,7.6,2.6,0.32,Graduate,Low,Veterinary Nursing
STD263890,1,1,2,9556,1,1,130.0,1,1,38,3,8,119.5,1,0,0,1,0,1,21,0,0,7,7,7,12.242857142857144,0,0,8,8,8,14.125,0,15.5,2.8,-4.06,Graduate,Low,Oral Hygiene
STD263891,1,18,1,9853,1,1,133.1,1,1,19,141,182,106.0,1,0,1,1,0,0,21,0,0,7,7,7,13.0,0,0,7,8,6,12.5,0,8.9,1.4,3.51,Enrolled,Low,Basic Education
STD263892,1,1,4,9670,1,1,130.0,1,1,1,9,9,124.1,1,0,0,1,0,0,18,0,0,6,6,6,14.166666666666666,0,0,6,7,6,13.428571428571429,0,8.9,1.4,3.51,Enrolled,Low,Advertising and Marketing Management
STD263893,1,1,3,9147,1,1,143.0,1,1,1,5,7,133.2,1,0,0,1,0,1,18,0,0,5,11,4,14.25,0,0,5,7,4,12.5,0,12.7,3.7,-1.7,Graduate,Low,Management
STD263894,4,39,1,9085,1,1,110.0,1,37,37,90,90,110.0,0,0,0,0,0,0,35,0,0,5,14,1,12.0,2,0,5,11,2,10.5,1,9.4,-0.8,-3.12,Dropout,High,Veterinary Nursing
STD263895,1,1,6,9500,1,1,120.0,41,1,1,9,6,114.8,1,0,0,1,0,0,21,1,0,7,11,4,13.25,0,0,7,9,5,13.82,0,11.1,0.6,2.02,Enrolled,Medium,Nursing
STD263896,1,1,1,9500,1,1,140.0,1,38,37,9,7,130.0,1,0,0,1,1,1,18,0,0,7,7,6,13.183333333333332,0,0,7,7,6,13.183333333333332,0,7.6,2.6,0.32,Graduate,Low,Nursing
STD263897,1,17,5,9070,1,1,125.0,1,19,1,5,5,122.6,1,0,0,1,1,0,22,0,0,6,6,1,11.0,0,0,6,6,0,0.0,0,9.4,-0.8,-3.12,Enrolled,High,Communication Design
STD263898,1,17,1,9500,1,1,134.0,1,38,1,9,6,133.5,1,0,0,1,1,1,20,0,0,7,8,7,11.9725,0,0,8,8,8,12.65125,0,15.5,2.8,-4.06,Graduate,Low,Nursing
STD263899,2,39,1,9254,1,1,130.0,1,37,37,4,7,120.0,1,0,0,1,0,0,34,0,0,6,7,5,12.4,0,0,6,8,5,12.8,0,9.4,-0.8,-3.12,Graduate,Low,Tourism
STD263900,2,7,1,9147,1,3,120.0,1,37,37,9,9,120.0,0,0,0,1,0,0,33,0,3,8,9,5,12.6,2,2,7,13,5,11.25,0,10.8,1.4,1.74,Enrolled,Medium,Management
STD263901,1,1,3,9500,1,1,142.0,1,37,38,9,9,137.3,1,0,0,1,0,1,22,0,0,7,7,6,13.9,0,0,7,7,6,13.9,0,7.6,2.6,0.32,Graduate,Low,Nursing
STD263902,1,17,3,9254,1,1,127.0,1,37,37,9,6,123.5,1,0,0,1,0,1,20,0,0,6,11,4,11.5,0,0,6,12,3,11.0,0,7.6,2.6,0.32,Enrolled,Medium,Tourism
STD263903,2,39,1,9147,1,1,140.0,1,37,37,6,10,131.8,0,0,0,1,0,0,35,0,0,5,6,4,14.2,0,0,5,10,4,11.857142857142858,0,10.8,1.4,1.74,Enrolled,Low,Management
STD263904,2,39,1,9147,1,1,140.0,1,38,37,4,7,130.0,1,0,0,0,0,0,39,0,0,5,12,3,10.666666666666666,2,0,5,15,3,10.666666666666666,0,9.4,-0.8,-3.12,Dropout,High,Management
STD263905,1,18,6,9500,1,1,142.0,1,38,37,9,5,128.0,1,0,0,0,0,0,19,0,0,7,14,0,0.0,0,0,8,0,0,0.0,0,11.1,0.6,2.02,Dropout,High,Nursing
STD263906,4,39,1,9254,1,1,120.0,1,37,37,9,8,95.0,0,0,0,1,0,1,36,0,0,6,10,6,11.0,0,0,6,14,3,11.333333333333334,0,10.8,1.4,1.74,Graduate,Low,Tourism
STD263907,1,1,2,9500,1,1,124.0,1,37,37,9,9,116.0,1,0,0,1,0,1,21,0,0,8,8,7,13.957142857142856,0,0,8,8,7,13.957142857142856,0,12.7,3.7,-1.7,Graduate,Low,Nursing
STD263908,1,1,1,9238,1,1,157.0,1,3,38,1,5,136.7,1,0,0,1,0,0,22,0,0,6,11,4,12.5,1,0,6,13,3,13.666666666666666,0,9.4,-0.8,-3.12,Enrolled,Medium,Social Service
STD263909,2,39,1,9238,1,1,126.6,1,38,38,9,7,107.5,0,0,1,1,0,1,42,0,0,6,8,6,13.333333333333334,0,0,6,7,6,15.285714285714286,0,11.1,0.6,2.02,Graduate,Low,Social Service
STD263910,1,39,1,9119,1,1,110.0,1,37,37,90,90,108.4,1,0,0,1,0,0,34,0,0,5,5,0,0.0,0,0,5,6,0,0.0,0,10.8,1.4,1.74,Dropout,High,Informatics Engineering
STD263911,1,17,1,9773,1,1,144.0,1,19,19,4,4,130.7,1,0,0,1,0,0,20,0,0,6,9,6,11.666666666666666,0,0,6,8,5,11.6,0,7.6,2.6,0.32,Enrolled,Low,Journalism and Communication
STD263912,2,44,1,8014,0,39,160.0,1,37,19,9,10,155.9,0,0,0,1,0,0,33,0,3,6,7,6,15.714285714285714,0,2,6,7,6,15.5,0,13.9,-0.3,0.79,Graduate,Low,Social Service (evening attendance)
STD263913,1,1,4,9254,1,1,105.0,1,1,19,9,6,106.1,1,0,0,1,0,0,20,0,0,6,8,5,11.0,0,0,6,9,5,11.4,0,13.9,-0.3,0.79,Graduate,Low,Tourism
STD263914,1,1,2,9670,1,1,130.0,1,26,30,0,5,128.6,1,0,1,1,0,0,19,0,0,5,8,4,12.25,0,0,5,7,4,12.75,2,7.6,2.6,0.32,Graduate,Low,Advertising and Marketing Management
STD263915,2,43,1,9991,0,3,140.0,1,37,19,9,4,140.0,0,0,1,1,0,0,34,0,4,10,25,5,12.2,0,3,9,18,8,12.22222222222222,0,16.2,0.3,-0.92,Dropout,Medium,Management (evening attendance)
STD263916,1,1,1,9147,1,1,138.0,1,37,37,9,6,145.0,1,0,0,1,0,0,18,0,0,5,6,5,13.0,0,0,5,5,5,14.0,0,7.6,2.6,0.32,Graduate,Low,Management
STD263917,1,17,1,8014,0,1,120.0,1,38,37,6,6,113.0,0,0,0,1,0,1,24,0,0,6,11,4,12.0,0,0,6,7,6,13.0,0,10.8,1.4,1.74,Graduate,Medium,Social Service (evening attendance)
STD263918,1,1,1,9853,1,1,135.0,1,19,12,9,7,137.1,1,0,0,1,0,0,18,0,0,6,6,6,13.333333333333334,0,0,6,7,6,12.333333333333334,0,7.6,2.6,0.32,Graduate,Low,Basic Education
STD263919,1,1,1,9670,1,1,119.0,1,37,37,10,6,119.7,1,0,0,1,0,0,20,0,0,5,6,3,13.0,0,0,5,7,3,13.0,1,7.6,2.6,0.32,Enrolled,Medium,Advertising and Marketing Management
STD263920,1,17,1,9500,1,1,121.0,1,1,1,4,3,120.5,1,0,0,1,0,0,21,0,0,8,8,7,12.91,0,0,8,8,7,12.91,0,10.8,1.4,1.74,Graduate,Low,Nursing
STD263921,1,1,5,9238,1,1,126.0,1,38,1,9,5,125.7,1,0,0,1,0,1,19,0,0,6,8,6,11.0,0,0,6,13,3,11.0,0,9.4,-0.8,-3.12,Graduate,Low,Social Service
STD263922,1,17,4,9500,1,1,132.0,1,38,19,5,7,125.5,0,0,0,1,0,1,19,0,0,7,8,6,13.579999999999998,0,0,8,8,8,12.93625,0,15.5,2.8,-4.06,Graduate,Low,Nursing
STD263923,1,1,1,9238,1,1,128.0,1,19,19,5,5,124.5,1,0,0,1,0,1,18,0,0,6,10,4,12.4,0,0,6,8,6,12.5,0,12.4,0.5,1.79,Graduate,Medium,Social Service
STD263924,4,39,1,8014,0,1,160.0,1,37,37,5,5,126.0,0,0,0,1,0,1,38,0,4,9,13,8,12.88888888888889,0,2,7,9,7,13.0,0,13.9,-0.3,0.79,Graduate,Low,Social Service (evening attendance)
STD263925,1,1,1,171,1,1,125.0,1,19,19,5,4,136.2,1,0,1,1,1,0,21,0,6,12,12,11,11.545454545454543,0,4,11,18,9,11.7,1,8.9,1.4,3.51,Enrolled,Low,Animation and Multimedia Design
STD263926,1,43,1,9147,1,1,127.0,25,1,5,9,10,124.2,1,0,0,1,1,0,23,1,0,5,6,1,10.0,0,0,5,5,0,0.0,0,15.5,2.8,-4.06,Enrolled,High,Management
STD263927,1,17,5,9500,1,1,147.0,1,19,1,4,3,138.5,1,0,0,1,0,0,19,0,0,8,8,8,14.34125,0,0,8,8,8,14.34125,0,9.4,-0.8,-3.12,Graduate,Low,Nursing
STD263928,1,1,2,9773,1,1,130.0,1,38,37,5,3,122.3,1,0,1,0,0,0,18,0,0,6,8,6,14.142857142857142,0,0,6,6,5,12.0,0,13.9,-0.3,0.79,Dropout,High,Journalism and Communication
STD263929,1,1,6,171,1,1,134.0,1,19,37,5,5,126.0,1,0,0,1,0,1,18,0,0,0,0,0,0.0,0,0,0,0,0,0.0,0,9.4,-0.8,-3.12,Graduate,High,Animation and Multimedia Design
STD263930,1,39,1,9003,1,1,140.0,1,19,19,9,6,135.4,1,0,0,1,0,0,24,0,0,6,10,5,11.8,0,0,6,13,4,11.25,0,12.4,0.5,1.79,Enrolled,Low,Agronomy
STD263931,1,1,1,9773,1,1,151.0,2,1,1,5,9,146.5,0,0,0,1,0,1,18,1,0,6,6,6,13.333333333333334,0,0,6,6,6,14.166666666666666,0,12.7,3.7,-1.7,Graduate,Low,Journalism and Communication
STD263932,1,1,1,9130,1,1,132.0,1,3,1,4,9,121.9,1,0,0,1,0,0,18,0,0,6,8,6,14.5,0,0,6,9,6,12.857142857142858,0,13.9,-0.3,0.79,Graduate,Low,Equinculture
STD263933,1,7,1,9991,0,40,130.0,1,19,19,7,3,130.0,0,0,0,1,0,0,26,0,5,10,13,8,12.666666666666666,0,5,10,12,10,13.4,0,11.1,0.6,2.02,Graduate,Low,Management (evening attendance)
STD263934,1,1,1,9147,1,1,126.0,1,19,19,9,9,115.2,0,0,1,1,0,0,19,0,0,5,13,1,10.0,0,0,5,8,2,10.0,0,12.4,0.5,1.79,Enrolled,High,Management
STD263935,1,18,3,9670,1,1,119.0,1,38,38,9,9,115.2,1,0,0,1,0,1,19,0,0,6,10,0,0.0,0,0,6,6,0,0.0,0,12.7,3.7,-1.7,Dropout,High,Advertising and Marketing Management
STD263936,1,1,1,9254,1,1,123.0,1,38,37,5,5,125.1,0,0,0,1,0,0,19,0,0,6,12,4,11.0,0,0,6,6,4,12.5,0,16.2,0.3,-0.92,Enrolled,Medium,Tourism
STD263937,1,1,1,9130,1,1,106.0,1,37,37,9,9,108.0,1,0,1,1,0,0,20,0,0,5,10,2,12.0,2,0,5,9,4,11.0,0,9.4,-0.8,-3.12,Dropout,High,Equinculture
STD263938,1,1,3,9254,1,1,121.0,1,19,19,9,9,125.9,1,0,0,1,0,0,22,0,0,6,10,4,10.0,0,0,6,12,2,13.5,0,9.4,-0.8,-3.12,Enrolled,Medium,Tourism
STD263939,1,1,2,9500,1,1,138.0,1,19,1,5,5,128.0,1,0,0,1,0,0,19,0,0,7,7,7,14.20857142857143,0,0,8,9,8,15.127777777777778,0,11.1,0.6,2.02,Graduate,Low,Nursing
STD263940,1,1,5,9500,1,1,118.0,1,3,1,5,10,113.5,1,0,0,1,0,0,20,0,0,7,7,7,14.30714285714286,0,0,8,8,8,15.0125,0,12.4,0.5,1.79,Graduate,Low,Nursing
STD263941,2,39,1,9147,1,1,120.0,1,37,37,5,5,124.6,0,0,0,1,0,0,36,0,0,5,8,3,11.0,0,0,5,12,4,13.375,0,10.8,1.4,1.74,Enrolled,Medium,Management
STD263942,1,39,1,9853,1,19,133.1,1,19,4,9,4,116.0,1,0,0,1,0,0,29,0,0,7,14,0,0.0,0,0,6,6,0,0.0,0,11.1,0.6,2.02,Dropout,High,Basic Education
STD263943,1,17,3,9238,1,1,141.0,1,3,3,2,2,124.9,1,0,0,1,0,0,19,0,0,6,10,6,12.0,0,0,6,12,4,11.0,0,12.7,3.7,-1.7,Graduate,Low,Social Service
STD263944,5,39,1,9147,1,1,180.0,1,1,1,4,8,140.5,0,0,1,0,0,0,24,0,0,5,0,0,0.0,0,0,5,0,0,0.0,0,13.9,-0.3,0.79,Dropout,High,Management
STD263945,5,39,1,9003,1,1,180.0,1,1,1,4,8,179.6,0,0,1,0,0,0,27,0,0,6,6,0,0.0,0,0,6,7,0,0.0,0,8.9,1.4,3.51,Dropout,High,Agronomy
STD263946,1,17,1,9773,1,1,115.0,1,37,37,9,8,116.1,1,0,0,1,0,1,18,0,0,6,7,6,13.857142857142858,0,0,6,7,6,14.285714285714286,0,13.9,-0.3,0.79,Graduate,Low,Journalism and Communication
STD263947,1,17,2,171,1,1,142.0,1,3,1,2,6,139.4,1,0,0,1,0,1,18,0,0,0,0,0,0.0,0,0,0,0,0,0.0,0,15.5,2.8,-4.06,Graduate,High,Animation and Multimedia Design
STD263948,1,17,4,9556,1,1,135.0,1,38,37,3,7,129.0,1,0,0,1,0,0,21,0,0,7,0,0,0.0,0,0,7,0,0,0.0,0,12.7,3.7,-1.7,Dropout,High,Oral Hygiene
STD263949,2,39,1,9670,1,1,150.0,1,37,19,9,4,135.6,0,0,0,1,0,1,43,0,0,6,8,5,11.0,0,0,6,9,5,13.0,0,12.4,0.5,1.79,Graduate,Low,Advertising and Marketing Management
STD263950,1,43,1,9147,1,1,153.0,1,1,19,9,10,147.8,0,0,0,1,0,1,18,0,0,5,9,5,13.2,0,0,5,13,5,14.4,5,16.2,0.3,-0.92,Graduate,Low,Management
STD263951,1,18,1,9085,1,1,153.0,1,37,37,9,9,138.0,1,0,0,1,0,1,21,0,0,6,7,6,13.5,0,0,6,6,3,15.333333333333334,0,8.9,1.4,3.51,Dropout,Low,Veterinary Nursing
STD263952,1,7,1,9147,1,3,150.0,1,6,27,1,7,150.0,0,0,0,1,0,0,26,0,0,5,5,0,0.0,0,0,5,0,0,0.0,0,9.4,-0.8,-3.12,Dropout,High,Management
STD263953,1,1,6,9500,1,1,144.0,1,1,19,9,4,130.8,1,0,0,1,0,1,19,0,0,8,8,7,14.214285714285714,0,0,8,8,7,14.214285714285714,0,12.7,3.7,-1.7,Graduate,Low,Nursing
STD263954,1,1,1,9085,1,1,130.0,1,37,11,90,90,122.6,0,0,0,1,0,0,18,0,0,5,5,5,13.0,0,0,5,5,5,12.4,0,7.6,2.6,0.32,Graduate,Low,Veterinary Nursing
STD263955,1,1,1,9773,1,1,125.0,1,3,2,2,1,119.1,1,0,0,1,0,0,22,0,0,6,13,2,12.0,0,0,6,14,1,10.0,0,9.4,-0.8,-3.12,Dropout,High,Journalism and Communication
STD263956,1,39,1,9500,1,19,133.1,1,1,19,4,10,111.8,1,0,0,1,0,0,27,0,0,7,0,0,0.0,0,0,8,0,0,0.0,0,11.1,0.6,2.02,Dropout,High,Nursing
STD263957,1,1,3,9147,1,1,133.0,1,38,19,9,10,125.0,1,0,0,1,0,0,18,0,0,5,6,5,12.8,1,0,5,6,5,12.6,0,9.4,-0.8,-3.12,Graduate,Low,Management
STD263958,1,17,1,9085,1,1,140.0,1,37,38,7,9,129.9,0,0,0,1,0,0,19,0,0,5,11,4,13.6,2,0,5,9,4,12.2,0,9.4,-0.8,-3.12,Graduate,Low,Veterinary Nursing
STD263959,1,17,4,9500,1,1,133.0,1,19,19,3,10,131.1,1,0,0,1,0,0,18,0,0,7,7,7,13.971428571428572,0,0,8,8,8,15.75,0,13.9,-0.3,0.79,Graduate,Low,Nursing
STD263960,1,1,1,9085,1,1,154.0,1,38,37,4,4,141.4,0,0,0,1,0,1,19,0,0,6,8,6,15.0,0,0,6,9,6,14.857142857142858,0,11.1,0.6,2.02,Graduate,Low,Veterinary Nursing
STD263961,1,39,1,9085,1,1,133.1,1,37,37,9,9,120.0,0,0,0,0,0,0,32,0,0,6,0,0,0.0,0,0,6,0,0,0.0,0,11.1,0.6,2.02,Dropout,High,Veterinary Nursing
STD263962,1,42,1,9500,1,1,168.0,1,37,1,9,4,133.4,1,0,0,1,0,0,23,0,20,26,27,26,15.07777777777778,0,14,17,17,17,15.023529411764704,0,15.5,2.8,-4.06,Graduate,Low,Nursing
STD263963,1,17,3,9500,1,1,132.0,1,37,37,4,3,127.3,1,0,0,1,0,0,20,0,0,7,7,6,13.383333333333333,0,0,7,7,6,13.383333333333333,0,7.6,2.6,0.32,Graduate,Low,Nursing
STD263964,1,1,1,171,1,1,133.1,1,19,38,5,5,131.8,1,0,1,1,0,0,20,0,6,12,12,12,13.25,0,4,11,16,10,13.090909090909092,0,8.9,1.4,3.51,Graduate,Low,Animation and Multimedia Design
STD263965,1,17,1,9238,1,1,120.0,1,19,19,4,5,114.8,1,0,1,0,0,0,19,0,0,6,10,5,11.714285714285714,0,0,6,13,2,10.666666666666666,0,16.2,0.3,-0.92,Dropout,High,Social Service
STD263966,1,1,3,9500,1,1,150.0,1,19,19,5,5,132.8,1,0,0,1,0,1,18,0,0,8,8,8,13.01125,0,0,8,8,8,13.01125,0,9.4,-0.8,-3.12,Graduate,Low,Nursing
STD263967,1,44,1,9003,1,39,140.0,1,19,19,9,4,140.0,0,0,0,1,0,0,21,0,0,6,12,3,10.666666666666666,2,0,6,12,4,12.0,0,15.5,2.8,-4.06,Dropout,Medium,Agronomy
STD263968,1,1,1,9500,1,1,103.0,1,1,19,9,9,108.3,0,0,0,1,0,1,20,0,0,7,14,0,0.0,0,0,7,15,0,0.0,0,11.1,0.6,2.02,Enrolled,High,Nursing
STD263969,1,44,1,9085,1,39,150.0,1,3,19,2,4,150.0,1,0,0,1,0,0,22,0,1,6,9,6,13.0,0,1,6,18,3,12.666666666666666,0,12.4,0.5,1.79,Graduate,Low,Veterinary Nursing
STD263970,1,44,1,9991,0,39,160.0,1,37,37,9,9,160.0,0,0,0,1,0,0,26,0,0,5,5,5,12.0,0,0,5,7,5,11.4,0,12.7,3.7,-1.7,Graduate,Low,Management (evening attendance)
STD263971,1,1,1,9070,1,1,131.0,1,37,37,3,3,131.7,1,0,0,1,0,0,20,0,0,6,6,6,12.166666666666666,0,0,6,7,5,13.8,0,12.7,3.7,-1.7,Graduate,Low,Communication Design
STD263972,1,1,1,9500,1,1,114.0,1,19,38,5,3,112.6,1,0,0,1,0,0,19,0,0,7,10,6,11.85,0,0,8,10,7,13.65,0,16.2,0.3,-0.92,Graduate,Low,Nursing
STD263973,1,39,1,9991,0,1,120.0,1,37,37,9,9,111.1,0,0,0,1,0,0,31,0,0,5,8,4,11.0,0,0,5,6,5,11.2,0,7.6,2.6,0.32,Graduate,Low,Management (evening attendance)
STD263974,1,43,3,9500,1,1,140.0,1,1,19,9,7,127.5,1,0,1,1,0,1,20,0,0,7,9,7,12.327777777777778,0,0,8,10,8,11.736,0,15.5,2.8,-4.06,Graduate,Low,Nursing
STD263975,1,43,1,9085,1,1,130.0,1,19,38,7,7,120.2,1,0,0,1,0,0,20,0,0,5,9,4,12.0,0,0,5,10,5,13.428571428571429,1,10.8,1.4,1.74,Graduate,Low,Veterinary Nursing
STD263976,1,17,4,9500,1,1,121.0,1,37,37,5,5,118.9,1,0,0,1,0,0,21,0,0,7,7,7,14.428571428571429,0,0,8,9,8,14.511111111111113,0,16.2,0.3,-0.92,Graduate,Low,Nursing
STD263977,1,1,4,9500,1,1,130.0,1,19,19,9,7,119.9,1,0,0,1,0,0,18,0,0,7,7,7,13.78,0,0,8,8,8,12.6125,0,12.4,0.5,1.79,Graduate,Low,Nursing
STD263978,1,17,2,9500,1,1,141.0,1,37,1,9,4,127.3,1,0,0,1,0,1,19,0,0,7,7,6,13.8,0,0,7,7,6,13.8,0,7.6,2.6,0.32,Graduate,Low,Nursing
STD263979,1,1,1,9853,1,1,131.0,1,19,19,3,7,127.9,1,0,0,1,0,1,18,0,0,7,7,7,14.857142857142858,0,0,7,7,7,15.142857142857142,0,13.9,-0.3,0.79,Graduate,Low,Basic Education
STD263980,4,39,1,9773,1,38,133.1,1,19,19,7,9,133.0,0,0,0,1,0,0,40,0,0,6,8,5,13.0,0,0,6,7,5,12.6,0,16.2,0.3,-0.92,Enrolled,Low,Journalism and Communication
STD263981,1,17,6,9238,1,1,117.0,1,1,38,4,7,114.6,0,0,0,1,0,1,18,0,0,6,7,6,12.142857142857142,0,0,6,6,6,13.333333333333334,0,13.9,-0.3,0.79,Graduate,Low,Social Service
STD263982,1,1,2,9085,1,1,151.0,1,40,4,2,2,144.5,1,0,0,1,0,0,18,0,0,6,7,6,15.666666666666666,0,0,6,6,6,14.833333333333334,0,8.9,1.4,3.51,Graduate,Low,Veterinary Nursing
STD263983,1,17,1,9500,1,1,131.0,1,1,19,4,3,125.4,1,0,0,1,0,0,19,0,0,7,13,5,12.5,0,0,8,14,7,12.166666666666666,0,15.5,2.8,-4.06,Graduate,Medium,Nursing
STD263984,1,17,1,9238,1,1,145.0,1,38,38,9,7,145.0,0,0,0,1,0,1,19,0,0,6,7,6,12.833333333333334,0,0,6,6,6,13.166666666666666,0,12.4,0.5,1.79,Graduate,Low,Social Service
STD263985,1,39,1,9003,1,1,135.0,1,38,38,9,6,138.1,0,0,1,0,0,0,28,0,0,6,6,0,0.0,0,0,6,7,0,0.0,0,8.9,1.4,3.51,Dropout,High,Agronomy
STD263986,1,17,1,9070,1,1,119.0,1,37,38,9,8,124.6,1,0,0,1,0,0,20,0,0,6,6,6,12.5,0,0,6,6,6,12.666666666666666,0,7.6,2.6,0.32,Graduate,Low,Communication Design
STD263987,1,1,2,9773,1,1,122.0,1,37,37,9,9,130.8,1,0,0,1,0,0,18,0,0,6,14,4,11.25,0,0,6,9,5,13.0,0,9.4,-0.8,-3.12,Graduate,Medium,Journalism and Communication
STD263988,1,1,2,9500,1,1,155.0,1,1,1,4,3,140.5,1,0,0,1,0,0,18,0,0,7,7,6,15.25,0,0,7,7,6,15.25,0,7.6,2.6,0.32,Graduate,Low,Nursing
STD263989,1,1,1,9085,1,1,123.0,1,19,37,9,9,124.1,1,0,0,1,0,1,20,0,0,5,13,5,14.0,2,0,5,10,3,12.0,1,9.4,-0.8,-3.12,Graduate,Low,Veterinary Nursing
STD263990,1,43,1,9238,1,1,130.0,1,38,19,9,4,118.4,0,0,1,1,0,0,28,0,15,16,16,13,12.076923076923077,0,13,13,13,11,12.090909090909092,0,16.2,0.3,-0.92,Graduate,Low,Social Service
STD263991,1,15,1,9853,1,1,133.1,41,43,1,153,135,128.2,0,0,0,1,0,0,23,1,11,16,17,16,14.625,0,6,10,12,9,14.88888888888889,0,8.9,1.4,3.51,Graduate,Low,Basic Education
STD263992,1,1,1,9853,1,1,114.0,1,19,37,5,5,109.5,1,0,0,1,0,0,19,0,0,7,10,4,10.5,0,0,7,7,2,10.5,0,16.2,0.3,-0.92,Dropout,Medium,Basic Education
STD263993,1,17,1,9238,1,1,137.0,1,38,19,152,171,131.1,1,0,0,1,0,1,18,0,0,6,8,6,12.833333333333334,0,0,6,6,6,12.166666666666666,0,8.9,1.4,3.51,Graduate,Low,Social Service
STD263994,1,1,3,9773,1,1,161.0,22,37,37,9,9,137.9,0,0,1,0,0,1,20,1,0,6,6,6,12.5,0,0,6,7,5,11.8,0,10.8,1.4,1.74,Graduate,High,Journalism and Communication
STD263995,1,1,1,171,1,1,133.1,1,3,1,2,4,128.2,1,0,0,1,0,0,20,0,5,12,13,12,11.23076923076923,0,3,11,18,9,12.77777777777778,0,11.1,0.6,2.02,Graduate,Low,Animation and Multimedia Design
STD263996,2,39,1,9991,0,1,133.1,1,37,37,9,9,126.5,0,0,0,1,0,0,27,0,0,5,5,2,10.5,0,0,5,5,0,0.0,0,7.6,2.6,0.32,Dropout,High,Management (evening attendance)
STD263997,1,1,1,9853,1,1,128.0,1,1,1,9,9,120.0,1,0,0,1,0,0,18,0,0,6,11,3,12.0,0,0,6,13,2,12.0,0,12.7,3.7,-1.7,Dropout,Medium,Basic Education
STD263998,4,39,2,9556,1,19,133.1,1,19,19,4,6,123.0,0,0,0,1,0,1,37,0,0,7,10,7,10.985714285714286,0,0,8,11,8,12.3,0,10.8,1.4,1.74,Graduate,Low,Oral Hygiene
STD263999,4,7,1,9500,1,40,130.0,1,19,19,4,6,130.0,0,0,0,0,0,0,42,0,2,7,10,5,12.62,0,3,7,11,3,14.166666666666666,0,12.4,0.5,1.79,Dropout,High,Nursing
STD264000,1,17,6,9500,1,1,147.0,1,1,38,4,8,141.1,1,0,0,1,0,0,20,0,0,7,9,6,13.0,0,0,8,8,8,14.2125,0,13.9,-0.3,0.79,Dropout,Low,Nursing
STD264001,2,39,1,9119,1,1,140.0,1,34,34,9,9,140.0,0,0,0,0,1,0,34,0,0,5,5,0,0.0,0,0,5,5,0,0.0,0,15.5,2.8,-4.06,Dropout,High,Informatics Engineering
STD264002,1,42,1,9119,1,1,140.0,1,3,3,3,2,133.6,1,0,0,1,1,0,22,0,0,5,0,0,0.0,0,0,5,0,0,0.0,0,10.8,1.4,1.74,Dropout,High,Informatics Engineering
STD264003,2,39,2,9254,1,19,133.1,1,19,19,9,5,123.5,0,0,0,1,1,0,39,0,0,6,6,6,13.5,0,0,6,6,6,13.333333333333334,0,12.4,0.5,1.79,Graduate,Low,Tourism
STD264004,1,1,1,9500,1,1,141.0,1,37,37,9,9,136.3,1,0,0,1,1,1,18,0,0,7,7,6,13.516666666666666,0,0,7,7,6,13.516666666666666,0,7.6,2.6,0.32,Graduate,Low,Nursing
STD264005,1,1,2,9070,1,1,128.0,1,37,37,9,9,123.5,1,0,0,1,1,1,21,0,0,6,6,6,13.166666666666666,0,0,6,8,6,13.285714285714286,0,8.9,1.4,3.51,Graduate,Low,Communication Design
STD264006,2,39,1,9085,1,1,150.0,1,37,37,90,10,112.0,0,0,0,1,1,0,34,0,0,6,0,0,0.0,0,0,6,0,0,0.0,0,10.8,1.4,1.74,Dropout,High,Veterinary Nursing
STD264007,1,44,1,9003,1,39,160.0,1,37,37,9,9,160.0,0,0,0,1,1,1,22,0,0,6,8,6,13.125,0,0,6,10,6,13.0,0,16.2,0.3,-0.92,Graduate,Low,Agronomy
STD264008,1,39,1,9003,1,1,133.1,1,1,37,4,7,110.0,0,0,0,1,1,0,31,0,0,6,15,3,14.4,0,0,6,20,0,0.0,0,16.2,0.3,-0.92,Dropout,Medium,Agronomy
STD264009,1,18,3,9853,1,1,128.0,1,38,37,5,9,116.8,1,0,0,0,1,0,19,0,0,6,10,4,12.0,0,0,6,12,0,0.0,0,10.8,1.4,1.74,Dropout,High,Basic Education
STD264010,1,17,5,9254,1,1,114.0,1,38,1,5,9,109.5,0,0,0,1,1,0,19,0,0,5,5,0,0.0,0,0,5,10,0,0.0,0,10.8,1.4,1.74,Dropout,High,Tourism
STD264011,1,39,1,9556,1,19,133.1,1,37,37,9,10,100.0,0,0,0,1,1,0,31,0,0,7,7,0,0.0,0,0,7,7,0,0.0,0,15.5,2.8,-4.06,Dropout,High,Oral Hygiene
STD264012,1,5,1,9147,1,1,126.0,1,19,38,5,6,117.3,1,0,0,1,0,0,19,0,0,5,15,3,10.8,0,0,5,6,3,10.5,0,13.9,-0.3,0.79,Enrolled,Medium,Management
STD264013,2,39,2,9670,1,1,133.1,41,37,19,9,9,130.0,0,0,0,1,0,0,30,1,0,6,0,0,0.0,0,0,6,0,0,0.0,0,9.4,-0.8,-3.12,Dropout,High,Advertising and Marketing Management
STD264014,1,51,1,9500,1,1,129.0,1,37,38,3,3,137.8,1,0,0,1,0,1,20,0,2,7,7,7,16.13142857142857,0,0,8,9,8,15.52222222222222,0,11.1,0.6,2.02,Graduate,Low,Nursing
STD264015,1,17,1,9500,1,1,140.0,1,19,38,7,7,136.5,1,0,0,1,0,1,18,0,0,7,7,7,14.838571428571427,0,0,8,9,8,14.8,0,12.4,0.5,1.79,Graduate,Low,Nursing
STD264016,4,39,1,9991,0,1,133.1,1,37,37,5,5,138.7,0,0,0,1,0,0,31,0,0,5,7,3,10.333333333333334,0,0,5,6,3,12.0,0,10.8,1.4,1.74,Dropout,Medium,Management (evening attendance)
STD264017,1,17,1,9254,1,1,134.0,1,19,1,9,4,124.9,1,0,0,1,0,0,19,0,0,6,11,3,12.0,0,0,6,11,4,11.25,0,7.6,2.6,0.32,Dropout,Medium,Tourism
STD264018,4,39,1,8014,0,1,133.1,1,37,37,9,7,140.0,0,0,0,1,0,1,43,0,0,6,6,0,0.0,0,0,5,5,0,0.0,0,8.9,1.4,3.51,Dropout,High,Social Service (evening attendance)
STD264019,1,17,2,9254,1,1,132.0,1,38,38,9,8,122.6,1,0,0,1,0,1,20,0,0,6,6,6,13.166666666666666,0,0,6,6,6,14.0,0,13.9,-0.3,0.79,Graduate,Low,Tourism
STD264020,1,1,2,9500,1,1,131.0,1,1,1,5,9,129.5,1,0,0,1,0,1,19,0,0,8,8,8,13.9475,0,0,8,8,8,13.9475,0,9.4,-0.8,-3.12,Graduate,Low,Nursing
STD264021,1,1,1,9670,1,1,133.1,1,3,1,1,7,155.0,0,0,0,1,0,0,22,0,0,5,6,3,11.333333333333334,0,0,5,5,0,0.0,0,9.4,-0.8,-3.12,Dropout,Medium,Advertising and Marketing Management
STD264022,1,1,1,8014,0,1,133.1,1,3,1,1,7,100.0,0,0,0,1,0,0,26,0,2,8,11,7,12.75,0,2,7,7,7,12.285714285714286,0,16.2,0.3,-0.92,Graduate,Low,Social Service (evening attendance)
STD264023,1,18,1,9147,1,1,160.0,1,19,19,5,8,137.6,1,0,0,1,0,1,19,0,0,5,6,5,12.6,0,0,5,8,5,11.25,0,10.8,1.4,1.74,Graduate,Low,Management
STD264024,1,7,1,9500,1,3,120.0,1,19,3,4,2,120.0,1,0,0,1,0,0,29,0,0,8,8,6,12.25,1,0,8,8,6,12.25,1,12.7,3.7,-1.7,Dropout,Low,Nursing
STD264025,1,15,1,9556,1,1,114.0,26,3,19,122,144,114.0,0,0,0,1,0,0,20,1,0,7,14,0,0.0,6,0,7,12,2,11.666666666666666,0,8.9,1.4,3.51,Enrolled,High,Oral Hygiene
STD264026,4,1,1,9991,0,1,140.0,1,37,37,9,7,139.0,0,0,0,1,0,1,38,0,0,5,8,5,11.0,0,0,5,7,5,11.4,0,9.4,-0.8,-3.12,Enrolled,Low,Management (evening attendance)
STD264027,1,39,1,9003,1,1,100.0,1,37,37,9,5,110.0,0,0,0,1,0,0,41,0,8,12,17,12,11.833333333333334,0,3,12,22,9,12.7,0,15.5,2.8,-4.06,Graduate,Low,Agronomy
STD264028,1,1,6,9500,1,1,139.0,1,19,38,4,9,128.5,1,0,0,1,0,0,19,0,0,8,10,6,13.066666666666668,0,0,8,10,6,13.066666666666668,0,12.7,3.7,-1.7,Dropout,Low,Nursing
STD264029,1,1,1,9070,1,1,136.0,1,1,38,4,5,132.2,0,0,1,1,0,0,19,0,0,6,6,6,13.833333333333334,0,0,6,8,6,13.875,0,10.8,1.4,1.74,Graduate,Low,Communication Design
STD264030,4,7,1,9500,1,3,130.0,1,3,19,2,3,130.0,0,0,0,1,0,0,43,0,0,7,7,3,13.833333333333334,1,0,7,7,0,0.0,0,16.2,0.3,-0.92,Dropout,High,Nursing
STD264031,1,17,1,9130,1,1,145.0,1,38,37,9,7,129.3,1,0,0,1,0,0,19,0,0,5,5,5,11.8,0,0,5,5,5,13.2,0,10.8,1.4,1.74,Graduate,Low,Equinculture
STD264032,1,1,1,171,1,1,133.1,1,19,38,9,8,128.2,1,0,0,1,1,1,19,0,6,12,12,12,13.333333333333334,0,4,11,15,10,12.818181818181818,0,8.9,1.4,3.51,Enrolled,Low,Animation and Multimedia Design
STD264033,1,1,6,9500,1,1,146.0,1,2,19,3,9,130.3,1,0,0,1,1,0,18,0,0,8,8,8,13.74625,0,0,8,8,8,13.74625,0,9.4,-0.8,-3.12,Graduate,Low,Nursing
STD264034,1,1,1,171,1,1,159.0,1,3,3,2,2,162.5,1,0,0,1,1,0,19,0,0,0,0,0,0.0,0,0,0,0,0,0.0,0,16.2,0.3,-0.92,Dropout,High,Animation and Multimedia Design
STD264035,2,39,1,8014,0,19,133.1,1,34,34,0,0,130.0,0,0,0,1,1,0,38,0,0,6,0,0,0.0,0,0,6,0,0,0.0,0,9.4,-0.8,-3.12,Dropout,High,Social Service (evening attendance)
STD264036,2,7,1,9130,1,2,110.0,1,19,19,4,8,110.0,1,0,0,1,1,0,37,0,0,6,9,0,0.0,0,0,6,6,0,0.0,0,16.2,0.3,-0.92,Dropout,High,Equinculture
STD264037,1,39,1,9670,1,1,120.0,1,1,19,4,10,142.3,1,0,0,1,0,1,26,0,0,6,6,6,13.333333333333334,0,0,6,10,5,14.5,0,10.8,1.4,1.74,Graduate,Low,Advertising and Marketing Management
STD264038,1,17,1,9238,1,1,130.0,1,37,37,9,9,122.0,1,0,0,1,0,1,21,0,0,6,8,1,10.0,0,0,6,13,5,11.4,0,12.7,3.7,-1.7,Enrolled,High,Social Service
STD264039,1,1,3,9085,1,1,158.0,1,1,19,9,9,153.6,1,0,0,1,0,1,18,0,0,6,7,6,15.666666666666666,0,0,6,8,6,15.285714285714286,0,8.9,1.4,3.51,Graduate,Low,Veterinary Nursing
STD264040,1,1,1,9853,1,1,122.0,1,3,19,2,3,112.9,0,0,0,1,0,0,18,0,0,7,9,7,11.857142857142858,0,0,7,7,7,11.857142857142858,0,16.2,0.3,-0.92,Graduate,Low,Basic Education
STD264041,1,1,1,9085,1,1,140.0,1,3,1,2,4,124.1,0,0,0,1,0,0,18,0,0,5,12,5,14.5,2,0,5,5,5,13.6,0,9.4,-0.8,-3.12,Graduate,Low,Veterinary Nursing
STD264042,1,17,1,9238,1,1,136.0,1,38,1,9,4,129.7,0,0,0,1,0,0,19,0,0,6,6,6,12.166666666666666,0,0,6,7,6,13.714285714285714,0,15.5,2.8,-4.06,Graduate,Low,Social Service
STD264043,1,1,1,9773,1,1,111.0,1,19,19,9,9,110.0,1,0,0,1,0,0,18,0,0,6,6,5,12.6,0,0,6,8,6,12.0,0,11.1,0.6,2.02,Graduate,Low,Journalism and Communication
STD264044,1,17,2,9500,1,1,145.0,1,2,38,3,8,136.3,1,0,0,1,0,0,18,0,0,8,12,7,12.285714285714286,0,0,8,12,7,12.285714285714286,0,12.7,3.7,-1.7,Enrolled,Low,Nursing
STD264045,1,17,1,9238,1,1,133.1,1,38,38,191,193,146.0,0,0,1,1,0,1,19,0,0,6,6,6,12.666666666666666,0,0,6,7,6,13.0,0,8.9,1.4,3.51,Graduate,Low,Social Service
STD264046,1,1,1,9500,1,1,140.0,1,19,38,7,8,129.9,0,0,0,1,0,0,19,0,0,7,0,0,0.0,0,0,8,0,0,0.0,0,16.2,0.3,-0.92,Dropout,High,Nursing
STD264047,1,1,1,9254,1,1,140.0,1,19,1,9,8,140.9,1,0,0,1,0,1,18,0,0,6,7,6,12.857142857142858,0,0,6,10,4,13.0,0,12.7,3.7,-1.7,Graduate,Low,Tourism
STD264048,2,1,1,9500,1,1,156.0,1,1,1,9,10,135.5,0,0,0,1,0,0,18,0,0,8,8,7,13.9,0,0,8,8,7,13.9,0,12.7,3.7,-1.7,Graduate,Low,Nursing
STD264049,1,1,1,9500,1,1,132.0,1,38,37,9,7,122.0,1,0,0,1,0,1,20,0,0,8,8,7,13.817142857142857,0,0,8,8,7,13.817142857142857,0,10.8,1.4,1.74,Graduate,Low,Nursing
STD264050,1,53,1,9556,1,42,140.0,1,1,19,4,5,140.0,0,0,0,1,0,1,22,0,1,7,10,6,13.314285714285717,0,2,8,10,7,12.875,0,8.9,1.4,3.51,Graduate,Low,Oral Hygiene
STD264051,1,1,1,9130,1,1,164.0,1,34,1,0,0,163.0,0,0,0,1,0,0,18,0,0,6,0,0,0.0,0,0,6,0,0,0.0,0,7.6,2.6,0.32,Dropout,High,Equinculture
STD264052,1,17,4,9254,1,1,113.0,1,38,19,7,7,107.4,1,0,0,1,0,1,19,0,0,6,6,6,12.166666666666666,0,0,6,6,6,12.166666666666666,0,12.4,0.5,1.79,Graduate,Low,Tourism
STD264053,1,1,1,9254,1,1,122.0,1,37,37,9,9,114.3,1,0,0,0,0,1,20,0,0,6,12,4,11.25,0,0,6,12,3,11.333333333333334,0,7.6,2.6,0.32,Dropout,High,Tourism
STD264054,1,43,1,9070,1,1,150.0,1,2,3,3,2,140.8,0,0,0,1,0,0,19,0,1,6,6,5,12.4,0,0,6,8,6,12.75,0,10.8,1.4,1.74,Enrolled,Low,Communication Design
STD264055,1,1,2,9773,1,1,135.0,1,37,37,5,5,126.3,1,1,0,1,0,1,20,0,0,6,6,6,14.666666666666666,0,0,6,7,6,14.571428571428571,0,8.9,1.4,3.51,Graduate,Low,Journalism and Communication
STD264056,1,39,1,9085,1,1,133.1,1,3,19,2,9,110.0,0,0,0,1,0,0,28,0,0,6,15,4,12.0,0,0,6,14,4,12.0,0,11.1,0.6,2.02,Dropout,Medium,Veterinary Nursing
STD264057,1,1,2,9085,1,1,122.0,1,1,1,193,101,126.2,0,0,0,1,0,0,19,0,0,6,8,6,14.0,0,0,6,18,3,12.666666666666666,0,12.4,0.5,1.79,Graduate,Low,Veterinary Nursing
STD264058,1,42,1,9003,1,39,140.0,1,19,1,5,5,140.0,0,0,0,1,0,0,22,0,0,6,10,6,12.571428571428571,0,0,6,12,4,13.666666666666666,0,15.5,2.8,-4.06,Enrolled,Low,Agronomy
STD264059,1,1,1,9085,1,1,138.0,1,1,3,9,1,123.0,1,0,0,1,0,0,19,0,1,6,14,6,15.538461538461538,0,0,6,9,6,12.625,0,15.5,2.8,-4.06,Graduate,Low,Veterinary Nursing
STD264060,1,1,3,9773,1,1,130.0,1,19,19,5,5,157.0,1,0,0,0,0,0,18,0,0,6,0,0,0.0,0,0,6,0,0,0.0,0,13.9,-0.3,0.79,Dropout,High,Journalism and Communication
STD264061,1,5,1,9130,1,1,157.0,1,5,43,2,2,149.7,1,0,0,1,0,0,18,0,0,6,6,6,15.0,0,0,6,6,6,14.833333333333334,0,8.9,1.4,3.51,Graduate,Low,Equinculture
STD264062,1,43,1,9130,1,1,140.0,1,2,1,2,3,140.0,1,0,0,1,0,0,22,0,0,5,11,4,12.25,0,0,5,9,5,13.285714285714286,0,12.7,3.7,-1.7,Graduate,Low,Equinculture
STD264063,1,53,1,9085,1,42,170.0,1,1,19,4,7,170.0,0,0,0,1,0,0,20,0,7,11,13,11,15.692307692307692,0,4,9,9,9,15.555555555555555,0,8.9,1.4,3.51,Graduate,Low,Veterinary Nursing
STD264064,1,39,1,9991,0,1,150.0,1,1,37,9,7,130.2,0,0,0,1,0,1,24,0,0,5,7,5,12.285714285714286,0,0,5,9,5,12.75,1,16.2,0.3,-0.92,Graduate,Low,Management (evening attendance)
STD264065,1,17,1,171,1,1,146.0,1,1,38,9,9,135.5,1,0,1,1,0,0,22,0,12,17,19,12,11.833333333333334,0,10,17,22,11,11.25,0,11.1,0.6,2.02,Enrolled,Medium,Animation and Multimedia Design
STD264066,1,43,1,8014,0,1,120.0,1,38,19,5,4,118.3,0,0,0,1,0,0,20,0,2,6,6,6,12.166666666666666,0,0,6,7,5,14.0,0,12.7,3.7,-1.7,Enrolled,Low,Social Service (evening attendance)
STD264067,1,1,1,9556,1,1,118.0,1,19,38,9,9,116.3,1,0,0,1,0,1,20,0,0,7,10,7,11.88888888888889,0,0,8,10,8,11.95625,0,12.7,3.7,-1.7,Graduate,Low,Oral Hygiene
STD264068,2,7,1,8014,0,3,120.0,1,38,1,9,9,120.0,0,0,0,0,0,0,35,0,0,6,0,0,0.0,0,0,6,0,0,0.0,0,10.8,1.4,1.74,Dropout,High,Social Service (evening attendance)
STD264069,1,1,1,9670,1,1,154.0,1,1,1,5,7,154.7,0,0,0,1,0,1,18,0,0,5,6,5,11.8,0,0,5,5,5,12.6,0,9.4,-0.8,-3.12,Graduate,Low,Advertising and Marketing Management
STD264070,1,17,2,9238,1,1,139.0,1,2,3,3,3,132.7,1,0,0,1,0,0,19,0,0,6,7,6,11.166666666666666,0,0,6,9,6,11.666666666666666,0,9.4,-0.8,-3.12,Graduate,Low,Social Service
STD264071,1,18,1,9500,1,1,136.0,1,3,3,3,3,130.8,0,0,0,1,0,0,18,0,0,7,7,7,14.05714285714286,0,0,8,9,8,14.6,0,16.2,0.3,-0.92,Graduate,Low,Nursing
STD264072,1,1,2,9254,1,1,130.0,1,1,38,4,9,122.7,1,0,0,1,0,0,18,0,0,6,10,4,11.75,0,0,6,13,4,10.0,0,7.6,2.6,0.32,Dropout,Medium,Tourism
STD264073,2,39,1,9238,1,19,133.1,1,1,2,4,6,130.0,0,0,0,1,0,0,31,0,0,6,6,6,13.166666666666666,0,0,6,8,6,13.0,0,9.4,-0.8,-3.12,Enrolled,Low,Social Service
STD264074,1,17,1,9238,1,1,133.0,1,19,19,5,7,123.6,0,0,0,1,0,1,19,0,0,6,7,6,13.5,0,0,6,7,6,14.0,0,15.5,2.8,-4.06,Graduate,Low,Social Service
STD264075,1,18,1,9500,1,1,143.0,1,38,37,4,9,116.5,1,0,0,1,0,1,20,0,0,7,10,7,12.625,0,0,8,8,8,13.0625,0,15.5,2.8,-4.06,Graduate,Low,Nursing
STD264076,1,17,3,9085,1,1,117.0,1,19,38,5,7,111.1,0,0,0,1,0,0,21,0,0,6,0,0,0.0,0,0,6,0,0,0.0,0,15.5,2.8,-4.06,Dropout,High,Veterinary Nursing
STD264077,1,1,3,9500,1,1,145.0,1,19,38,9,7,136.3,1,0,0,1,0,1,18,0,0,8,8,7,13.971428571428572,0,0,8,8,7,13.971428571428572,0,12.7,3.7,-1.7,Graduate,Low,Nursing
STD264078,1,1,5,9070,1,1,134.0,1,34,1,5,7,129.8,1,0,0,1,0,0,18,0,0,6,7,2,11.0,0,0,6,0,0,0.0,0,9.4,-0.8,-3.12,Dropout,High,Communication Design
STD264079,2,39,1,9991,0,1,170.0,1,38,19,4,8,134.7,0,0,0,1,0,0,33,0,0,5,5,5,12.8,0,0,5,6,5,15.333333333333334,0,10.8,1.4,1.74,Graduate,Low,Management (evening attendance)
STD264080,1,1,2,9670,1,1,143.0,1,37,37,9,7,131.8,1,0,0,1,0,1,18,0,0,6,8,6,13.571428571428571,0,0,6,6,5,12.8,0,12.4,0.5,1.79,Enrolled,Low,Advertising and Marketing Management
STD264081,1,1,1,171,1,1,140.0,1,37,37,7,9,126.8,1,0,0,0,0,1,18,0,0,0,0,0,0.0,0,0,0,0,0,0.0,0,12.7,3.7,-1.7,Dropout,High,Animation and Multimedia Design
STD264082,1,1,1,9085,1,1,131.0,1,37,37,9,6,130.7,0,0,1,1,0,0,21,0,0,5,9,2,11.5,0,0,5,13,4,11.0,1,10.8,1.4,1.74,Enrolled,High,Veterinary Nursing
STD264083,1,17,3,9254,1,1,115.0,1,37,19,5,5,109.8,1,0,0,1,0,0,19,0,0,6,8,4,11.25,0,0,6,8,4,12.0,0,10.8,1.4,1.74,Enrolled,Medium,Tourism
STD264084,1,7,1,9991,0,3,130.0,1,3,19,2,3,133.9,0,0,0,1,0,0,28,0,0,5,7,5,13.714285714285714,0,0,5,7,5,13.142857142857142,0,16.2,0.3,-0.92,Graduate,Low,Management (evening attendance)
STD264085,2,39,1,9147,1,1,130.0,1,1,19,9,9,109.9,0,0,0,0,0,0,29,0,0,4,4,0,0.0,0,0,5,0,0,0.0,0,12.7,3.7,-1.7,Dropout,High,Management
STD264086,1,44,1,9130,1,39,160.0,1,1,37,3,3,160.0,1,0,1,0,0,0,36,0,2,6,9,6,12.0,0,1,6,8,3,14.666666666666666,0,12.4,0.5,1.79,Dropout,High,Equinculture
STD264087,1,39,1,8014,0,19,133.1,1,37,37,9,7,106.5,0,0,0,1,0,1,32,0,0,6,7,6,12.666666666666666,0,0,6,7,6,13.333333333333334,0,12.7,3.7,-1.7,Graduate,Low,Social Service (evening attendance)
STD264088,1,39,1,9500,1,1,130.0,1,38,37,5,7,120.0,1,0,0,1,0,1,25,0,0,8,11,7,13.29,3,0,8,11,7,13.29,3,9.4,-0.8,-3.12,Enrolled,Low,Nursing
STD264089,2,43,1,9991,0,1,140.0,1,37,37,3,10,107.8,0,0,0,1,0,0,33,0,8,10,15,8,10.375,0,7,10,13,9,10.444444444444445,0,7.6,2.6,0.32,Enrolled,Low,Management (evening attendance)
STD264090,2,43,1,8014,0,14,133.1,1,34,34,0,0,100.0,0,0,0,0,0,0,34,0,3,7,13,3,12.0,0,2,7,15,1,13.0,1,9.4,-0.8,-3.12,Dropout,High,Social Service (evening attendance)
STD264091,2,39,1,8014,0,1,150.0,1,34,34,0,0,112.5,0,0,0,1,0,0,33,0,0,6,10,5,11.4,0,1,6,7,6,11.166666666666666,0,7.6,2.6,0.32,Graduate,Low,Social Service (evening attendance)
STD264092,1,43,1,9991,0,1,140.0,1,37,38,9,8,135.5,0,0,1,0,0,0,29,0,0,5,15,2,13.25,0,0,5,12,3,12.6,3,16.2,0.3,-0.92,Dropout,High,Management (evening attendance)
STD264093,1,1,1,9500,1,1,145.0,1,1,1,4,10,145.0,0,0,0,1,0,0,18,0,0,7,7,6,13.861666666666666,0,0,8,16,0,0.0,1,12.4,0.5,1.79,Dropout,Low,Nursing
STD264094,1,1,1,9773,1,1,126.0,1,37,38,7,7,119.0,0,0,0,1,0,1,18,0,0,6,6,6,12.166666666666666,0,0,6,7,6,12.142857142857142,0,15.5,2.8,-4.06,Graduate,Low,Journalism and Communication
STD264095,2,7,1,9238,1,3,130.0,1,37,19,4,5,130.0,0,0,0,1,0,0,38,0,0,6,17,4,13.75,0,0,6,15,6,14.5,0,16.2,0.3,-0.92,Graduate,Medium,Social Service
STD264096,1,1,4,9500,1,1,135.0,1,38,37,9,8,126.3,1,0,0,1,0,1,19,0,0,7,7,6,15.433333333333332,0,0,7,7,6,15.433333333333332,0,7.6,2.6,0.32,Graduate,Low,Nursing
STD264097,4,39,1,8014,0,19,133.1,1,37,37,9,9,113.5,0,0,0,1,0,1,39,0,0,6,6,6,13.833333333333334,0,0,6,6,6,15.5,0,11.1,0.6,2.02,Graduate,Low,Social Service (evening attendance)
STD264098,1,43,1,9991,0,3,120.0,1,37,37,9,9,120.0,0,0,0,1,0,0,37,0,7,14,21,12,11.833333333333334,0,11,12,15,11,11.363636363636363,0,12.7,3.7,-1.7,Graduate,Low,Management (evening attendance)
STD264099,1,17,2,9556,1,1,120.0,1,37,37,5,5,111.3,1,0,0,1,0,0,32,0,0,7,7,0,0.0,0,0,8,8,0,0.0,0,16.2,0.3,-0.92,Dropout,High,Oral Hygiene
STD264100,1,18,1,9238,1,1,147.0,1,38,34,4,0,130.2,0,0,0,1,0,0,18,0,0,1,1,0,0.0,1,0,6,0,0,0.0,0,10.8,1.4,1.74,Dropout,High,Social Service
STD264101,1,43,1,9556,1,1,149.0,1,1,1,4,8,140.2,1,1,0,1,0,0,20,0,1,7,9,7,12.333333333333334,0,0,8,8,8,12.625,0,12.7,3.7,-1.7,Enrolled,Low,Oral Hygiene
STD264102,1,1,5,9070,1,1,124.0,1,37,37,9,9,113.9,1,0,0,1,0,0,20,0,0,6,6,6,11.166666666666666,0,0,6,6,6,12.166666666666666,0,7.6,2.6,0.32,Graduate,Low,Communication Design
STD264103,1,17,1,9085,1,1,133.1,1,37,37,9,9,99.0,1,0,0,1,0,1,23,0,0,6,6,6,14.666666666666666,0,0,6,8,6,12.428571428571429,0,8.9,1.4,3.51,Graduate,Low,Veterinary Nursing
STD264104,1,1,2,9147,1,1,125.0,1,1,19,4,9,124.0,1,0,0,1,0,0,19,0,0,5,5,5,11.2,0,0,5,11,4,11.75,0,10.8,1.4,1.74,Enrolled,Low,Management
STD264105,1,1,1,9238,1,1,141.0,1,37,38,9,10,138.9,0,0,0,1,0,0,18,0,0,6,9,6,13.714285714285714,0,0,6,6,6,14.166666666666666,0,13.9,-0.3,0.79,Graduate,Low,Social Service
STD264106,1,1,1,9147,1,1,131.0,1,38,19,9,9,130.0,1,0,0,1,1,0,19,0,0,5,5,5,12.8,0,0,5,10,5,11.444444444444445,0,10.8,1.4,1.74,Graduate,Low,Management
STD264107,1,17,4,9773,1,1,118.0,1,1,38,5,7,120.8,1,0,0,1,0,0,20,0,0,6,9,4,13.25,0,0,6,11,5,11.8,0,12.4,0.5,1.79,Graduate,Medium,Journalism and Communication
STD264108,1,1,6,9500,1,1,129.0,1,37,19,9,7,127.8,1,0,0,1,0,0,19,0,0,8,10,6,13.78,1,0,8,10,6,13.78,1,9.4,-0.8,-3.12,Dropout,Low,Nursing
STD264109,1,17,3,9500,1,1,136.0,1,37,38,4,5,126.0,1,0,0,1,0,0,19,0,0,8,8,7,15.11,0,0,8,8,7,15.11,0,10.8,1.4,1.74,Graduate,Low,Nursing
STD264110,1,1,2,9238,1,1,134.0,1,1,19,4,5,126.0,0,0,0,1,0,0,18,0,0,6,10,4,11.0,0,0,6,8,5,11.2,0,10.8,1.4,1.74,Graduate,Medium,Social Service
STD264111,1,1,1,9500,1,1,153.0,1,38,19,9,5,138.5,1,0,0,1,0,1,20,0,0,8,8,7,15.798571428571426,0,0,8,8,7,15.798571428571426,0,10.8,1.4,1.74,Graduate,Low,Nursing
STD264112,1,1,3,9500,1,1,119.0,1,19,37,9,9,119.4,1,0,0,1,0,0,20,0,0,7,7,7,13.775714285714288,0,0,8,8,8,15.599999999999998,0,12.4,0.5,1.79,Graduate,Low,Nursing
STD264113,4,39,1,9500,1,1,140.0,1,38,37,7,7,101.5,1,0,0,1,0,0,24,0,0,8,11,7,12.16,0,0,8,11,7,12.16,0,10.8,1.4,1.74,Graduate,Low,Nursing
STD264114,4,39,2,9556,1,1,133.1,1,38,37,7,7,101.5,1,0,0,1,0,0,24,0,0,7,0,0,0.0,0,0,7,0,0,0.0,0,10.8,1.4,1.74,Dropout,High,Oral Hygiene
STD264115,1,17,2,9773,1,1,130.0,1,2,1,2,7,126.2,1,0,0,1,0,0,20,0,0,6,6,6,14.333333333333334,0,0,6,6,6,15.5,0,12.4,0.5,1.79,Graduate,Low,Journalism and Communication
STD264116,1,1,3,9070,1,1,128.0,1,19,19,3,3,129.8,1,0,0,1,0,0,20,0,0,6,6,6,11.833333333333334,0,0,6,6,3,13.333333333333334,0,9.4,-0.8,-3.12,Enrolled,Low,Communication Design
STD264117,1,1,1,9085,1,1,145.0,1,38,37,3,9,138.4,1,0,0,0,0,0,18,0,0,6,7,6,14.833333333333334,0,0,6,8,6,12.5,0,8.9,1.4,3.51,Enrolled,High,Veterinary Nursing
STD264118,1,1,1,9500,1,1,146.0,1,1,37,9,9,129.3,0,0,0,1,0,0,18,0,0,8,8,7,14.2,0,0,8,8,7,14.2,0,12.7,3.7,-1.7,Graduate,Low,Nursing
STD264119,1,1,1,9085,1,1,119.0,1,2,1,4,3,113.1,1,0,0,1,0,0,21,0,0,5,6,5,12.2,0,0,5,5,5,13.2,0,10.8,1.4,1.74,Graduate,Low,Veterinary Nursing
STD264120,1,17,1,9853,1,1,160.0,1,1,38,4,10,144.3,1,0,0,1,0,0,18,0,0,6,10,4,13.0,0,0,6,9,5,13.666666666666666,0,9.4,-0.8,-3.12,Graduate,Medium,Basic Education
STD264121,1,17,5,9500,1,1,144.0,1,19,1,5,3,141.0,1,0,0,1,0,1,19,0,0,8,8,7,12.485714285714286,0,0,8,8,7,12.485714285714286,0,12.7,3.7,-1.7,Graduate,Low,Nursing
STD264122,1,7,1,9085,1,40,130.0,1,1,1,4,4,130.0,1,0,0,1,0,0,22,0,0,6,7,6,17.0,0,0,6,7,6,16.285714285714285,0,11.1,0.6,2.02,Graduate,Low,Veterinary Nursing
STD264123,1,17,3,9238,1,1,122.0,1,19,19,7,7,117.5,1,0,0,1,0,0,19,0,0,6,7,5,10.8,0,0,6,9,6,10.166666666666666,0,8.9,1.4,3.51,Graduate,Low,Social Service
STD264124,1,1,3,9500,1,1,153.0,6,37,37,9,9,131.8,1,0,0,1,0,0,18,1,0,7,7,6,14.716666666666669,0,0,7,7,6,14.716666666666669,0,7.6,2.6,0.32,Graduate,Low,Nursing
STD264125,1,1,1,9085,1,1,147.0,1,37,19,9,5,133.7,1,0,0,1,0,1,19,0,0,5,10,2,13.5,0,0,5,11,5,11.4,1,10.8,1.4,1.74,Enrolled,High,Veterinary Nursing
STD264126,1,43,1,9500,1,1,121.0,1,38,19,5,5,115.4,1,0,0,1,0,1,24,0,0,8,8,7,11.971428571428572,0,0,8,8,7,11.971428571428572,0,12.7,3.7,-1.7,Enrolled,Low,Nursing
STD264127,1,1,3,9085,1,1,134.0,1,38,19,9,5,129.1,0,0,0,1,0,0,19,0,0,5,7,3,12.0,0,0,5,7,4,13.5,0,7.6,2.6,0.32,Enrolled,Medium,Veterinary Nursing
STD264128,1,1,1,8014,0,1,133.0,1,38,38,5,2,135.5,0,0,0,1,0,0,34,0,0,6,7,6,12.333333333333334,0,0,6,6,6,11.666666666666666,0,10.8,1.4,1.74,Graduate,Low,Social Service (evening attendance)
STD264129,1,17,5,9085,1,1,118.0,1,38,38,9,9,112.4,1,0,0,1,0,0,19,0,0,12,22,6,15.307692307692308,0,0,10,13,6,13.875,0,15.5,2.8,-4.06,Graduate,Medium,Veterinary Nursing
STD264130,1,1,1,9500,1,1,137.0,1,37,37,7,9,130.8,1,0,0,1,0,1,18,0,0,7,7,6,12.666666666666666,0,0,7,7,6,12.666666666666666,0,7.6,2.6,0.32,Graduate,Low,Nursing
STD264131,1,1,5,9500,1,1,143.0,1,37,37,9,5,131.6,1,0,0,1,0,1,19,0,0,7,10,7,14.368,0,0,8,8,8,14.44875,0,15.5,2.8,-4.06,Graduate,Low,Nursing
STD264132,1,39,1,9500,1,1,123.0,1,19,1,1,1,140.8,0,0,0,1,0,0,25,0,0,8,8,7,12.084285714285716,0,0,8,8,7,12.084285714285716,0,10.8,1.4,1.74,Graduate,Low,Nursing
STD264133,1,44,1,9085,1,39,140.0,1,3,38,2,9,140.0,1,0,0,1,0,0,21,0,7,12,18,8,12.25,0,4,12,27,8,12.2,0,12.4,0.5,1.79,Enrolled,Medium,Veterinary Nursing
STD264134,1,1,1,9254,1,1,118.0,1,37,37,7,7,114.2,0,0,0,1,0,0,18,0,0,6,10,5,12.2,0,0,6,10,5,11.6,0,16.2,0.3,-0.92,Enrolled,Low,Tourism
STD264135,1,1,1,9238,1,1,142.0,1,34,38,4,7,127.3,0,0,0,1,0,1,18,0,0,6,12,4,11.0,0,0,6,9,6,11.5,0,9.4,-0.8,-3.12,Graduate,Medium,Social Service
STD264136,1,1,1,8014,0,1,115.0,1,38,38,9,7,115.0,1,0,0,1,0,0,28,0,0,6,8,5,12.8,0,0,6,8,5,11.0,0,9.4,-0.8,-3.12,Graduate,Low,Social Service (evening attendance)
STD264137,5,43,1,9500,1,1,131.0,1,1,38,5,5,118.8,0,0,0,1,0,1,18,0,0,8,8,7,11.857142857142858,0,0,8,8,7,11.857142857142858,0,12.7,3.7,-1.7,Graduate,Low,Nursing
STD264138,2,39,1,9254,1,1,130.0,1,37,37,9,9,125.0,0,0,0,1,0,0,41,0,0,6,8,6,12.285714285714286,0,0,6,10,5,13.0,0,8.9,1.4,3.51,Graduate,Low,Tourism
STD264139,1,17,2,9853,1,1,133.1,1,37,37,5,0,111.5,0,0,0,1,0,0,18,0,0,6,11,3,12.333333333333334,0,0,6,11,4,13.5,0,7.6,2.6,0.32,Dropout,Medium,Basic Education
STD264140,1,17,1,9238,1,1,134.0,1,38,19,7,7,124.2,0,0,0,1,0,1,21,0,0,6,11,4,11.25,0,0,6,12,4,11.4,0,15.5,2.8,-4.06,Graduate,Medium,Social Service
STD264141,4,7,1,9238,1,40,130.0,1,34,34,99,99,130.0,0,0,1,1,0,0,41,0,0,6,0,0,0.0,0,0,6,0,0,0.0,0,11.1,0.6,2.02,Dropout,High,Social Service
STD264142,1,7,1,9070,1,3,133.1,1,3,5,2,2,120.0,1,0,0,1,0,0,32,0,0,3,3,2,16.0,0,0,3,3,1,16.0,0,7.6,2.6,0.32,Dropout,Medium,Communication Design
STD264143,1,43,1,8014,0,12,114.0,1,34,34,0,99,110.0,0,0,0,1,0,0,29,0,0,6,10,6,11.666666666666666,0,0,6,7,6,11.0,0,7.6,2.6,0.32,Graduate,Low,Social Service (evening attendance)
STD264144,1,39,1,9556,1,1,130.0,1,19,38,9,8,113.3,0,0,0,1,0,0,24,0,0,7,15,5,12.4,0,0,8,14,7,12.15,0,12.4,0.5,1.79,Enrolled,Medium,Oral Hygiene
STD264145,1,43,1,9556,1,1,128.0,1,38,38,7,8,123.5,1,0,0,1,0,0,22,0,0,7,14,6,10.744444444444444,1,0,8,10,8,11.8375,0,12.7,3.7,-1.7,Enrolled,Low,Oral Hygiene
STD264146,1,1,1,9238,1,1,133.1,1,19,1,1,3,101.0,0,0,0,1,0,0,21,0,0,6,0,0,0.0,0,0,6,0,0,0.0,0,15.5,2.8,-4.06,Dropout,High,Social Service
STD264147,2,39,1,9500,1,19,133.1,1,37,38,9,10,120.9,1,0,0,1,0,0,39,0,0,7,12,4,12.0,0,0,7,13,4,12.5625,0,11.1,0.6,2.02,Dropout,Medium,Nursing
STD264148,4,39,1,9085,1,1,140.0,1,37,37,9,9,154.6,0,0,0,0,0,1,44,0,0,6,12,4,12.75,0,0,6,15,2,10.0,0,8.9,1.4,3.51,Enrolled,High,Veterinary Nursing
STD264149,1,1,1,9147,1,1,117.0,1,37,37,9,9,120.2,1,0,0,1,0,0,20,0,0,5,9,2,10.0,0,0,5,10,2,11.0,0,7.6,2.6,0.32,Enrolled,High,Management
STD264150,1,43,3,9500,1,1,139.0,1,38,37,9,8,146.5,0,0,0,1,0,0,21,0,11,14,26,12,13.417391304347827,1,11,14,26,12,13.417391304347827,1,7.6,2.6,0.32,Graduate,Low,Nursing
STD264151,1,1,1,9773,1,1,159.0,1,34,26,0,6,160.1,1,0,0,1,0,0,18,0,0,6,6,6,15.166666666666666,0,0,6,7,6,14.857142857142858,0,7.6,2.6,0.32,Graduate,Low,Journalism and Communication
STD264152,1,39,1,9003,1,1,140.0,1,37,37,5,5,150.0,0,0,1,1,0,0,34,0,0,6,10,5,13.833333333333334,0,0,6,13,5,12.5,0,16.2,0.3,-0.92,Graduate,Low,Agronomy
STD264153,1,1,3,9085,1,1,140.0,1,10,19,90,90,135.8,1,0,0,1,0,0,18,0,0,5,6,5,13.333333333333334,0,0,5,7,4,14.8,0,7.6,2.6,0.32,Graduate,Low,Veterinary Nursing
STD264154,1,1,1,171,1,1,135.0,1,19,4,9,2,143.8,1,0,1,1,0,0,19,0,0,0,0,0,0.0,0,0,0,0,0,0.0,0,12.7,3.7,-1.7,Enrolled,High,Animation and Multimedia Design
STD264155,1,1,1,9853,1,1,121.0,1,37,19,6,7,116.8,1,0,0,1,0,0,18,0,0,6,11,3,11.666666666666666,0,0,6,11,3,10.666666666666666,0,9.4,-0.8,-3.12,Dropout,Medium,Basic Education
STD264156,1,1,5,9085,1,1,124.0,1,3,19,2,3,113.9,1,0,0,1,0,0,19,0,0,6,12,5,15.0,0,0,6,9,6,13.428571428571429,0,16.2,0.3,-0.92,Graduate,Low,Veterinary Nursing
STD264157,1,1,3,9500,1,1,131.0,1,37,37,9,9,118.0,1,0,0,1,0,1,18,0,0,8,8,7,13.242857142857144,0,0,8,8,7,13.242857142857144,0,12.7,3.7,-1.7,Enrolled,Low,Nursing
STD264158,1,1,5,9130,1,1,160.0,1,3,1,2,9,150.2,1,0,0,1,0,0,19,0,0,5,13,1,13.0,0,0,5,7,2,12.5,0,12.7,3.7,-1.7,Dropout,High,Equinculture
STD264159,1,1,2,9500,1,1,120.0,1,3,37,4,7,115.1,1,0,0,1,0,1,19,0,0,7,8,6,13.075,0,0,8,10,7,12.05,0,12.4,0.5,1.79,Graduate,Low,Nursing
STD264160,1,1,1,9670,1,1,140.0,1,19,19,5,9,131.3,1,0,0,1,0,1,18,0,0,6,6,6,13.5,0,0,6,9,6,13.666666666666666,0,10.8,1.4,1.74,Graduate,Low,Advertising and Marketing Management
STD264161,1,44,1,9991,0,39,120.0,1,37,37,7,7,120.0,1,0,0,1,0,1,23,0,2,6,8,5,11.8,0,2,6,8,6,12.333333333333334,0,9.4,-0.8,-3.12,Graduate,Low,Management (evening attendance)
STD264162,1,17,2,9254,1,1,118.0,22,19,37,9,9,110.3,1,0,0,0,0,0,18,1,0,6,7,5,12.6,0,0,6,6,5,11.8,0,11.1,0.6,2.02,Enrolled,High,Tourism
STD264163,4,43,1,9853,1,1,133.1,100,19,22,90,90,100.0,0,0,0,1,0,0,33,1,0,6,6,6,12.166666666666666,0,0,6,9,3,11.0,0,7.6,2.6,0.32,Dropout,Low,Basic Education
STD264164,1,17,2,9238,1,1,111.0,1,19,38,9,9,110.7,1,0,0,1,0,0,19,0,0,6,9,6,12.166666666666666,0,0,6,9,6,11.0,0,8.9,1.4,3.51,Graduate,Low,Social Service
STD264165,1,43,3,171,1,1,140.0,1,37,38,7,7,143.4,1,0,0,1,0,0,21,0,0,0,0,0,0.0,0,0,0,0,0,0.0,0,9.4,-0.8,-3.12,Dropout,High,Animation and Multimedia Design
STD264166,1,1,6,9500,1,1,125.0,1,19,19,9,9,115.9,0,0,0,1,0,0,18,0,0,7,7,7,13.557142857142855,0,0,8,9,8,13.2,0,12.4,0.5,1.79,Graduate,Low,Nursing
STD264167,1,18,1,9991,0,1,133.1,1,38,38,5,5,145.0,0,0,0,1,0,1,21,0,0,5,6,4,12.25,0,0,5,8,4,11.8,0,10.8,1.4,1.74,Enrolled,Low,Management (evening attendance)
STD264168,1,17,2,9070,1,1,136.0,1,19,38,4,7,140.9,1,0,0,1,0,0,19,0,0,6,6,6,14.333333333333334,0,0,6,6,6,13.5,0,9.4,-0.8,-3.12,Graduate,Low,Communication Design
STD264169,1,1,2,9773,1,1,115.0,1,34,38,0,5,108.4,1,0,0,1,0,0,20,0,0,6,10,4,10.5,0,0,6,8,4,11.75,0,7.6,2.6,0.32,Graduate,Medium,Journalism and Communication
STD264170,1,1,1,9773,1,1,116.0,1,37,37,0,5,114.3,1,0,0,1,0,0,20,0,0,4,8,0,0.0,0,0,4,8,0,0.0,0,7.6,2.6,0.32,Dropout,High,Journalism and Communication
STD264171,1,18,5,9853,1,1,110.0,1,19,37,7,7,110.0,1,0,0,1,0,0,20,0,0,6,10,4,12.75,0,0,6,14,3,11.333333333333334,0,10.8,1.4,1.74,Enrolled,Medium,Basic Education
STD264172,1,1,1,9238,1,1,135.0,1,38,38,4,7,121.7,1,0,0,1,0,1,18,0,0,6,14,0,0.0,0,0,6,9,4,11.0,0,7.6,2.6,0.32,Enrolled,High,Social Service
STD264173,1,43,2,9147,1,1,131.0,1,19,37,5,9,123.7,1,0,0,1,0,0,18,0,0,5,10,1,14.0,0,0,5,10,1,14.0,0,7.6,2.6,0.32,Enrolled,High,Management
STD264174,1,1,2,9500,1,1,124.0,1,37,37,7,7,116.5,1,0,0,1,0,1,20,0,0,7,9,7,14.093333333333332,0,0,8,8,8,15.0,0,11.1,0.6,2.02,Graduate,Low,Nursing
STD264175,1,1,1,9238,1,1,163.0,1,37,37,5,6,155.0,0,0,0,1,0,1,21,0,0,6,6,6,13.333333333333334,0,0,6,8,6,13.166666666666666,0,9.4,-0.8,-3.12,Graduate,Low,Social Service
STD264176,1,43,1,9500,1,1,137.0,1,38,19,9,5,129.3,1,0,0,1,0,0,19,0,0,8,12,7,12.071428571428571,0,0,8,12,7,12.071428571428571,0,12.7,3.7,-1.7,Graduate,Low,Nursing
STD264177,1,1,3,9254,1,1,128.0,1,19,1,7,9,121.7,1,0,0,1,0,1,18,0,0,6,6,6,12.666666666666666,0,0,6,6,6,12.5,0,12.4,0.5,1.79,Graduate,Low,Tourism
STD264178,1,39,1,9085,1,1,133.1,1,37,37,9,9,148.2,1,0,1,1,0,0,27,0,0,6,11,6,12.125,0,0,6,16,5,12.0,0,12.4,0.5,1.79,Enrolled,Low,Veterinary Nursing
STD264179,1,1,2,9500,1,1,133.1,1,19,38,7,9,125.5,1,0,0,1,0,1,21,0,0,7,9,7,13.2,0,0,8,9,7,13.2575,0,15.5,2.8,-4.06,Graduate,Low,Nursing
STD264180,1,17,4,9500,1,1,148.0,1,3,19,4,7,131.9,1,0,0,1,0,1,18,0,0,7,8,7,14.15,0,0,8,8,8,14.51125,0,15.5,2.8,-4.06,Graduate,Low,Nursing
STD264181,1,17,1,9853,1,1,127.0,1,38,37,5,7,121.8,1,0,1,1,0,0,18,0,0,6,12,4,13.5,0,0,6,14,3,10.666666666666666,0,10.8,1.4,1.74,Enrolled,Medium,Basic Education
STD264182,1,43,1,9853,1,1,110.0,1,37,37,9,9,107.7,0,0,1,0,0,0,28,0,0,6,0,0,0.0,0,0,5,10,0,0.0,0,10.8,1.4,1.74,Dropout,High,Basic Education
STD264183,1,39,1,9556,1,1,133.1,1,44,40,2,2,115.5,0,0,0,1,0,0,36,0,0,7,13,5,12.2,0,0,7,14,3,11.4,0,11.1,0.6,2.02,Dropout,Medium,Oral Hygiene
STD264184,1,1,1,9085,1,1,145.0,1,38,38,9,10,139.8,1,0,0,1,0,0,20,0,0,5,6,5,14.8,1,0,5,6,5,14.0,0,12.7,3.7,-1.7,Graduate,Low,Veterinary Nursing
STD264185,1,1,1,9238,1,1,136.0,1,38,38,0,7,133.2,1,0,0,1,0,0,19,0,0,6,8,5,11.0,0,0,6,13,5,11.4,0,7.6,2.6,0.32,Graduate,Low,Social Service
STD264186,1,1,1,9991,0,1,131.0,1,19,37,9,9,118.4,1,0,0,1,0,0,20,0,0,5,10,0,0.0,0,0,5,10,0,0.0,3,7.6,2.6,0.32,Enrolled,High,Management (evening attendance)
STD264187,1,17,2,9085,1,1,138.0,1,37,37,9,7,123.3,1,0,0,1,0,0,19,0,0,5,15,3,14.0,3,0,5,10,4,11.75,1,9.4,-0.8,-3.12,Enrolled,Medium,Veterinary Nursing
STD264188,2,39,1,8014,0,1,150.0,1,37,38,3,7,134.5,0,0,0,1,0,0,28,0,0,6,8,5,11.833333333333334,0,0,6,6,6,13.0,0,16.2,0.3,-0.92,Graduate,Low,Social Service (evening attendance)
STD264189,1,1,1,9670,1,1,112.0,1,37,1,7,0,110.6,0,0,0,1,0,0,20,0,0,5,7,4,11.75,0,0,5,7,5,11.8,1,7.6,2.6,0.32,Graduate,Low,Advertising and Marketing Management
STD264190,1,42,1,9254,1,1,154.0,1,38,37,1,1,154.0,1,0,0,1,0,0,28,0,8,14,22,12,12.333333333333334,0,3,12,20,8,12.0,0,9.4,-0.8,-3.12,Graduate,Low,Tourism
STD264191,1,43,1,9991,0,39,160.0,1,37,37,9,9,160.0,0,0,0,1,0,0,24,0,3,10,16,3,11.666666666666666,0,3,10,24,6,11.833333333333334,0,9.4,-0.8,-3.12,Dropout,High,Management (evening attendance)
STD264192,1,44,1,9085,1,39,140.0,1,1,39,3,9,140.0,1,0,0,1,0,0,20,0,1,6,9,6,12.666666666666666,0,1,6,10,4,11.5,0,13.9,-0.3,0.79,Enrolled,Low,Veterinary Nursing
STD264193,1,17,2,9853,1,1,150.0,1,37,37,5,6,132.5,1,0,0,1,0,0,22,0,0,6,9,4,12.25,0,0,6,8,5,11.6,0,10.8,1.4,1.74,Enrolled,Medium,Basic Education
STD264194,1,17,2,9254,1,1,141.0,1,1,4,4,4,127.7,0,0,0,1,0,1,18,0,0,6,7,6,11.285714285714286,0,0,6,9,4,13.5,0,16.2,0.3,-0.92,Graduate,Low,Tourism
STD264195,1,1,5,9147,1,1,122.0,1,38,38,9,9,117.5,1,0,1,0,0,0,22,0,0,5,12,2,11.5,0,0,5,12,0,0.0,0,12.7,3.7,-1.7,Dropout,High,Management
STD264196,1,1,5,9254,1,1,120.0,1,37,37,9,7,127.0,1,0,0,1,0,1,18,0,0,6,10,6,11.666666666666666,0,0,6,10,4,12.25,0,9.4,-0.8,-3.12,Graduate,Low,Tourism
STD264197,1,1,1,9500,1,1,139.0,1,19,37,5,5,125.5,0,0,0,1,0,1,21,0,0,8,8,7,13.514285714285714,0,0,8,8,7,13.514285714285714,0,12.7,3.7,-1.7,Graduate,Low,Nursing
STD264198,1,17,6,9773,1,1,138.0,1,1,1,4,2,140.5,1,0,0,1,0,0,19,0,0,6,7,6,13.0,0,0,6,9,6,13.714285714285714,0,7.6,2.6,0.32,Graduate,Low,Journalism and Communication
STD264199,1,5,1,9853,1,1,119.0,1,1,38,5,8,118.3,1,0,0,1,0,0,22,0,0,6,11,3,15.0,0,0,6,11,4,10.25,0,9.4,-0.8,-3.12,Enrolled,Medium,Basic Education
STD264200,1,1,1,9500,1,1,129.0,1,38,38,5,5,120.8,1,0,0,1,0,1,20,0,0,8,8,7,12.744285714285716,0,0,8,8,7,12.744285714285716,0,10.8,1.4,1.74,Graduate,Low,Nursing
STD264201,1,1,1,9147,1,1,133.1,1,37,37,191,154,95.0,0,0,0,1,0,0,20,0,0,5,10,4,11.75,0,0,5,8,5,11.8,0,11.1,0.6,2.02,Graduate,Low,Management
STD264202,1,17,1,8014,0,1,125.0,1,37,37,5,6,122.2,1,0,1,1,0,0,19,0,0,6,6,6,12.166666666666666,0,0,6,7,6,11.666666666666666,0,10.8,1.4,1.74,Graduate,Low,Social Service (evening attendance)
STD264203,1,17,1,171,1,1,125.0,1,1,1,7,3,143.9,1,0,0,1,0,0,20,0,0,0,0,0,0.0,0,0,0,0,0,0.0,0,15.5,2.8,-4.06,Enrolled,High,Animation and Multimedia Design
STD264204,1,1,2,9070,1,1,137.0,1,19,38,9,9,127.2,1,0,0,1,0,1,20,0,1,6,9,5,13.4,1,0,6,9,6,12.375,0,13.9,-0.3,0.79,Graduate,Low,Communication Design
STD264205,1,1,1,9238,1,1,123.0,1,34,38,0,7,120.2,1,0,0,1,0,0,20,0,0,6,9,5,11.8,0,0,6,10,4,11.5,0,7.6,2.6,0.32,Dropout,Low,Social Service
STD264206,1,1,3,9500,1,1,154.0,1,1,37,4,9,134.8,1,0,0,1,0,0,19,0,0,7,7,6,13.533333333333331,0,0,7,7,6,13.533333333333331,0,7.6,2.6,0.32,Graduate,Low,Nursing
STD264207,1,1,1,9254,1,1,144.0,1,19,19,9,9,142.6,1,0,0,1,0,1,18,0,0,6,7,6,14.166666666666666,0,0,6,10,4,14.0,0,15.5,2.8,-4.06,Graduate,Low,Tourism
STD264208,1,1,1,9500,1,1,153.0,1,38,37,7,8,147.9,0,0,0,1,0,1,18,0,0,7,7,7,14.652857142857142,0,0,8,9,8,14.755555555555556,0,12.4,0.5,1.79,Graduate,Low,Nursing
STD264209,1,1,1,171,1,1,152.0,1,1,38,4,9,160.4,1,0,0,0,0,0,19,0,0,0,0,0,0.0,0,0,0,0,0,0.0,0,7.6,2.6,0.32,Dropout,High,Animation and Multimedia Design
STD264210,1,1,1,9147,1,1,150.0,103,37,37,9,9,134.6,0,0,0,1,1,0,20,1,0,5,5,5,13.6,0,0,5,7,5,13.0,0,9.4,-0.8,-3.12,Graduate,Low,Management
STD264211,1,1,1,9254,1,1,129.0,1,19,1,3,7,121.0,0,0,0,1,0,1,22,0,0,6,9,6,12.833333333333334,0,0,6,6,4,13.25,0,16.2,0.3,-0.92,Graduate,Low,Tourism
STD264212,1,1,1,9238,1,1,150.0,1,19,37,5,4,142.7,1,0,0,1,0,1,18,0,0,6,6,6,14.666666666666666,0,0,6,6,6,15.166666666666666,0,9.4,-0.8,-3.12,Graduate,Low,Social Service
STD264213,1,17,2,9773,1,1,125.0,1,1,1,4,8,115.6,1,0,0,1,0,0,19,0,0,6,6,6,13.333333333333334,0,0,6,6,6,14.666666666666666,0,12.4,0.5,1.79,Graduate,Low,Journalism and Communication
STD264214,1,1,1,9238,1,1,133.1,1,19,37,9,9,130.0,0,0,0,0,0,1,20,0,0,6,10,5,13.4,0,0,6,9,5,11.4,0,10.8,1.4,1.74,Graduate,High,Social Service
STD264215,1,1,2,9500,1,1,140.0,1,38,37,5,6,124.3,1,0,0,1,0,1,19,0,0,7,9,7,13.3125,0,0,8,8,8,15.6375,0,13.9,-0.3,0.79,Graduate,Low,Nursing
STD264216,1,1,1,171,1,1,140.0,1,19,37,5,6,137.9,1,0,1,0,0,0,18,0,0,0,0,0,0.0,0,0,0,0,0,0.0,0,8.9,1.4,3.51,Dropout,High,Animation and Multimedia Design
STD264217,1,1,6,9773,1,1,133.1,1,1,37,3,3,100.0,1,0,1,0,0,0,20,0,0,4,4,0,0.0,0,0,5,5,0,0.0,0,12.4,0.5,1.79,Dropout,High,Journalism and Communication
STD264218,1,1,2,9773,1,1,132.0,1,1,2,9,3,128.2,1,0,0,1,0,1,19,0,0,6,7,6,12.333333333333334,0,0,6,6,6,13.5,0,9.4,-0.8,-3.12,Graduate,Low,Journalism and Communication
STD264219,1,17,3,9773,1,1,135.0,1,1,19,5,7,135.0,0,0,0,1,0,0,18,0,0,6,6,6,13.5,0,0,6,6,6,13.333333333333334,0,12.4,0.5,1.79,Enrolled,Low,Journalism and Communication
STD264220,1,16,4,9238,1,1,135.0,1,37,37,9,9,121.0,1,0,0,1,0,0,18,0,0,6,8,5,13.0,0,0,6,7,6,11.833333333333334,0,10.8,1.4,1.74,Graduate,Low,Social Service
STD264221,1,1,1,9670,1,1,133.1,1,34,38,0,4,147.0,0,0,0,1,0,0,22,0,0,5,6,2,12.5,0,0,5,5,0,0.0,0,9.4,-0.8,-3.12,Dropout,High,Advertising and Marketing Management
STD264222,1,1,1,9238,1,1,168.0,1,37,37,9,9,149.5,0,0,0,1,0,0,18,0,0,6,10,6,17.0,0,0,6,11,6,16.0,0,12.4,0.5,1.79,Graduate,Low,Social Service
STD264223,1,1,1,9238,1,1,143.0,1,19,1,9,9,144.4,1,0,0,1,0,0,20,0,0,6,7,6,13.5,0,0,6,6,6,13.0,0,10.8,1.4,1.74,Graduate,Low,Social Service
STD264224,1,17,2,9254,1,1,116.0,1,19,38,5,5,116.0,1,0,0,1,0,0,19,0,0,6,7,6,12.714285714285714,0,0,6,6,6,11.833333333333334,0,8.9,1.4,3.51,Graduate,Low,Tourism
STD264225,1,43,1,9500,1,1,134.0,1,38,19,5,8,120.7,0,0,0,1,0,1,19,0,0,7,9,6,13.0,0,0,8,11,8,13.927272727272726,0,16.2,0.3,-0.92,Graduate,Low,Nursing
STD264226,1,44,1,9238,1,39,140.0,1,38,19,5,0,141.8,0,0,0,1,0,0,21,0,3,6,7,6,12.571428571428571,0,2,6,6,6,13.5,0,12.4,0.5,1.79,Graduate,Low,Social Service
STD264227,1,17,2,8014,0,1,133.0,1,19,1,5,5,119.7,1,0,0,1,0,1,19,0,0,6,10,4,11.5,0,0,6,11,6,11.5,0,9.4,-0.8,-3.12,Dropout,Medium,Social Service (evening attendance)
STD264228,1,1,6,9238,1,1,125.0,1,38,1,7,4,118.4,1,0,0,1,0,1,19,0,0,6,6,6,13.5,0,0,6,7,6,13.285714285714286,0,11.1,0.6,2.02,Graduate,Low,Social Service
STD264229,2,39,1,8014,0,1,133.1,1,37,37,5,4,134.5,0,0,0,1,0,0,45,0,0,6,8,5,13.6,0,0,6,7,5,13.0,0,15.5,2.8,-4.06,Enrolled,Low,Social Service (evening attendance)
STD264230,2,39,1,9085,1,1,133.1,1,36,36,99,5,128.2,0,0,0,0,0,1,28,0,0,5,14,1,12.0,3,0,5,5,0,0.0,5,9.4,-0.8,-3.12,Dropout,High,Veterinary Nursing
STD264231,2,43,1,9500,1,1,137.0,1,3,3,2,2,115.0,0,0,0,1,0,0,28,0,0,7,8,7,14.95,0,0,8,8,8,14.7375,0,13.9,-0.3,0.79,Graduate,Low,Nursing
STD264232,1,39,1,9991,0,1,140.0,1,38,19,9,5,130.0,0,0,1,1,0,0,25,0,0,5,10,4,11.25,0,0,5,9,4,12.0,0,12.7,3.7,-1.7,Enrolled,Low,Management (evening attendance)
STD264233,1,43,1,9670,1,1,134.0,1,1,38,4,4,120.7,0,0,1,0,0,0,19,0,0,6,13,3,10.666666666666666,0,0,6,6,4,12.25,0,15.5,2.8,-4.06,Dropout,High,Advertising and Marketing Management
STD264234,1,1,5,9500,1,1,139.0,1,38,38,9,5,130.5,1,0,0,1,0,0,19,0,0,8,8,7,14.992857142857142,0,0,8,8,7,14.992857142857142,0,10.8,1.4,1.74,Graduate,Low,Nursing
STD264235,1,1,2,9147,1,1,113.0,1,38,38,9,5,107.4,1,0,0,1,1,0,20,0,0,5,12,3,10.5,0,0,5,10,4,11.25,0,12.4,0.5,1.79,Enrolled,Medium,Management
STD264236,1,1,3,9238,1,1,133.1,1,1,1,9,9,100.0,1,0,0,1,1,0,22,0,0,6,6,4,11.25,0,0,6,7,3,11.0,0,8.9,1.4,3.51,Enrolled,Medium,Social Service
STD264237,1,43,1,9773,1,1,132.0,1,38,19,9,9,125.0,1,0,0,1,1,1,20,0,0,6,6,6,12.333333333333334,0,0,6,7,6,14.0,0,12.4,0.5,1.79,Graduate,Low,Journalism and Communication
STD264238,1,1,4,9500,1,1,127.0,1,19,37,7,7,121.5,1,0,0,1,1,0,20,0,0,7,7,6,13.016666666666666,0,0,7,7,6,13.016666666666666,0,7.6,2.6,0.32,Enrolled,Low,Nursing
STD264239,1,1,1,9085,1,1,123.0,1,38,19,4,90,127.2,0,0,1,0,1,0,20,0,0,5,7,3,11.333333333333334,0,0,5,8,2,11.5,0,7.6,2.6,0.32,Dropout,High,Veterinary Nursing
STD264240,1,39,1,9085,1,40,130.0,1,3,2,3,2,160.0,1,0,0,1,0,0,27,0,0,6,7,6,16.142857142857142,0,0,6,7,6,14.666666666666666,0,13.9,-0.3,0.79,Graduate,Low,Veterinary Nursing
STD264241,1,51,1,9085,1,1,125.0,1,1,1,9,4,120.0,0,0,0,1,0,0,22,0,0,6,8,6,14.833333333333334,0,0,6,10,5,13.833333333333334,0,11.1,0.6,2.02,Graduate,Low,Veterinary Nursing
STD264242,1,1,3,9500,1,1,140.0,1,37,37,9,9,141.5,1,0,1,0,0,0,19,0,0,8,8,7,13.327142857142857,0,0,8,8,7,13.327142857142857,0,10.8,1.4,1.74,Dropout,High,Nursing
STD264243,1,17,1,9238,1,1,111.0,1,19,38,3,3,111.4,1,0,0,0,0,0,19,0,0,6,13,4,11.0,0,0,6,13,2,11.5,0,12.7,3.7,-1.7,Dropout,High,Social Service
STD264244,1,1,1,9070,1,1,132.0,1,4,39,2,2,136.6,1,0,0,1,0,0,18,0,1,6,10,6,11.714285714285714,1,0,6,15,6,10.375,0,13.9,-0.3,0.79,Enrolled,Low,Communication Design
STD264245,1,1,1,171,1,1,150.0,1,3,3,2,5,154.6,1,0,0,1,0,0,19,0,6,12,13,12,12.333333333333334,0,4,11,12,10,12.727272727272728,0,8.9,1.4,3.51,Dropout,Low,Animation and Multimedia Design
STD264246,1,18,4,9853,1,1,118.0,1,19,37,9,6,111.4,1,0,1,0,0,0,20,0,0,7,9,0,0.0,0,0,6,6,0,0.0,0,11.1,0.6,2.02,Dropout,High,Basic Education
STD264247,2,43,1,9991,0,1,150.0,1,38,19,3,3,120.1,0,0,0,0,0,0,39,0,11,15,15,12,11.916666666666666,0,8,13,14,8,11.25,0,10.8,1.4,1.74,Dropout,High,Management (evening attendance)
STD264248,2,39,2,8014,0,19,100.0,1,37,37,4,7,100.0,0,0,1,1,0,0,37,0,0,6,9,6,11.833333333333334,0,0,6,7,6,11.0,0,7.6,2.6,0.32,Graduate,Low,Social Service (evening attendance)
STD264249,2,39,1,9500,1,3,130.0,1,1,1,4,6,140.0,0,0,1,0,0,0,30,0,3,7,11,3,12.333333333333334,0,3,7,9,3,11.666666666666666,0,13.9,-0.3,0.79,Dropout,High,Nursing
STD264250,2,43,1,9991,0,3,130.0,1,37,37,9,9,130.0,0,0,0,1,0,0,41,0,5,10,11,10,14.3,0,5,10,10,10,14.2,0,12.7,3.7,-1.7,Graduate,Low,Management (evening attendance)
STD264251,4,39,1,9500,1,19,133.1,1,37,37,5,7,100.0,0,0,0,0,0,0,40,0,0,8,11,5,11.832,4,0,8,11,5,11.832,4,9.4,-0.8,-3.12,Dropout,High,Nursing
STD264252,1,1,1,9147,1,1,112.0,1,9,22,4,3,106.1,0,0,0,1,0,0,20,0,0,5,13,2,10.0,1,0,5,10,0,0.0,0,9.4,-0.8,-3.12,Dropout,High,Management
STD264253,2,1,1,9991,0,1,144.0,1,19,19,9,9,151.4,0,0,0,1,0,0,28,0,0,5,5,5,12.0,0,0,5,6,5,11.6,0,7.6,2.6,0.32,Graduate,Low,Management (evening attendance)
STD264254,1,18,2,9853,1,1,120.0,1,19,37,9,4,113.7,1,0,1,0,0,0,19,0,0,7,11,5,12.2,0,0,7,13,0,0.0,0,12.4,0.5,1.79,Dropout,High,Basic Education
STD264255,1,1,1,9670,1,1,121.0,1,37,37,5,9,116.5,1,0,0,1,0,0,23,0,0,5,7,3,11.333333333333334,0,0,5,5,4,11.25,0,7.6,2.6,0.32,Dropout,Medium,Advertising and Marketing Management
STD264256,1,7,1,8014,0,4,120.0,1,2,3,2,2,120.0,0,0,0,1,0,0,18,0,10,16,24,13,13.846153846153848,0,7,11,15,9,12.555555555555555,0,15.5,2.8,-4.06,Dropout,Low,Social Service (evening attendance)
STD264257,1,39,1,9500,1,1,100.0,1,1,19,4,8,122.0,0,0,0,1,0,0,24,0,0,8,8,7,12.412857142857144,0,0,8,8,7,12.412857142857144,0,10.8,1.4,1.74,Graduate,Low,Nursing
STD264258,1,17,5,9670,1,1,115.0,1,1,19,5,5,117.1,0,0,0,1,0,0,21,0,0,5,7,3,12.666666666666666,0,0,5,6,4,12.75,1,7.6,2.6,0.32,Enrolled,Medium,Advertising and Marketing Management
STD264259,1,1,2,9500,1,1,123.0,1,19,19,7,7,120.8,1,0,0,1,0,0,19,0,0,8,11,7,12.545714285714286,0,0,8,11,7,12.545714285714286,0,10.8,1.4,1.74,Graduate,Low,Nursing
STD264260,1,1,1,9773,1,1,134.0,1,37,19,9,10,141.4,1,0,0,1,0,0,19,0,0,6,12,3,13.0,0,0,6,13,2,14.0,0,9.4,-0.8,-3.12,Dropout,Medium,Journalism and Communication
STD264261,1,39,1,9003,1,1,123.0,1,37,37,9,9,110.0,0,0,1,0,0,0,48,0,0,6,6,0,0.0,0,0,6,6,0,0.0,0,11.1,0.6,2.02,Dropout,High,Agronomy
STD264262,2,43,1,9991,0,2,120.0,1,37,37,9,9,120.0,0,0,0,0,0,0,38,0,9,12,12,9,12.22222222222222,2,9,12,12,9,13.0,0,9.4,-0.8,-3.12,Dropout,High,Management (evening attendance)
STD264263,1,17,1,9147,1,1,131.0,1,1,37,3,7,120.2,0,0,0,1,0,0,19,0,0,5,10,5,13.285714285714286,0,0,5,8,5,13.0,0,12.7,3.7,-1.7,Graduate,Low,Management
STD264264,2,39,1,9991,0,12,133.1,1,37,1,9,4,138.4,0,0,0,1,1,0,30,0,0,5,7,3,11.666666666666666,0,0,5,8,1,11.0,0,7.6,2.6,0.32,Dropout,Medium,Management (evening attendance)
STD264265,1,44,1,9003,1,39,150.0,1,37,19,9,9,150.0,0,0,0,1,1,1,24,0,0,6,9,6,13.555555555555555,0,0,6,7,6,12.666666666666666,0,13.9,-0.3,0.79,Graduate,Low,Agronomy
STD264266,1,17,5,9773,1,1,134.0,1,1,19,9,5,121.8,1,0,0,1,1,0,19,0,0,6,6,6,13.166666666666666,0,0,6,8,6,12.428571428571429,0,16.2,0.3,-0.92,Graduate,Low,Journalism and Communication
STD264267,1,44,1,171,1,39,140.0,1,1,1,9,9,140.0,0,0,0,1,1,0,21,0,0,0,0,0,0.0,0,0,0,0,0,0.0,0,15.5,2.8,-4.06,Enrolled,High,Animation and Multimedia Design
STD264268,1,1,1,9254,1,1,117.0,1,1,1,5,5,116.3,1,0,0,1,1,1,21,0,0,6,6,6,11.666666666666666,0,0,6,7,5,12.2,0,10.8,1.4,1.74,Graduate,Low,Tourism
STD264269,1,1,2,9991,0,1,143.0,1,5,1,4,4,131.5,0,0,0,1,1,0,19,0,0,5,11,4,11.0,0,0,5,8,4,12.25,0,15.5,2.8,-4.06,Dropout,Low,Management (evening attendance)
STD264270,1,17,2,9070,1,1,142.0,1,3,1,2,4,141.0,1,0,0,1,1,0,18,0,0,6,6,6,13.0,0,0,6,8,1,10.0,0,10.8,1.4,1.74,Enrolled,Low,Communication Design
STD264271,1,17,1,9070,1,1,132.0,1,37,38,9,7,138.0,0,0,0,1,1,1,18,0,0,6,6,6,13.666666666666666,0,0,6,6,6,12.0,0,12.4,0.5,1.79,Graduate,Low,Communication Design
STD264272,1,17,4,9119,1,1,138.0,1,1,3,1,4,127.5,1,0,0,1,1,0,19,0,0,5,6,5,14.6,0,0,5,5,5,15.2,0,8.9,1.4,3.51,Dropout,Low,Informatics Engineering
STD264273,1,1,1,9500,1,1,131.0,1,1,19,9,9,127.0,0,0,0,1,1,1,19,0,0,8,8,7,12.514285714285714,0,0,8,8,7,12.514285714285714,0,12.7,3.7,-1.7,Graduate,Low,Nursing
STD264274,1,17,2,9085,1,1,123.0,1,3,19,2,9,118.9,0,0,0,1,1,0,18,0,0,5,5,3,14.0,0,0,5,7,3,12.666666666666666,0,7.6,2.6,0.32,Enrolled,Medium,Veterinary Nursing
STD264275,1,1,1,9254,1,1,131.0,1,37,19,9,9,134.5,1,0,0,1,1,0,25,0,0,6,8,6,13.166666666666666,0,0,6,8,5,12.6,0,7.6,2.6,0.32,Enrolled,Low,Tourism
STD264276,1,17,1,9119,1,1,141.0,1,37,1,9,2,133.0,1,0,0,1,1,0,18,0,0,5,10,4,13.0,0,0,5,10,3,12.333333333333334,3,7.6,2.6,0.32,Enrolled,Low,Informatics Engineering
STD264277,5,39,1,9147,1,1,133.1,1,1,19,4,7,114.0,0,0,0,0,1,0,29,0,0,5,5,1,13.0,0,0,5,5,0,0.0,0,8.9,1.4,3.51,Dropout,High,Management
STD264278,1,17,1,9119,1,1,116.0,1,19,37,90,5,116.7,1,0,0,1,1,0,21,0,0,5,10,1,10.0,0,0,5,8,3,13.666666666666666,3,7.6,2.6,0.32,Dropout,High,Informatics Engineering
STD264279,1,1,3,9773,1,1,123.0,1,1,1,4,7,125.1,1,0,1,1,1,1,18,0,0,6,6,6,14.333333333333334,0,0,6,6,6,15.333333333333334,0,11.1,0.6,2.02,Graduate,Low,Journalism and Communication
STD264280,1,17,1,9254,1,1,133.0,1,19,1,9,9,137.2,0,0,0,1,1,1,20,0,0,6,6,0,0.0,0,0,6,12,0,0.0,0,10.8,1.4,1.74,Dropout,High,Tourism
STD264281,1,39,1,9991,0,1,133.1,1,19,37,9,7,111.4,0,0,0,1,1,0,27,0,0,5,7,1,11.0,0,0,5,7,0,0.0,0,13.9,-0.3,0.79,Dropout,High,Management (evening attendance)
STD264282,1,1,1,9085,1,1,133.1,1,3,1,4,9,105.0,1,0,0,1,1,0,21,0,0,6,15,3,11.25,0,0,6,9,0,0.0,0,12.4,0.5,1.79,Enrolled,Medium,Veterinary Nursing
STD264283,1,18,2,9147,1,1,140.0,1,37,37,5,9,124.3,1,0,0,1,1,0,20,0,0,5,7,4,10.75,0,0,5,12,3,10.571428571428571,0,10.8,1.4,1.74,Dropout,Low,Management
STD264284,1,39,1,9147,1,19,100.0,1,38,19,7,9,132.0,0,0,1,0,1,0,28,0,0,5,7,1,11.0,0,0,5,9,0,0.0,0,10.8,1.4,1.74,Dropout,High,Management
STD264285,1,39,2,9556,1,1,130.0,1,37,19,9,8,110.0,0,0,0,1,1,1,24,0,0,7,13,6,10.857142857142858,0,0,7,7,7,11.857142857142858,0,12.7,3.7,-1.7,Enrolled,Low,Oral Hygiene
STD264286,1,1,5,9147,1,1,134.0,1,3,2,2,2,134.7,0,0,0,1,1,0,22,0,1,5,10,4,11.75,0,0,5,10,3,11.0,0,7.6,2.6,0.32,Enrolled,Low,Management
STD264287,1,1,1,9085,1,1,134.0,1,37,19,9,9,136.8,1,0,0,1,1,0,20,0,0,5,8,5,12.8,0,0,5,9,4,13.666666666666666,1,10.8,1.4,1.74,Graduate,Low,Veterinary Nursing
STD264288,1,44,1,9085,1,39,160.0,1,1,1,4,4,160.0,0,0,0,1,1,0,21,0,1,5,15,3,12.333333333333334,2,0,5,7,5,11.4,0,9.4,-0.8,-3.12,Graduate,Medium,Veterinary Nursing
STD264289,1,44,1,9003,1,39,130.0,1,1,3,9,2,130.0,1,0,1,0,1,0,23,0,0,6,12,2,11.333333333333334,0,0,6,8,2,13.0,0,13.9,-0.3,0.79,Dropout,High,Agronomy
STD264290,1,1,1,9238,1,1,141.0,1,19,1,7,3,128.8,1,0,0,1,1,0,18,0,0,6,10,5,11.6,0,0,6,6,6,11.166666666666666,0,10.8,1.4,1.74,Graduate,Low,Social Service
STD264291,1,1,1,171,1,1,147.0,1,1,12,4,4,148.4,1,0,0,1,1,1,20,0,8,14,15,12,10.923076923076923,0,7,13,14,11,12.181818181818182,0,11.1,0.6,2.02,Graduate,Low,Animation and Multimedia Design
STD264292,1,1,1,171,1,1,137.0,1,1,38,4,5,130.4,1,0,0,1,1,0,19,0,0,0,0,0,0.0,0,0,0,0,0,0.0,0,15.5,2.8,-4.06,Graduate,High,Animation and Multimedia Design
STD264293,2,39,1,9500,1,3,130.0,1,1,1,4,6,126.0,0,0,0,1,1,0,32,0,0,7,7,7,13.62857142857143,0,0,8,8,8,13.9125,0,13.9,-0.3,0.79,Graduate,Low,Nursing
STD264294,1,1,6,9254,1,1,119.0,1,19,19,9,9,118.7,1,0,0,1,1,0,20,0,0,6,16,3,10.333333333333334,0,0,6,16,1,11.0,0,10.8,1.4,1.74,Dropout,Medium,Tourism
STD264295,1,39,1,9003,1,1,130.0,1,38,37,7,7,120.0,0,0,0,1,1,0,32,0,12,18,25,18,13.736842105263158,0,10,13,15,12,13.75,1,15.5,2.8,-4.06,Graduate,Low,Agronomy
STD264296,1,39,1,9003,1,1,130.0,1,38,19,9,6,120.0,1,0,0,1,1,0,28,0,7,13,19,8,11.625,0,5,10,17,6,11.0,0,15.5,2.8,-4.06,Enrolled,Medium,Agronomy
STD264297,1,44,1,9070,1,39,120.0,1,1,38,5,5,116.3,1,1,0,1,1,1,21,0,2,7,7,4,11.5,0,5,9,10,7,12.142857142857142,0,12.4,0.5,1.79,Graduate,Medium,Communication Design
STD264298,1,1,1,9773,1,1,130.0,1,38,37,9,6,133.9,0,0,0,1,1,1,19,0,0,6,8,5,14.0,0,0,6,8,6,13.0,0,10.8,1.4,1.74,Graduate,Low,Journalism and Communication
STD264299,1,39,1,9991,0,39,150.0,1,19,19,9,9,150.3,0,0,0,1,1,0,24,0,0,5,7,3,11.333333333333334,0,0,5,6,0,0.0,0,10.8,1.4,1.74,Dropout,Medium,Management (evening attendance)
STD264300,1,17,1,9147,1,1,120.0,1,38,38,9,8,118.3,0,0,0,1,1,0,18,0,0,5,13,1,10.0,0,0,5,5,1,10.0,0,12.7,3.7,-1.7,Dropout,High,Management
STD264301,1,44,1,9003,1,39,130.0,1,1,37,6,6,130.0,1,0,0,1,1,0,20,0,0,6,14,5,11.714285714285714,0,0,6,15,5,12.0,0,16.2,0.3,-0.92,Graduate,Low,Agronomy
STD264302,1,43,1,171,1,39,140.0,1,38,37,9,7,140.0,0,0,0,0,1,0,25,0,0,0,0,0,0.0,0,0,0,0,0,0.0,0,15.5,2.8,-4.06,Dropout,High,Animation and Multimedia Design
STD264303,1,17,6,9147,1,1,130.0,1,37,37,9,9,110.4,1,0,0,1,1,0,25,0,13,15,15,13,10.76923076923077,0,11,14,15,12,11.833333333333334,0,7.6,2.6,0.32,Dropout,Low,Management
STD264304,1,17,4,9773,1,1,147.0,1,1,1,4,5,139.7,1,0,0,1,1,0,18,0,0,6,10,5,11.6,0,0,6,6,6,12.0,0,9.4,-0.8,-3.12,Dropout,Low,Journalism and Communication
STD264305,1,1,1,9147,1,1,148.0,1,19,1,7,5,138.3,1,0,0,1,1,0,19,0,0,5,6,4,13.75,0,0,5,5,0,0.0,0,12.4,0.5,1.79,Dropout,Low,Management
STD264306,1,1,5,9147,1,1,133.0,1,19,3,9,9,123.2,1,0,0,1,1,0,18,0,0,5,14,4,11.0,0,0,5,9,5,10.5,0,13.9,-0.3,0.79,Dropout,Low,Management
STD264307,1,42,1,9147,1,1,135.0,1,19,1,4,4,120.0,0,0,0,0,1,0,25,0,0,5,6,0,0.0,0,0,5,5,0,0.0,0,15.5,2.8,-4.06,Dropout,High,Management
STD264308,1,39,1,171,1,1,116.0,1,34,34,0,0,127.0,1,0,0,1,1,0,38,0,0,0,0,0,0.0,0,0,0,0,0,0.0,0,7.6,2.6,0.32,Dropout,High,Animation and Multimedia Design
STD264309,1,44,1,171,1,39,110.0,1,1,1,1,7,114.2,0,0,0,1,1,0,19,0,0,0,0,0,0.0,0,0,0,0,0,0.0,0,12.4,0.5,1.79,Dropout,High,Animation and Multimedia Design
STD264310,1,1,4,9773,1,1,133.0,1,1,19,9,9,119.7,1,0,0,1,1,0,19,0,0,6,7,6,12.333333333333334,0,0,6,10,5,13.2,0,16.2,0.3,-0.92,Graduate,Low,Journalism and Communication
STD264311,1,44,1,9085,1,39,150.0,1,38,37,9,4,150.0,1,0,0,1,1,1,22,0,0,6,9,6,13.428571428571429,0,1,6,12,6,13.625,0,12.4,0.5,1.79,Graduate,Low,Veterinary Nursing
STD264312,1,1,6,9119,1,1,135.0,1,2,1,3,5,123.5,1,0,0,1,1,0,18,0,0,5,10,0,0.0,0,0,5,10,1,10.0,3,7.6,2.6,0.32,Enrolled,High,Informatics Engineering
STD264313,1,7,1,9991,0,3,130.0,1,19,19,3,9,130.0,0,0,0,0,1,0,32,0,0,5,12,4,14.75,0,0,5,9,2,15.0,0,16.2,0.3,-0.92,Dropout,High,Management (evening attendance)
STD264314,1,43,1,9853,1,1,130.0,1,2,39,2,5,124.6,0,0,0,1,1,0,37,0,19,21,21,21,12.476190476190476,0,13,19,19,19,12.210526315789474,0,12.4,0.5,1.79,Graduate,Low,Basic Education
STD264315,1,17,1,9119,1,1,132.0,1,37,37,9,6,119.4,1,0,0,1,1,0,21,0,0,5,8,0,0.0,0,0,5,5,0,0.0,0,7.6,2.6,0.32,Dropout,High,Informatics Engineering
STD264316,1,1,1,9254,1,1,125.0,1,1,3,4,1,121.9,1,0,0,1,1,0,18,0,0,6,15,3,11.666666666666666,0,0,6,14,2,12.5,0,10.8,1.4,1.74,Dropout,Medium,Tourism
STD264317,1,1,3,9070,1,1,118.0,1,43,3,123,123,110.0,1,0,1,1,1,0,19,0,0,6,6,6,12.0,0,0,6,7,6,13.571428571428571,0,8.9,1.4,3.51,Graduate,Low,Communication Design
STD264318,1,17,1,9670,1,1,118.0,1,1,19,4,8,118.7,0,0,0,1,1,1,19,0,0,6,7,6,12.0,0,0,6,6,6,14.0,0,12.4,0.5,1.79,Graduate,Low,Advertising and Marketing Management
STD264319,1,1,1,171,1,1,161.0,41,1,1,9,7,163.1,1,0,0,0,0,0,19,1,6,12,12,12,15.25,0,4,11,12,11,15.0,0,8.9,1.4,3.51,Graduate,High,Animation and Multimedia Design
STD264320,1,17,1,9773,1,1,136.0,1,19,38,9,9,121.7,1,0,0,1,1,1,19,0,0,6,9,5,12.4,0,0,6,6,6,13.166666666666666,0,12.7,3.7,-1.7,Graduate,Low,Journalism and Communication
STD264321,1,15,1,9147,1,1,135.0,26,1,1,9,7,135.0,0,0,1,1,1,0,21,1,0,5,9,3,12.333333333333334,0,0,5,8,4,11.25,0,8.9,1.4,3.51,Enrolled,Medium,Management
STD264322,4,39,1,9991,0,1,147.0,1,19,19,7,8,147.9,0,0,0,1,0,0,28,0,0,5,8,4,11.5,0,0,5,7,4,12.0,0,10.8,1.4,1.74,Enrolled,Low,Management (evening attendance)
STD264323,1,1,1,9773,1,1,124.0,17,1,1,3,5,118.1,1,0,1,0,0,0,19,1,0,6,8,5,12.2,0,0,6,6,4,11.75,0,16.2,0.3,-0.92,Dropout,High,Journalism and Communication
STD264324,1,39,1,9991,0,19,133.1,1,37,37,9,6,105.3,0,0,1,1,0,0,28,0,0,5,14,2,10.5,0,0,5,6,0,0.0,0,12.4,0.5,1.79,Dropout,High,Management (evening attendance)
STD264325,1,1,1,9500,1,1,141.0,1,19,19,7,9,139.8,0,0,0,1,0,1,19,0,0,8,8,7,14.4,0,0,8,8,7,14.4,0,12.7,3.7,-1.7,Graduate,Low,Nursing
STD264326,2,7,1,8014,0,3,130.0,1,19,38,3,7,130.0,0,0,0,1,0,0,32,0,8,14,18,13,12.846153846153848,0,7,11,19,10,12.8,0,10.8,1.4,1.74,Graduate,Low,Social Service (evening attendance)
STD264327,1,39,1,8014,0,39,110.0,1,19,37,9,8,127.5,0,0,1,0,0,0,26,0,0,6,13,4,12.0,0,0,6,7,5,13.2,0,16.2,0.3,-0.92,Dropout,High,Social Service (evening attendance)
STD264328,2,39,1,9147,1,12,133.1,1,37,37,9,9,120.0,0,0,0,1,0,0,25,0,0,5,0,0,0.0,0,0,5,0,0,0.0,0,9.4,-0.8,-3.12,Dropout,High,Management
STD264329,2,43,2,9853,1,1,130.0,1,38,31,4,1,124.2,0,0,0,1,0,0,31,0,3,7,8,6,13.666666666666666,0,1,6,8,5,13.5,0,9.4,-0.8,-3.12,Dropout,Low,Basic Education
STD264330,1,17,1,9238,1,1,120.0,1,37,1,9,5,113.4,1,0,0,1,0,1,20,0,0,6,10,5,11.857142857142858,0,0,6,8,6,11.666666666666666,0,12.7,3.7,-1.7,Graduate,Low,Social Service
STD264331,1,1,4,9238,1,1,133.1,1,1,37,8,9,118.0,1,0,0,1,0,0,19,0,0,6,0,0,0.0,0,0,6,0,0,0.0,0,12.7,3.7,-1.7,Dropout,High,Social Service
STD264332,1,17,1,171,1,1,145.0,1,37,19,5,9,130.0,1,0,0,1,0,0,23,0,0,0,0,0,0.0,0,0,0,0,0,0.0,0,11.1,0.6,2.02,Dropout,High,Animation and Multimedia Design
STD264333,1,1,1,9238,1,1,131.0,1,37,1,9,9,135.9,1,0,0,1,0,0,18,0,0,6,8,5,13.2,0,0,6,6,6,11.333333333333334,0,9.4,-0.8,-3.12,Graduate,Low,Social Service
STD264334,1,1,2,9238,1,1,147.0,1,19,38,9,8,135.8,1,0,0,1,0,1,19,0,0,6,8,6,12.714285714285714,0,0,6,12,5,11.0,0,13.9,-0.3,0.79,Dropout,Low,Social Service
STD264335,1,1,1,9254,1,1,138.0,1,38,19,9,10,133.1,0,0,0,1,0,0,18,0,0,6,6,6,12.5,0,0,6,6,6,12.666666666666666,0,15.5,2.8,-4.06,Graduate,Low,Tourism
STD264336,1,1,1,9147,1,1,123.0,1,1,1,4,6,118.8,1,0,0,1,0,0,21,0,0,5,9,3,10.666666666666666,0,0,5,13,2,12.5,0,7.6,2.6,0.32,Enrolled,Medium,Management
STD264337,1,1,2,9773,1,1,129.0,1,37,37,9,7,117.1,1,0,0,1,0,0,20,0,0,6,12,1,17.0,0,0,6,12,1,17.0,0,9.4,-0.8,-3.12,Enrolled,High,Journalism and Communication
STD264338,1,1,1,9085,1,1,125.0,1,1,19,4,9,114.5,1,0,0,1,0,0,24,0,0,5,6,5,13.0,1,0,5,9,4,13.25,0,12.7,3.7,-1.7,Graduate,Low,Veterinary Nursing
STD264339,1,1,1,9670,1,1,131.0,1,37,37,9,6,127.2,0,0,0,1,0,1,18,0,0,5,7,3,12.666666666666666,0,0,5,5,4,12.5,0,9.4,-0.8,-3.12,Enrolled,Medium,Advertising and Marketing Management
STD264340,1,42,1,9500,1,1,100.0,1,3,37,2,6,130.0,1,0,0,1,0,0,25,0,0,14,14,12,13.291666666666666,1,0,14,14,12,13.291666666666666,1,7.6,2.6,0.32,Graduate,Low,Nursing
STD264341,1,17,1,9085,1,1,120.0,1,2,3,2,2,116.1,0,0,0,1,0,0,20,0,0,5,12,3,11.666666666666666,2,0,5,11,4,11.5,1,9.4,-0.8,-3.12,Graduate,Medium,Veterinary Nursing
STD264342,1,17,2,9500,1,1,145.0,1,19,37,5,9,130.5,1,0,0,1,0,0,18,0,0,8,8,7,14.24,0,0,8,8,7,14.24,0,10.8,1.4,1.74,Graduate,Low,Nursing
STD264343,1,39,1,9670,1,1,120.0,1,34,34,0,0,104.0,1,0,0,1,0,0,24,0,0,5,10,3,13.0,0,0,5,11,3,11.333333333333334,0,7.6,2.6,0.32,Dropout,Medium,Advertising and Marketing Management
STD264344,1,17,2,9500,1,1,140.0,1,1,1,5,10,128.5,1,0,0,1,0,0,18,0,0,7,9,5,14.06,0,0,7,9,6,12.571428571428571,0,12.4,0.5,1.79,Enrolled,Medium,Nursing
STD264345,1,17,5,9238,1,1,134.0,1,38,37,9,9,126.0,0,0,1,0,0,0,21,0,0,6,10,5,11.833333333333334,0,0,6,10,5,13.2,0,13.9,-0.3,0.79,Dropout,High,Social Service
STD264346,1,1,1,9773,1,1,140.0,1,1,19,5,10,141.1,1,0,0,1,0,0,18,0,0,6,6,6,12.833333333333334,0,0,6,6,6,13.333333333333334,0,9.4,-0.8,-3.12,Graduate,Low,Journalism and Communication
STD264347,1,17,2,9254,1,1,107.0,1,12,19,5,5,102.8,1,0,0,1,0,0,20,0,0,6,16,1,10.0,0,0,6,12,0,0.0,0,10.8,1.4,1.74,Dropout,High,Tourism
STD264348,1,17,5,9147,1,1,133.0,1,1,1,4,4,129.2,1,0,0,1,0,0,19,0,0,5,9,2,11.0,0,0,5,12,2,10.0,0,7.6,2.6,0.32,Dropout,High,Management
STD264349,1,1,1,9500,1,1,127.0,1,3,1,2,9,119.3,1,0,0,1,0,0,20,0,0,7,7,7,14.105714285714289,0,0,8,8,8,13.6625,0,11.1,0.6,2.02,Graduate,Low,Nursing
STD264350,1,1,5,9500,1,1,141.0,1,38,19,9,6,126.3,1,0,0,1,0,0,20,0,0,8,12,7,12.471428571428572,0,0,8,12,7,12.471428571428572,0,12.7,3.7,-1.7,Graduate,Low,Nursing
STD264351,1,44,1,9085,1,39,140.0,1,3,1,4,3,140.0,1,0,0,1,0,1,20,0,2,6,11,6,11.833333333333334,0,1,6,17,5,11.857142857142858,0,12.4,0.5,1.79,Graduate,Low,Veterinary Nursing
STD264352,1,1,3,9070,1,1,150.0,1,1,1,4,8,131.5,1,0,0,1,0,0,20,0,0,6,6,6,12.5,0,0,6,6,6,12.833333333333334,0,7.6,2.6,0.32,Graduate,Low,Communication Design
STD264353,1,1,6,9853,1,1,140.0,1,38,38,9,7,137.6,1,0,0,1,0,0,18,0,0,6,7,6,11.666666666666666,0,0,6,7,6,12.333333333333334,0,10.8,1.4,1.74,Dropout,Low,Basic Education
STD264354,1,1,1,171,1,1,141.0,1,3,1,4,4,142.8,1,0,0,1,0,0,18,0,0,0,0,0,0.0,0,0,0,0,0,0.0,0,12.4,0.5,1.79,Graduate,High,Animation and Multimedia Design
STD264355,4,39,1,9991,0,1,150.0,1,37,38,9,9,146.2,0,0,0,1,0,0,30,0,0,5,11,3,10.333333333333334,0,0,5,10,4,12.8,0,12.4,0.5,1.79,Enrolled,Medium,Management (evening attendance)
STD264356,1,1,2,9085,1,1,160.0,1,4,19,2,5,162.1,1,0,0,1,0,0,18,0,0,5,8,5,16.166666666666668,2,0,5,9,5,14.285714285714286,1,9.4,-0.8,-3.12,Graduate,Low,Veterinary Nursing
STD264357,1,39,1,9085,1,19,133.1,1,37,37,4,8,140.0,0,0,0,1,0,0,35,0,0,6,11,3,12.666666666666666,0,0,6,7,0,0.0,0,11.1,0.6,2.02,Dropout,Medium,Veterinary Nursing
STD264358,1,39,1,8014,0,1,133.1,1,19,37,7,8,120.0,0,0,1,0,0,0,31,0,0,6,14,2,10.5,0,0,6,6,3,12.333333333333334,0,11.1,0.6,2.02,Dropout,High,Social Service (evening attendance)
STD264359,1,43,1,9254,1,1,134.0,1,37,37,9,9,133.3,1,0,1,1,0,0,19,0,0,6,13,2,11.5,0,0,6,13,1,11.0,0,7.6,2.6,0.32,Dropout,High,Tourism
STD264360,1,1,4,9238,1,1,130.0,1,1,19,4,5,124.8,1,0,0,1,0,0,19,0,0,6,6,6,13.0,0,0,6,8,5,13.4,0,8.9,1.4,3.51,Graduate,Low,Social Service
STD264361,1,17,4,9500,1,1,140.0,1,19,37,4,8,133.3,1,0,0,1,0,0,19,0,0,7,7,6,11.966666666666669,0,0,7,7,6,11.966666666666669,0,7.6,2.6,0.32,Graduate,Low,Nursing
STD264362,1,17,1,9500,1,1,145.0,1,3,3,2,3,141.8,0,0,0,1,0,0,19,0,0,8,8,8,13.3475,0,0,8,8,8,13.3475,0,9.4,-0.8,-3.12,Graduate,Low,Nursing
STD264363,1,1,3,9085,1,1,133.0,1,1,38,9,90,128.2,0,0,0,1,0,0,21,0,0,5,7,5,12.0,0,0,5,7,4,12.5,0,7.6,2.6,0.32,Graduate,Low,Veterinary Nursing
STD264364,1,17,3,9853,1,1,133.1,1,34,34,0,0,115.0,0,0,0,1,0,0,18,0,0,6,10,2,10.5,0,0,6,13,0,0.0,0,7.6,2.6,0.32,Dropout,High,Basic Education
STD264365,1,17,1,9238,1,1,132.0,1,37,37,9,9,123.6,1,0,0,1,0,0,18,0,0,6,9,4,11.5,0,0,6,10,4,10.75,0,7.6,2.6,0.32,Enrolled,Medium,Social Service
STD264366,1,1,2,171,1,1,117.0,1,38,38,4,9,120.2,1,0,0,1,1,0,19,0,0,0,0,0,0.0,0,0,0,0,0,0.0,0,7.6,2.6,0.32,Graduate,High,Animation and Multimedia Design
STD264367,1,1,1,9670,1,1,127.0,1,3,19,3,9,127.0,1,0,0,1,1,0,18,0,0,6,9,6,13.571428571428571,0,0,6,11,4,14.0,0,12.4,0.5,1.79,Graduate,Low,Advertising and Marketing Management
STD264368,1,17,1,9085,1,1,134.0,1,19,19,1,1,120.4,1,0,0,1,1,0,18,0,0,6,10,6,14.7,0,0,6,10,6,12.0,0,16.2,0.3,-0.92,Graduate,Low,Veterinary Nursing
STD264369,1,39,1,9991,0,1,120.0,1,37,37,9,9,120.0,1,0,0,0,1,0,25,0,0,5,5,0,0.0,0,0,5,5,0,0.0,0,9.4,-0.8,-3.12,Dropout,High,Management (evening attendance)
STD264370,1,1,1,9500,1,1,136.0,1,2,2,3,3,120.0,1,0,0,1,1,0,18,0,0,7,8,6,11.833333333333334,0,0,7,8,6,11.833333333333334,0,7.6,2.6,0.32,Enrolled,Low,Nursing
STD264371,1,1,3,171,1,1,137.0,1,1,3,5,2,133.9,1,0,0,1,1,0,19,0,0,0,0,0,0.0,0,0,0,0,0,0.0,0,12.7,3.7,-1.7,Graduate,High,Animation and Multimedia Design
STD264372,1,1,6,9500,1,1,118.0,1,38,19,3,3,113.5,1,0,0,1,1,0,18,0,0,7,7,7,13.175714285714289,0,0,8,8,8,14.925,0,12.4,0.5,1.79,Graduate,Low,Nursing
STD264373,1,39,1,9003,1,1,130.0,1,12,12,9,9,126.1,0,0,0,1,1,0,24,0,0,6,7,0,0.0,0,0,6,10,0,0.0,0,12.4,0.5,1.79,Dropout,High,Agronomy
STD264374,1,1,1,9238,1,1,124.0,1,37,37,7,9,121.2,0,0,0,1,0,0,19,0,0,6,12,2,13.0,0,0,6,9,6,10.833333333333334,0,7.6,2.6,0.32,Enrolled,High,Social Service
STD264375,5,7,1,9500,1,40,150.0,1,37,37,4,9,150.0,0,0,0,1,0,0,29,0,1,8,11,7,13.742857142857144,0,1,8,11,7,13.742857142857144,0,12.7,3.7,-1.7,Graduate,Low,Nursing
STD264376,1,43,1,9991,0,1,161.0,1,37,37,9,9,100.0,1,0,0,1,0,0,27,0,0,5,5,0,0.0,0,0,5,5,0,0.0,0,7.6,2.6,0.32,Dropout,High,Management (evening attendance)
STD264377,1,17,6,9500,1,1,143.0,1,38,1,9,10,127.3,1,0,0,1,0,0,18,0,0,7,8,7,12.217142857142855,0,0,8,11,7,12.11875,0,11.1,0.6,2.02,Graduate,Low,Nursing
STD264378,2,43,1,9991,0,1,130.0,1,37,37,9,9,103.8,0,0,0,1,0,0,28,0,14,15,15,14,11.071428571428571,0,12,14,16,12,11.333333333333334,1,9.4,-0.8,-3.12,Dropout,Low,Management (evening attendance)
STD264379,2,39,1,9853,1,19,133.1,1,37,37,9,9,131.0,0,0,0,1,0,1,32,0,0,7,10,7,13.428571428571429,0,2,8,8,8,13.25,0,13.9,-0.3,0.79,Graduate,Low,Basic Education
STD264380,1,39,1,9991,0,1,110.0,1,37,37,7,7,133.9,0,0,0,1,0,0,30,0,0,5,7,5,11.4,0,0,5,6,5,13.666666666666666,0,10.8,1.4,1.74,Dropout,Low,Management (evening attendance)
STD264381,1,7,1,9500,1,2,140.0,1,38,37,7,8,140.0,0,0,0,1,0,0,29,0,0,8,14,4,11.325,1,0,8,14,4,11.325,1,12.7,3.7,-1.7,Dropout,Medium,Nursing
STD264382,1,1,2,9238,1,1,145.0,1,1,19,4,8,121.4,0,0,0,1,0,0,20,0,0,6,13,0,0.0,0,0,5,11,0,0.0,0,9.4,-0.8,-3.12,Enrolled,High,Social Service
STD264383,1,1,1,9500,1,1,131.0,1,1,1,9,9,122.0,0,0,0,1,0,0,19,0,0,8,8,7,15.0,0,0,8,8,7,15.0,0,12.7,3.7,-1.7,Graduate,Low,Nursing
STD264384,1,39,2,8014,0,1,141.0,1,37,37,9,9,150.5,0,0,0,1,0,0,29,0,0,6,7,6,13.166666666666666,0,0,6,8,6,15.625,0,12.4,0.5,1.79,Graduate,Low,Social Service (evening attendance)
STD264385,2,1,1,9238,1,1,145.0,1,37,34,9,7,139.4,0,0,0,0,0,0,27,0,0,6,12,2,11.0,0,0,6,14,4,10.5,0,9.4,-0.8,-3.12,Dropout,High,Social Service
STD264386,1,1,1,9238,1,1,122.0,1,19,19,193,194,112.6,0,0,0,1,0,0,19,0,0,6,0,0,0.0,0,0,6,0,0,0.0,0,12.4,0.5,1.79,Dropout,High,Social Service
STD264387,1,17,1,9670,1,1,118.0,1,37,38,8,7,115.2,1,0,0,1,0,1,21,0,0,5,7,3,12.333333333333334,0,0,5,5,2,12.5,0,7.6,2.6,0.32,Dropout,Medium,Advertising and Marketing Management
STD264388,2,1,1,9991,0,1,150.0,1,37,37,9,9,131.8,0,0,0,0,0,0,29,0,0,5,6,4,12.25,0,0,5,6,5,10.166666666666666,0,10.8,1.4,1.74,Dropout,High,Management (evening attendance)
STD264389,2,43,1,9147,1,2,120.0,1,37,37,9,9,122.8,0,0,1,0,0,0,42,0,13,13,13,13,11.923076923076923,0,12,12,12,12,12.5,0,15.5,2.8,-4.06,Dropout,High,Management
STD264390,1,1,1,9238,1,1,167.0,1,19,19,9,7,156.2,0,0,0,1,0,1,18,0,0,6,6,6,14.333333333333334,0,0,6,7,6,14.142857142857142,0,15.5,2.8,-4.06,Graduate,Low,Social Service
STD264391,1,39,1,9085,1,1,150.0,1,38,38,9,9,132.0,1,0,0,1,0,0,24,0,0,5,6,5,12.0,0,0,5,5,5,13.0,0,10.8,1.4,1.74,Graduate,Low,Veterinary Nursing
STD264392,2,7,1,9500,1,3,130.0,1,37,37,9,5,130.0,0,0,0,1,0,0,32,0,0,7,9,7,13.761111111111113,0,1,8,11,7,12.06375,0,15.5,2.8,-4.06,Enrolled,Low,Nursing
STD264393,1,1,1,9147,1,1,151.0,1,37,1,4,10,138.4,0,0,0,1,0,0,18,0,0,5,6,4,11.25,0,0,5,8,5,11.0,0,10.8,1.4,1.74,Enrolled,Low,Management
STD264394,1,39,1,9991,0,1,120.0,1,38,38,5,7,146.2,0,0,0,1,0,0,27,0,0,5,10,3,12.333333333333334,0,0,5,10,3,10.666666666666666,0,11.1,0.6,2.02,Graduate,Medium,Management (evening attendance)
STD264395,1,1,4,9500,1,1,168.0,1,38,1,9,10,166.0,1,0,0,1,0,0,18,0,0,8,8,8,14.88875,0,0,8,8,8,14.88875,0,9.4,-0.8,-3.12,Graduate,Low,Nursing
STD264396,1,17,3,9773,1,1,153.0,1,34,34,99,99,133.1,1,0,1,1,0,1,19,0,0,6,8,6,12.166666666666666,0,0,6,8,5,12.4,0,9.4,-0.8,-3.12,Dropout,Low,Journalism and Communication
STD264397,1,1,2,9773,1,1,131.0,1,19,37,9,10,121.9,1,0,0,1,0,1,18,0,0,6,7,6,12.666666666666666,0,0,6,6,6,13.333333333333334,0,11.1,0.6,2.02,Graduate,Low,Journalism and Communication
STD264398,1,5,4,9853,1,1,116.0,1,3,38,3,8,110.4,1,0,0,1,0,0,21,0,0,6,9,5,12.6,0,0,6,9,3,11.666666666666666,0,9.4,-0.8,-3.12,Enrolled,Low,Basic Education
STD264399,1,39,1,9147,1,1,160.0,1,38,38,7,9,121.4,0,1,0,1,0,1,26,0,0,5,8,4,13.0,0,0,5,10,4,12.25,2,16.2,0.3,-0.92,Graduate,Low,Management
STD264400,1,1,1,9254,1,1,152.0,1,37,19,9,9,137.0,1,0,0,1,0,1,22,0,0,6,9,6,13.875,0,0,6,6,6,14.333333333333334,0,9.4,-0.8,-3.12,Graduate,Low,Tourism
STD264401,2,39,1,9991,0,1,133.1,1,37,37,6,3,140.0,0,0,1,1,1,0,37,0,0,5,10,4,10.75,0,0,5,12,3,13.333333333333334,0,9.4,-0.8,-3.12,Dropout,Low,Management (evening attendance)
STD264402,1,7,1,9085,1,3,150.0,1,19,37,90,90,140.0,0,0,0,1,1,0,24,0,3,5,10,3,14.666666666666666,1,0,5,5,0,0.0,0,7.6,2.6,0.32,Dropout,Medium,Veterinary Nursing
STD264403,1,18,2,9853,1,1,168.0,1,1,19,3,9,126.8,1,0,0,1,1,0,18,0,0,6,7,5,12.6,0,0,6,6,6,13.0,0,10.8,1.4,1.74,Enrolled,Low,Basic Education
STD264404,1,17,3,9500,1,1,137.0,1,1,1,4,10,124.8,1,0,0,1,1,1,19,0,0,7,11,6,12.4125,0,0,8,12,7,11.2625,0,15.5,2.8,-4.06,Graduate,Low,Nursing
STD264405,2,39,1,9130,1,19,133.1,1,2,1,8,8,120.0,1,0,1,0,1,0,28,0,0,6,12,1,11.0,0,0,6,9,2,10.5,0,16.2,0.3,-0.92,Dropout,High,Equinculture
STD264406,1,1,4,9500,1,1,160.0,1,37,37,7,7,133.0,1,0,0,1,1,1,18,0,0,8,8,7,14.314285714285717,0,0,8,8,7,14.314285714285717,0,12.7,3.7,-1.7,Graduate,Low,Nursing
STD264407,1,1,1,9070,1,1,145.0,1,1,38,5,7,127.5,1,0,0,1,1,0,20,0,0,6,6,4,12.0,0,0,6,8,2,11.333333333333334,0,10.8,1.4,1.74,Enrolled,Medium,Communication Design
STD264408,1,1,1,9773,1,1,138.0,1,1,19,4,4,131.7,1,0,0,1,1,0,18,0,0,6,6,6,12.833333333333334,0,0,6,7,6,13.285714285714286,0,15.5,2.8,-4.06,Graduate,Low,Journalism and Communication
STD264409,2,39,1,9773,1,1,100.0,1,37,37,9,9,133.0,0,0,0,1,1,0,47,0,0,6,8,5,11.4,0,0,6,10,6,11.666666666666666,0,12.7,3.7,-1.7,Dropout,Low,Journalism and Communication
STD264410,2,43,1,9991,0,1,140.0,1,37,37,4,1,122.7,0,0,0,1,1,0,38,0,0,5,5,5,14.6,0,0,5,6,5,14.333333333333334,0,13.9,-0.3,0.79,Graduate,Low,Management (evening attendance)
STD264411,1,1,1,9070,1,1,124.0,1,37,19,9,4,121.2,0,0,0,1,1,1,20,0,1,6,7,6,13.5,0,1,6,9,5,12.5,0,10.8,1.4,1.74,Graduate,Low,Communication Design
STD264412,1,44,1,9130,1,39,150.0,1,37,37,9,3,150.0,1,0,0,1,1,0,21,0,1,6,8,6,12.5,0,0,6,11,3,13.333333333333334,0,13.9,-0.3,0.79,Dropout,Low,Equinculture
STD264413,1,43,1,9070,1,1,125.0,1,19,19,7,8,133.4,1,0,0,1,1,1,19,0,4,6,6,4,13.0,0,2,6,7,5,12.2,0,13.9,-0.3,0.79,Enrolled,Medium,Communication Design
STD264414,1,43,1,33,1,1,143.0,1,37,1,9,10,121.2,1,0,0,1,1,0,25,0,5,10,13,5,11.6,0,2,8,10,2,13.0,0,12.4,0.5,1.79,Enrolled,Medium,Biofuel Production Technologies
STD264415,1,1,1,9130,1,1,137.0,1,3,38,3,5,129.3,1,0,0,1,0,0,18,0,0,5,6,5,11.8,1,0,5,8,5,11.6,0,9.4,-0.8,-3.12,Graduate,Low,Equinculture
STD264416,4,39,1,9500,1,19,133.1,1,37,37,6,6,117.8,0,0,1,0,0,0,46,0,0,7,14,3,12.333333333333334,0,0,7,12,3,11.083333333333334,0,11.1,0.6,2.02,Dropout,High,Nursing
STD264417,1,43,2,9500,1,1,136.0,1,38,38,9,5,131.3,0,0,0,1,0,0,23,0,11,14,15,12,12.625,1,11,14,15,12,12.625,1,7.6,2.6,0.32,Graduate,Low,Nursing
STD264418,1,1,1,9070,1,1,132.0,1,1,1,9,9,133.8,1,0,0,1,0,1,20,0,0,6,6,6,13.833333333333334,0,0,6,6,6,13.5,0,16.2,0.3,-0.92,Graduate,Low,Communication Design
STD264419,1,44,1,9070,1,39,120.0,1,3,38,3,9,120.0,0,0,0,1,1,0,20,0,2,7,7,6,12.5,0,5,9,10,7,13.142857142857142,1,16.2,0.3,-0.92,Graduate,Low,Communication Design
STD264420,1,1,6,9773,1,1,125.0,1,1,1,5,4,122.2,0,0,0,1,1,0,19,0,0,6,7,5,13.6,0,0,6,8,5,12.666666666666666,0,15.5,2.8,-4.06,Graduate,Low,Journalism and Communication
STD264421,1,1,2,9773,1,1,120.0,105,1,1,9,9,119.0,1,0,1,0,0,0,18,1,0,6,6,6,12.0,0,0,6,6,2,11.0,0,11.1,0.6,2.02,Dropout,High,Journalism and Communication
STD264422,1,1,1,9500,1,1,154.0,1,37,37,9,9,149.5,1,0,0,1,0,1,30,0,0,7,8,7,14.9125,0,0,8,9,1,13.5,0,13.9,-0.3,0.79,Dropout,Low,Nursing
STD264423,1,1,1,9147,1,1,180.0,1,37,37,7,4,153.8,1,0,0,1,0,1,20,0,0,5,5,5,13.8,0,0,5,6,5,12.0,0,9.4,-0.8,-3.12,Graduate,Low,Management
STD264424,1,10,1,9773,1,1,152.0,22,38,37,5,9,152.0,1,0,0,1,0,0,22,1,0,6,8,6,11.666666666666666,0,0,6,6,6,13.0,0,12.7,3.7,-1.7,Graduate,Low,Journalism and Communication
